"BOOKING_ID","BOOKING_DATE","BOOKING_YEAR","BOOKING_MONTH","BOOKING_WEEK","BOOKING_AMOUNT","NIGHTS_BOOKED","BOOKING_PRICE_PER_NIGHT","CLEANING_FEE","SERVICE_FEE","TOTAL_FEES","TOTAL_BOOKING_VALUE","NET_REVENUE","BOOKING_STATUS","CREATED_AT","ETL_LOADED_AT","LISTING_ID","HOST_ID","PROPERTY_TYPE","ROOM_TYPE","CITY","COUNTRY","ACCOMMODATES","BEDROOMS","BATHROOMS","PRICE_PER_NIGHT","PRICE_PER_NIGHT_TAG","LISTING_CREATED_AT","HOST_NAME","HOST_SINCE","IS_SUPERHOST","HOST_RESPONSE_SEGMENT","HOST_CREATED_AT"
"BK2018000138","2018-12-01 02:45:19.000",2018,12,48,330,2,165.00,62,46,108,438,222,"CONFIRMED","2018-12-02 02:09:52.000","2026-08-06T10:58:24",500199,10089,"APARTMENT","Entire home/apt","paris","france",5,3,2,165,"MID_RANGE","2018-08-02 09:28:05.000","LAURA DURAND","2018-02-20","FALSE","ELITE","2018-03-02 05:03:16.000"
"BK2018000547","2018-11-24 23:44:51.000",2018,11,47,320,4,80.00,19,45,64,384,256,"CANCELLED","2018-11-25 19:13:01.000","2026-08-06T10:58:24",500098,10041,"APARTMENT","Hotel room","lille","france",4,2,1,80,"MID_RANGE","2018-10-26 01:17:07.000","EVA GARNIER","2018-01-15","TRUE","GOOD","2018-02-04 08:10:47.000"
"BK2018000677","2018-10-13 01:27:53.000",2018,10,41,190,1,190.00,61,27,88,278,102,"CANCELLED","2018-10-13 17:04:53.000","2026-08-06T10:58:24",500172,10022,"APARTMENT","Hotel room","nice","france",7,3,3,190,"MID_RANGE","2018-07-19 20:10:57.000","EMMA GIRARD","2018-01-30","TRUE","ELITE","2018-01-31 07:04:57.000"
"BK2019000119","2019-11-21 10:53:58.000",2019,11,47,2156,14,154.00,31,302,333,2489,1823,"CONFIRMED","2019-11-22 04:26:33.000","2026-08-06T10:58:24",500266,10100,"HOUSE","Entire home/apt","montpellier","france",8,3,2,154,"MID_RANGE","2018-05-17 01:53:39.000","ENZO DUBOIS","2018-04-16","TRUE","ELITE","2018-05-12 18:37:01.000"
"BK2019000205","2019-04-10 12:05:19.000",2019,4,15,476,7,68.00,24,67,91,567,385,"CONFIRMED","2019-04-11 00:21:01.000","2026-08-06T10:58:24",500176,10041,"APARTMENT","Private room","paris","france",2,1,1,68,"BUDGET","2018-04-30 07:26:20.000","EVA GARNIER","2018-01-15","TRUE","GOOD","2018-02-04 08:10:47.000"
"BK2019000213","2019-10-30 14:26:28.000",2019,10,44,815,5,163.00,61,114,175,990,640,"CONFIRMED","2019-10-30 18:10:39.000","2026-08-06T10:58:24",500062,10095,"VILLA","Entire home/apt","montpellier","france",12,5,3,163,"MID_RANGE","2018-11-10 19:18:04.000","LEA BERTRAND","2018-05-14","TRUE","GOOD","2018-06-05 14:04:43.000"
"BK2019000226","2019-12-15 03:53:33.000",2019,12,50,685,5,137.00,37,96,133,818,552,"CANCELLED","2019-12-15 11:38:14.000","2026-08-06T10:58:24",500037,10049,"APARTMENT","Entire home/apt","montpellier","france",6,3,2,137,"MID_RANGE","2019-07-16 04:44:02.000","ROSE GARNIER","2019-04-18","FALSE","GOOD","2019-05-18 08:02:06.000"
"BK2019000250","2019-03-01 13:09:40.000",2019,3,9,570,3,190.00,31,80,111,681,459,"CONFIRMED","2019-03-02 08:12:03.000","2026-08-06T10:58:24",500172,10022,"APARTMENT","Hotel room","nice","france",7,3,3,190,"MID_RANGE","2018-07-19 20:10:57.000","EMMA GIRARD","2018-01-30","TRUE","ELITE","2018-01-31 07:04:57.000"
"BK2019000255","2019-11-11 15:12:56.000",2019,11,46,152,2,76.00,30,21,51,203,101,"CONFIRMED","2019-11-11 23:20:40.000","2026-08-06T10:58:24",500235,10041,"HOUSE","Private room","nantes","france",6,2,2,76,"MID_RANGE","2018-11-19 12:46:59.000","EVA GARNIER","2018-01-15","TRUE","GOOD","2018-02-04 08:10:47.000"
"BK2019000336","2019-11-05 13:17:07.000",2019,11,45,532,7,76.00,30,74,104,636,428,"CONFIRMED","2019-11-06 11:41:52.000","2026-08-06T10:58:24",500235,10041,"HOUSE","Private room","nantes","france",6,2,2,76,"MID_RANGE","2018-11-19 12:46:59.000","EVA GARNIER","2018-01-15","TRUE","GOOD","2018-02-04 08:10:47.000"
"BK2019000366","2019-07-14 19:39:45.000",2019,7,28,496,4,124.00,27,69,96,592,400,"CONFIRMED","2019-07-14 23:11:24.000","2026-08-06T10:58:24",500271,10095,"LOFT","Entire home/apt","paris","france",2,1,1,124,"MID_RANGE","2019-04-28 06:03:25.000","LEA BERTRAND","2018-05-14","TRUE","GOOD","2018-06-05 14:04:43.000"
"BK2019000487","2019-07-24 03:46:50.000",2019,7,30,322,2,161.00,61,45,106,428,216,"CONFIRMED","2019-07-24 21:33:01.000","2026-08-06T10:58:24",500247,10090,"VILLA","Entire home/apt","bordeaux","france",9,4,2,161,"MID_RANGE","2019-05-03 15:18:56.000","THEO MOREAU","2018-09-25","TRUE","GOOD","2018-10-13 20:43:03.000"
"BK2019000574","2019-11-19 09:55:52.000",2019,11,47,340,2,170.00,30,48,78,418,262,"CONFIRMED","2019-11-19 20:01:37.000","2026-08-06T10:58:24",500139,10023,"APARTMENT","Entire home/apt","nice","france",5,2,2,170,"MID_RANGE","2019-04-21 13:40:00.000","SARAH LEGRAND","2018-10-18","TRUE","GOOD","2018-11-08 15:13:34.000"
"BK2019000581","2019-09-07 18:00:09.000",2019,9,36,294,3,98.00,17,41,58,352,236,"CONFIRMED","2019-09-07 22:15:58.000","2026-08-06T10:58:24",500071,10061,"APARTMENT","Private room","nice","france",5,2,1,98,"MID_RANGE","2019-07-20 22:53:45.000","SOFIA GARNIER","2019-07-01","FALSE","ELITE","2019-07-11 14:39:52.000"
"BK2019000687","2019-06-25 19:24:04.000",2019,6,26,327,3,109.00,24,46,70,397,257,"CANCELLED","2019-06-25 22:09:21.000","2026-08-06T10:58:24",500181,10087,"APARTMENT","Entire home/apt","nice","france",3,1,1,109,"MID_RANGE","2019-06-23 18:07:56.000","JADE LEROY","2019-02-16","FALSE","GOOD","2019-02-21 09:00:45.000"
"BK2019000732","2019-03-05 06:21:34.000",2019,3,10,476,4,119.00,44,67,111,587,365,"CONFIRMED","2019-03-05 09:56:58.000","2026-08-06T10:58:24",500111,10095,"LOFT","Entire home/apt","toulouse","france",6,3,3,119,"MID_RANGE","2018-11-12 19:34:41.000","LEA BERTRAND","2018-05-14","TRUE","GOOD","2018-06-05 14:04:43.000"
"BK2019000807","2019-06-28 09:58:49.000",2019,6,26,163,1,163.00,28,23,51,214,112,"CONFIRMED","2019-06-29 06:38:36.000","2026-08-06T10:58:24",500062,10095,"VILLA","Entire home/apt","montpellier","france",12,5,3,163,"MID_RANGE","2018-11-10 19:18:04.000","LEA BERTRAND","2018-05-14","TRUE","GOOD","2018-06-05 14:04:43.000"
"BK2019000897","2019-08-21 22:44:59.000",2019,8,34,240,3,80.00,21,34,55,295,185,"CANCELLED","2019-08-22 19:06:03.000","2026-08-06T10:58:24",500098,10041,"APARTMENT","Hotel room","lille","france",4,2,1,80,"MID_RANGE","2018-10-26 01:17:07.000","EVA GARNIER","2018-01-15","TRUE","GOOD","2018-02-04 08:10:47.000"
"BK2019000912","2019-10-28 07:41:51.000",2019,10,44,246,3,82.00,27,34,61,307,185,"CONFIRMED","2019-10-28 09:16:15.000","2026-08-06T10:58:24",500015,10098,"STUDIO","Entire home/apt","nice","france",2,0,1,82,"MID_RANGE","2019-07-14 21:39:55.000","JADE GAUTHIER","2019-05-25","TRUE","GOOD","2019-06-16 12:17:32.000"
"BK2020000027","2020-05-31 07:16:03.000",2020,5,22,565,5,113.00,19,79,98,663,467,"CONFIRMED","2020-06-01 06:10:07.000","2026-08-06T10:58:24",500200,10097,"HOUSE","Entire home/apt","lille","france",6,2,1,113,"MID_RANGE","2019-02-01 14:15:22.000","MARIE CHEVALIER","2018-10-20","TRUE","GOOD","2018-11-08 23:52:36.000"
"BK2020000030","2020-01-07 16:29:01.000",2020,1,2,134,2,67.00,11,19,30,164,104,"CONFIRMED","2020-01-08 10:04:06.000","2026-08-06T10:58:24",500192,10049,"HOUSE","Private room","marseille","france",5,2,2,67,"BUDGET","2019-11-22 22:33:26.000","ROSE GARNIER","2019-04-18","FALSE","GOOD","2019-05-18 08:02:06.000"
"BK2020000079","2020-10-09 10:33:57.000",2020,10,41,70,2,35.00,9,10,19,89,51,"CONFIRMED","2020-10-10 09:43:27.000","2026-08-06T10:58:24",500118,10061,"APARTMENT","Shared room","marseille","france",4,2,1,35,"BUDGET","2019-08-26 11:16:06.000","SOFIA GARNIER","2019-07-01","FALSE","ELITE","2019-07-11 14:39:52.000"
"BK2020000080","2020-10-14 03:40:16.000",2020,10,42,1120,14,80.00,29,157,186,1306,934,"CONFIRMED","2020-10-14 18:59:32.000","2026-08-06T10:58:24",500005,10090,"APARTMENT","Entire home/apt","marseille","france",3,1,1,80,"MID_RANGE","2018-10-21 14:09:08.000","THEO MOREAU","2018-09-25","TRUE","GOOD","2018-10-13 20:43:03.000"
"BK2020000085","2020-11-19 17:47:01.000",2020,11,47,204,3,68.00,15,29,44,248,160,"CONFIRMED","2020-11-20 08:36:56.000","2026-08-06T10:58:24",500176,10041,"APARTMENT","Private room","paris","france",2,1,1,68,"BUDGET","2018-04-30 07:26:20.000","EVA GARNIER","2018-01-15","TRUE","GOOD","2018-02-04 08:10:47.000"
"BK2020000161","2020-06-08 16:40:07.000",2020,6,24,87,1,87.00,23,12,35,122,52,"CONFIRMED","2020-06-09 03:13:33.000","2026-08-06T10:58:24",500195,10098,"APARTMENT","Private room","paris","france",3,2,1,87,"MID_RANGE","2019-09-05 02:46:32.000","JADE GAUTHIER","2019-05-25","TRUE","GOOD","2019-06-16 12:17:32.000"
"BK2020000181","2020-09-27 01:34:20.000",2020,9,39,266,7,38.00,6,37,43,309,223,"CANCELLED","2020-09-27 19:42:25.000","2026-08-06T10:58:24",500171,10089,"APARTMENT","Shared room","lyon","france",7,3,2,38,"BUDGET","2018-07-08 02:45:38.000","LAURA DURAND","2018-02-20","FALSE","ELITE","2018-03-02 05:03:16.000"
"BK2020000227","2020-01-24 11:50:49.000",2020,1,4,546,7,78.00,28,76,104,650,442,"CONFIRMED","2020-01-25 05:55:41.000","2026-08-06T10:58:24",500067,10037,"APARTMENT","Entire home/apt","nantes","france",1,1,1,78,"MID_RANGE","2019-11-27 06:10:46.000","ETHAN MARTIN","2019-10-09","TRUE","ELITE","2019-10-31 09:39:51.000"
"BK2020000243","2020-08-15 01:10:39.000",2020,8,33,140,4,35.00,14,20,34,174,106,"CONFIRMED","2020-08-15 09:11:25.000","2026-08-06T10:58:24",500118,10061,"APARTMENT","Shared room","marseille","france",4,2,1,35,"BUDGET","2019-08-26 11:16:06.000","SOFIA GARNIER","2019-07-01","FALSE","ELITE","2019-07-11 14:39:52.000"
"BK2020000278","2020-09-11 16:04:24.000",2020,9,37,796,4,199.00,73,111,184,980,612,"CONFIRMED","2020-09-12 00:48:08.000","2026-08-06T10:58:24",500094,10033,"CONDOMINIUM","Entire home/apt","paris","france",6,3,2,199,"MID_RANGE","2019-08-20 20:16:14.000","ZOE ROBIN","2019-05-07","FALSE","GOOD","2019-05-26 01:39:05.000"
"BK2020000282","2020-04-05 05:45:21.000",2020,4,14,408,6,68.00,12,57,69,477,339,"CONFIRMED","2020-04-06 03:59:40.000","2026-08-06T10:58:24",500176,10041,"APARTMENT","Private room","paris","france",2,1,1,68,"BUDGET","2018-04-30 07:26:20.000","EVA GARNIER","2018-01-15","TRUE","GOOD","2018-02-04 08:10:47.000"
"BK2020000322","2020-06-09 13:06:39.000",2020,6,24,49,1,49.00,16,7,23,72,26,"CONFIRMED","2020-06-10 12:05:29.000","2026-08-06T10:58:24",500158,10030,"APARTMENT","Private room","lille","france",6,3,3,49,"BUDGET","2020-03-14 16:09:01.000","JADE THOMAS","2019-09-27","TRUE","GOOD","2019-10-27 01:37:47.000"
"BK2020000350","2020-06-30 00:43:04.000",2020,6,27,168,2,84.00,29,24,53,221,115,"CONFIRMED","2020-06-30 04:02:35.000","2026-08-06T10:58:24",500205,10010,"CONDOMINIUM","Hotel room","marseille","france",3,2,2,84,"MID_RANGE","2019-06-30 23:48:51.000","CHLOE MICHEL","2018-08-18","TRUE","GOOD","2018-09-12 10:25:17.000"
"BK2020000376","2020-02-04 00:05:09.000",2020,2,6,570,3,190.00,48,80,128,698,442,"CONFIRMED","2020-02-04 15:26:27.000","2026-08-06T10:58:24",500172,10022,"APARTMENT","Hotel room","nice","france",7,3,3,190,"MID_RANGE","2018-07-19 20:10:57.000","EMMA GIRARD","2018-01-30","TRUE","ELITE","2018-01-31 07:04:57.000"
"BK2020000391","2020-08-24 04:16:54.000",2020,8,35,372,3,124.00,42,52,94,466,278,"CANCELLED","2020-08-24 07:55:48.000","2026-08-06T10:58:24",500271,10095,"LOFT","Entire home/apt","paris","france",2,1,1,124,"MID_RANGE","2019-04-28 06:03:25.000","LEA BERTRAND","2018-05-14","TRUE","GOOD","2018-06-05 14:04:43.000"
"BK2020000464","2020-01-19 20:25:35.000",2020,1,3,144,2,72.00,27,20,47,191,97,"CONFIRMED","2020-01-20 19:12:21.000","2026-08-06T10:58:24",500202,10076,"APARTMENT","Entire home/apt","toulouse","france",1,1,1,72,"BUDGET","2019-07-25 12:28:40.000","CLARA GARNIER","2019-02-22","FALSE","LOW","2019-03-19 18:50:02.000"
"BK2020000486","2020-03-26 02:44:20.000",2020,3,13,322,2,161.00,42,45,87,409,235,"CONFIRMED","2020-03-26 07:37:10.000","2026-08-06T10:58:24",500247,10090,"VILLA","Entire home/apt","bordeaux","france",9,4,2,161,"MID_RANGE","2019-05-03 15:18:56.000","THEO MOREAU","2018-09-25","TRUE","GOOD","2018-10-13 20:43:03.000"
"BK2020000497","2020-04-09 22:01:32.000",2020,4,15,49,1,49.00,8,7,15,64,34,"CONFIRMED","2020-04-10 18:20:18.000","2026-08-06T10:58:24",500158,10030,"APARTMENT","Private room","lille","france",6,3,3,49,"BUDGET","2020-03-14 16:09:01.000","JADE THOMAS","2019-09-27","TRUE","GOOD","2019-10-27 01:37:47.000"
"BK2020000518","2020-03-25 00:59:32.000",2020,3,13,228,6,38.00,13,32,45,273,183,"CONFIRMED","2020-03-25 06:54:03.000","2026-08-06T10:58:24",500171,10089,"APARTMENT","Shared room","lyon","france",7,3,2,38,"BUDGET","2018-07-08 02:45:38.000","LAURA DURAND","2018-02-20","FALSE","ELITE","2018-03-02 05:03:16.000"
"BK2020000538","2020-09-13 06:47:43.000",2020,9,37,680,4,170.00,28,95,123,803,557,"CONFIRMED","2020-09-13 17:37:00.000","2026-08-06T10:58:24",500139,10023,"APARTMENT","Entire home/apt","nice","france",5,2,2,170,"MID_RANGE","2019-04-21 13:40:00.000","SARAH LEGRAND","2018-10-18","TRUE","GOOD","2018-11-08 15:13:34.000"
"BK2020000557","2020-07-23 17:22:12.000",2020,7,30,113,1,113.00,21,16,37,150,76,"CONFIRMED","2020-07-23 19:06:05.000","2026-08-06T10:58:24",500200,10097,"HOUSE","Entire home/apt","lille","france",6,2,1,113,"MID_RANGE","2019-02-01 14:15:22.000","MARIE CHEVALIER","2018-10-20","TRUE","GOOD","2018-11-08 23:52:36.000"
"BK2020000567","2020-12-24 23:46:06.000",2020,12,52,160,2,80.00,31,22,53,213,107,"CONFIRMED","2020-12-25 23:16:54.000","2026-08-06T10:58:24",500098,10041,"APARTMENT","Hotel room","lille","france",4,2,1,80,"MID_RANGE","2018-10-26 01:17:07.000","EVA GARNIER","2018-01-15","TRUE","GOOD","2018-02-04 08:10:47.000"
"BK2020000579","2020-12-16 07:58:09.000",2020,12,51,1290,10,129.00,25,181,206,1496,1084,"CONFIRMED","2020-12-16 13:54:20.000","2026-08-06T10:58:24",500095,10022,"LOFT","Entire home/apt","nice","france",5,3,2,129,"MID_RANGE","2018-12-26 01:21:38.000","EMMA GIRARD","2018-01-30","TRUE","ELITE","2018-01-31 07:04:57.000"
"BK2020000583","2020-04-14 04:52:18.000",2020,4,16,582,6,97.00,36,81,117,699,465,"CONFIRMED","2020-04-14 15:22:27.000","2026-08-06T10:58:24",500174,10076,"APARTMENT","Hotel room","nice","france",3,2,2,97,"MID_RANGE","2019-05-01 22:43:48.000","CLARA GARNIER","2019-02-22","FALSE","LOW","2019-03-19 18:50:02.000"
"BK2020000625","2020-07-16 04:42:19.000",2020,7,29,152,2,76.00,30,21,51,203,101,"CONFIRMED","2020-07-16 19:36:13.000","2026-08-06T10:58:24",500235,10041,"HOUSE","Private room","nantes","france",6,2,2,76,"MID_RANGE","2018-11-19 12:46:59.000","EVA GARNIER","2018-01-15","TRUE","GOOD","2018-02-04 08:10:47.000"
"BK2020000656","2020-04-02 09:28:42.000",2020,4,14,489,3,163.00,40,68,108,597,381,"CONFIRMED","2020-04-02 10:10:32.000","2026-08-06T10:58:24",500062,10095,"VILLA","Entire home/apt","montpellier","france",12,5,3,163,"MID_RANGE","2018-11-10 19:18:04.000","LEA BERTRAND","2018-05-14","TRUE","GOOD","2018-06-05 14:04:43.000"
"BK2020000710","2020-03-22 03:53:32.000",2020,3,12,335,5,67.00,16,47,63,398,272,"CANCELLED","2020-03-22 10:10:03.000","2026-08-06T10:58:24",500192,10049,"HOUSE","Private room","marseille","france",5,2,2,67,"BUDGET","2019-11-22 22:33:26.000","ROSE GARNIER","2019-04-18","FALSE","GOOD","2019-05-18 08:02:06.000"
"BK2020000714","2020-10-16 04:30:39.000",2020,10,42,744,6,124.00,28,104,132,876,612,"CONFIRMED","2020-10-16 06:09:13.000","2026-08-06T10:58:24",500193,10075,"LOFT","Private room","paris","france",6,3,3,124,"MID_RANGE","2019-12-30 10:25:31.000","ARTHUR DAVID","2019-03-19","FALSE","ELITE","2019-03-31 22:12:04.000"
"BK2020000715","2020-05-26 02:31:21.000",2020,5,22,570,10,57.00,12,80,92,662,478,"CONFIRMED","2020-05-26 07:49:25.000","2026-08-06T10:58:24",500170,10033,"LOFT","Private room","nice","france",2,1,1,57,"BUDGET","2020-02-23 18:39:03.000","ZOE ROBIN","2019-05-07","FALSE","GOOD","2019-05-26 01:39:05.000"
"BK2020000750","2020-02-27 14:52:19.000",2020,2,9,812,14,58.00,17,114,131,943,681,"CONFIRMED","2020-02-27 20:48:48.000","2026-08-06T10:58:24",500061,10090,"APARTMENT","Private room","nice","france",2,1,1,58,"BUDGET","2019-03-31 01:25:47.000","THEO MOREAU","2018-09-25","TRUE","GOOD","2018-10-13 20:43:03.000"
"BK2020000755","2020-12-16 22:04:26.000",2020,12,51,316,4,79.00,19,44,63,379,253,"CONFIRMED","2020-12-17 08:32:37.000","2026-08-06T10:58:24",500261,10098,"APARTMENT","Entire home/apt","marseille","france",1,1,1,79,"MID_RANGE","2020-01-08 17:07:26.000","JADE GAUTHIER","2019-05-25","TRUE","GOOD","2019-06-16 12:17:32.000"
"BK2020000805","2020-07-28 22:20:30.000",2020,7,31,3066,14,219.00,67,429,496,3562,2570,"CONFIRMED","2020-07-29 22:16:11.000","2026-08-06T10:58:24",500293,10076,"HOUSE","Entire home/apt","marseille","france",11,5,2,219,"LUXURY","2020-03-25 23:21:00.000","CLARA GARNIER","2019-02-22","FALSE","LOW","2019-03-19 18:50:02.000"
"BK2020000812","2020-08-08 01:36:51.000",2020,8,32,796,4,199.00,31,111,142,938,654,"CONFIRMED","2020-08-08 08:17:14.000","2026-08-06T10:58:24",500094,10033,"CONDOMINIUM","Entire home/apt","paris","france",6,3,2,199,"MID_RANGE","2019-08-20 20:16:14.000","ZOE ROBIN","2019-05-07","FALSE","GOOD","2019-05-26 01:39:05.000"
"BK2020000892","2020-09-13 01:47:52.000",2020,9,37,233,1,233.00,81,33,114,347,119,"CONFIRMED","2020-09-13 13:45:41.000","2026-08-06T10:58:24",500150,10020,"APARTMENT","Entire home/apt","paris","france",7,3,3,233,"LUXURY","2020-06-15 20:58:03.000","ETHAN CHEVALIER","2020-05-17","FALSE","GOOD","2020-06-07 20:23:28.000"
"BK2020000907","2020-08-13 11:12:10.000",2020,8,33,588,7,84.00,22,82,104,692,484,"CONFIRMED","2020-08-13 18:56:15.000","2026-08-06T10:58:24",500205,10010,"CONDOMINIUM","Hotel room","marseille","france",3,2,2,84,"MID_RANGE","2019-06-30 23:48:51.000","CHLOE MICHEL","2018-08-18","TRUE","GOOD","2018-09-12 10:25:17.000"
"BK2020000933","2020-03-23 05:16:04.000",2020,3,13,1360,10,136.00,32,190,222,1582,1138,"CONFIRMED","2020-03-23 18:10:01.000","2026-08-06T10:58:24",500233,10100,"STUDIO","Entire home/apt","paris","france",2,0,1,136,"MID_RANGE","2018-07-03 02:19:16.000","ENZO DUBOIS","2018-04-16","TRUE","ELITE","2018-05-12 18:37:01.000"
"BK2020000938","2020-08-11 15:00:56.000",2020,8,33,904,4,226.00,66,127,193,1097,711,"CONFIRMED","2020-08-11 16:39:02.000","2026-08-06T10:58:24",500137,10100,"APARTMENT","Entire home/apt","paris","france",7,3,3,226,"LUXURY","2019-06-12 16:29:21.000","ENZO DUBOIS","2018-04-16","TRUE","ELITE","2018-05-12 18:37:01.000"
"BK2020000966","2020-03-16 09:54:10.000",2020,3,12,416,4,104.00,31,58,89,505,327,"CANCELLED","2020-03-17 02:04:02.000","2026-08-06T10:58:24",500177,10023,"APARTMENT","Entire home/apt","bordeaux","france",3,2,2,104,"MID_RANGE","2019-02-12 11:56:01.000","SARAH LEGRAND","2018-10-18","TRUE","GOOD","2018-11-08 15:13:34.000"
"BK2020000975","2020-01-24 07:04:07.000",2020,1,4,246,3,82.00,23,34,57,303,189,"CONFIRMED","2020-01-25 06:36:40.000","2026-08-06T10:58:24",500015,10098,"STUDIO","Entire home/apt","nice","france",2,0,1,82,"MID_RANGE","2019-07-14 21:39:55.000","JADE GAUTHIER","2019-05-25","TRUE","GOOD","2019-06-16 12:17:32.000"
"BK2021000006","2021-10-13 04:50:14.000",2021,10,41,232,4,58.00,13,32,45,277,187,"CANCELLED","2021-10-14 00:48:58.000","2026-08-06T10:58:24",500066,10030,"APARTMENT","Private room","bordeaux","france",3,2,2,58,"BUDGET","2020-08-14 16:07:36.000","JADE THOMAS","2019-09-27","TRUE","GOOD","2019-10-27 01:37:47.000"
"BK2021000013","2021-10-02 07:06:12.000",2021,10,39,791,7,113.00,25,111,136,927,655,"CONFIRMED","2021-10-02 19:33:02.000","2026-08-06T10:58:24",500200,10097,"HOUSE","Entire home/apt","lille","france",6,2,1,113,"MID_RANGE","2019-02-01 14:15:22.000","MARIE CHEVALIER","2018-10-20","TRUE","GOOD","2018-11-08 23:52:36.000"
"BK2021000024","2021-02-21 14:39:03.000",2021,2,7,460,5,92.00,32,64,96,556,364,"CANCELLED","2021-02-21 17:52:37.000","2026-08-06T10:58:24",500274,10054,"APARTMENT","Entire home/apt","nantes","france",4,2,1,92,"MID_RANGE","2021-02-05 18:34:50.000","SACHA FOURNIER","2020-02-25","TRUE","ELITE","2020-03-17 23:57:11.000"
"BK2021000041","2021-08-21 06:00:57.000",2021,8,33,476,4,119.00,35,67,102,578,374,"CANCELLED","2021-08-22 05:47:27.000","2026-08-06T10:58:24",500264,10061,"APARTMENT","Entire home/apt","bordeaux","france",5,2,1,119,"MID_RANGE","2020-01-24 15:50:46.000","SOFIA GARNIER","2019-07-01","FALSE","ELITE","2019-07-11 14:39:52.000"
"BK2021000042","2021-12-08 23:28:54.000",2021,12,49,212,2,106.00,23,30,53,265,159,"CONFIRMED","2021-12-09 16:27:44.000","2026-08-06T10:58:24",500184,10046,"APARTMENT","Entire home/apt","montpellier","france",5,2,2,106,"MID_RANGE","2021-09-17 15:40:23.000","LEA LEFEBVRE","2020-12-28","TRUE","GOOD","2021-01-09 01:54:30.000"
"BK2021000047","2021-10-29 15:17:08.000",2021,10,43,290,5,58.00,16,41,57,347,233,"CONFIRMED","2021-10-30 09:27:49.000","2026-08-06T10:58:24",500061,10090,"APARTMENT","Private room","nice","france",2,1,1,58,"BUDGET","2019-03-31 01:25:47.000","THEO MOREAU","2018-09-25","TRUE","GOOD","2018-10-13 20:43:03.000"
"BK2021000048","2021-03-07 15:48:25.000",2021,3,9,140,4,35.00,7,20,27,167,113,"CONFIRMED","2021-03-08 09:57:28.000","2026-08-06T10:58:24",500211,10045,"STUDIO","Private room","marseille","france",1,0,1,35,"BUDGET","2020-12-06 08:46:17.000","ZOE DAVID","2019-10-28","FALSE","LOW","2019-11-02 23:59:21.000"
"BK2021000093","2021-02-23 17:34:21.000",2021,2,8,920,10,92.00,25,129,154,1074,766,"CONFIRMED","2021-02-24 03:12:35.000","2026-08-06T10:58:24",500274,10054,"APARTMENT","Entire home/apt","nantes","france",4,2,1,92,"MID_RANGE","2021-02-05 18:34:50.000","SACHA FOURNIER","2020-02-25","TRUE","ELITE","2020-03-17 23:57:11.000"
"BK2021000104","2021-09-04 13:06:27.000",2021,9,35,278,2,139.00,38,39,77,355,201,"CONFIRMED","2021-09-05 09:09:30.000","2026-08-06T10:58:24",500244,10045,"APARTMENT","Entire home/apt","bordeaux","france",7,3,2,139,"MID_RANGE","2019-12-10 01:17:22.000","ZOE DAVID","2019-10-28","FALSE","LOW","2019-11-02 23:59:21.000"
"BK2021000117","2021-10-03 13:03:55.000",2021,10,39,545,5,109.00,39,76,115,660,430,"CONFIRMED","2021-10-04 07:38:08.000","2026-08-06T10:58:24",500282,10022,"VILLA","Entire home/apt","montpellier","france",6,3,2,109,"MID_RANGE","2018-02-12 01:37:07.000","EMMA GIRARD","2018-01-30","TRUE","ELITE","2018-01-31 07:04:57.000"
"BK2021000120","2021-12-19 02:23:29.000",2021,12,50,657,3,219.00,40,92,132,789,525,"CONFIRMED","2021-12-19 09:40:20.000","2026-08-06T10:58:24",500293,10076,"HOUSE","Entire home/apt","marseille","france",11,5,2,219,"LUXURY","2020-03-25 23:21:00.000","CLARA GARNIER","2019-02-22","FALSE","LOW","2019-03-19 18:50:02.000"
"BK2021000147","2021-08-26 02:12:48.000",2021,8,34,76,1,76.00,25,11,36,112,40,"CONFIRMED","2021-08-26 14:52:35.000","2026-08-06T10:58:24",500235,10041,"HOUSE","Private room","nantes","france",6,2,2,76,"MID_RANGE","2018-11-19 12:46:59.000","EVA GARNIER","2018-01-15","TRUE","GOOD","2018-02-04 08:10:47.000"
"BK2021000167","2021-09-30 01:44:50.000",2021,9,39,327,3,109.00,27,46,73,400,254,"CONFIRMED","2021-09-30 06:57:11.000","2026-08-06T10:58:24",500282,10022,"VILLA","Entire home/apt","montpellier","france",6,3,2,109,"MID_RANGE","2018-02-12 01:37:07.000","EMMA GIRARD","2018-01-30","TRUE","ELITE","2018-01-31 07:04:57.000"
"BK2021000195","2021-08-08 12:11:02.000",2021,8,31,610,5,122.00,48,85,133,743,477,"CONFIRMED","2021-08-09 09:02:28.000","2026-08-06T10:58:24",500009,10076,"HOUSE","Private room","bordeaux","france",12,5,3,122,"MID_RANGE","2019-12-27 12:14:31.000","CLARA GARNIER","2019-02-22","FALSE","LOW","2019-03-19 18:50:02.000"
"BK2021000209","2021-12-19 21:42:37.000",2021,12,50,1380,10,138.00,36,193,229,1609,1151,"CANCELLED","2021-12-20 07:59:54.000","2026-08-06T10:58:24",500022,10057,"APARTMENT","Entire home/apt","paris","france",4,2,2,138,"MID_RANGE","2021-06-03 04:02:15.000","RAPHAEL FOURNIER","2021-03-08","TRUE","ELITE","2021-03-27 10:05:52.000"
"BK2021000221","2021-09-26 08:24:16.000",2021,9,38,240,3,80.00,29,34,63,303,177,"CONFIRMED","2021-09-26 18:05:28.000","2026-08-06T10:58:24",500206,10088,"APARTMENT","Hotel room","paris","france",1,1,1,80,"MID_RANGE","2021-06-04 11:43:11.000","MALIK PETIT","2021-01-28","TRUE","GOOD","2021-02-14 09:44:08.000"
"BK2021000229","2021-04-21 20:10:32.000",2021,4,16,320,2,160.00,57,45,102,422,218,"CONFIRMED","2021-04-22 14:21:53.000","2026-08-06T10:58:24",500167,10023,"CONDOMINIUM","Entire home/apt","montpellier","france",7,3,3,160,"MID_RANGE","2019-12-13 22:33:58.000","SARAH LEGRAND","2018-10-18","TRUE","GOOD","2018-11-08 15:13:34.000"
"BK2021000259","2021-09-29 05:38:03.000",2021,9,39,1338,6,223.00,36,187,223,1561,1115,"CONFIRMED","2021-09-29 11:18:02.000","2026-08-06T10:58:24",500134,10097,"APARTMENT","Entire home/apt","paris","france",6,3,3,223,"LUXURY","2019-03-15 14:14:45.000","MARIE CHEVALIER","2018-10-20","TRUE","GOOD","2018-11-08 23:52:36.000"
"BK2021000270","2021-06-19 08:03:27.000",2021,6,24,234,3,78.00,29,33,62,296,172,"CANCELLED","2021-06-20 02:51:51.000","2026-08-06T10:58:24",500072,10020,"LOFT","Entire home/apt","bordeaux","france",2,1,1,78,"MID_RANGE","2020-07-02 03:50:08.000","ETHAN CHEVALIER","2020-05-17","FALSE","GOOD","2020-06-07 20:23:28.000"
"BK2021000283","2021-06-29 11:00:52.000",2021,6,26,550,5,110.00,38,77,115,665,435,"CONFIRMED","2021-06-30 00:03:04.000","2026-08-06T10:58:24",500065,10022,"APARTMENT","Entire home/apt","toulouse","france",5,3,3,110,"MID_RANGE","2019-02-21 06:55:25.000","EMMA GIRARD","2018-01-30","TRUE","ELITE","2018-01-31 07:04:57.000"
"BK2021000284","2021-03-27 08:41:26.000",2021,3,12,65,1,65.00,12,9,21,86,44,"CONFIRMED","2021-03-27 18:23:26.000","2026-08-06T10:58:24",500056,10037,"STUDIO","Private room","paris","france",2,0,1,65,"BUDGET","2020-11-12 11:08:49.000","ETHAN MARTIN","2019-10-09","TRUE","ELITE","2019-10-31 09:39:51.000"
"BK2021000292","2021-05-18 20:48:49.000",2021,5,20,170,2,85.00,22,24,46,216,124,"CONFIRMED","2021-05-18 23:58:14.000","2026-08-06T10:58:24",500092,10088,"APARTMENT","Private room","marseille","france",7,3,2,85,"MID_RANGE","2021-04-21 23:17:06.000","MALIK PETIT","2021-01-28","TRUE","GOOD","2021-02-14 09:44:08.000"
"BK2021000305","2021-10-01 23:14:43.000",2021,10,39,376,4,94.00,37,53,90,466,286,"CONFIRMED","2021-10-02 09:50:49.000","2026-08-06T10:58:24",500216,10010,"APARTMENT","Entire home/apt","bordeaux","france",1,1,1,94,"MID_RANGE","2018-10-05 22:30:13.000","CHLOE MICHEL","2018-08-18","TRUE","GOOD","2018-09-12 10:25:17.000"
"BK2021000327","2021-11-26 11:20:01.000",2021,11,47,315,5,63.00,18,44,62,377,253,"CONFIRMED","2021-11-26 13:01:42.000","2026-08-06T10:58:24",500260,10057,"APARTMENT","Private room","nantes","france",7,3,2,63,"BUDGET","2021-07-13 23:53:23.000","RAPHAEL FOURNIER","2021-03-08","TRUE","ELITE","2021-03-27 10:05:52.000"
"BK2021000334","2021-10-20 11:04:38.000",2021,10,42,240,3,80.00,21,34,55,295,185,"CONFIRMED","2021-10-20 20:51:21.000","2026-08-06T10:58:24",500098,10041,"APARTMENT","Hotel room","lille","france",4,2,1,80,"MID_RANGE","2018-10-26 01:17:07.000","EVA GARNIER","2018-01-15","TRUE","GOOD","2018-02-04 08:10:47.000"
"BK2021000359","2021-03-13 18:59:57.000",2021,3,10,92,1,92.00,29,13,42,134,50,"CONFIRMED","2021-03-14 16:47:35.000","2026-08-06T10:58:24",500274,10054,"APARTMENT","Entire home/apt","nantes","france",4,2,1,92,"MID_RANGE","2021-02-05 18:34:50.000","SACHA FOURNIER","2020-02-25","TRUE","ELITE","2020-03-17 23:57:11.000"
"BK2021000383","2021-02-20 17:26:32.000",2021,2,7,500,5,100.00,34,70,104,604,396,"CONFIRMED","2021-02-20 23:32:04.000","2026-08-06T10:58:24",500044,10045,"STUDIO","Entire home/apt","paris","france",2,0,1,100,"MID_RANGE","2020-09-22 00:05:08.000","ZOE DAVID","2019-10-28","FALSE","LOW","2019-11-02 23:59:21.000"
"BK2021000409","2021-09-22 14:05:24.000",2021,9,38,224,4,56.00,13,31,44,268,180,"CONFIRMED","2021-09-22 18:51:59.000","2026-08-06T10:58:24",500145,10046,"APARTMENT","Private room","lyon","france",3,2,2,56,"BUDGET","2021-06-21 08:17:50.000","LEA LEFEBVRE","2020-12-28","TRUE","GOOD","2021-01-09 01:54:30.000"
"BK2021000422","2021-07-30 02:27:08.000",2021,7,30,1760,10,176.00,35,246,281,2041,1479,"CONFIRMED","2021-07-30 23:07:14.000","2026-08-06T10:58:24",500013,10089,"APARTMENT","Entire home/apt","lyon","france",7,3,3,176,"MID_RANGE","2019-01-17 04:00:04.000","LAURA DURAND","2018-02-20","FALSE","ELITE","2018-03-02 05:03:16.000"
"BK2021000427","2021-12-18 07:31:37.000",2021,12,50,160,2,80.00,24,22,46,206,114,"CONFIRMED","2021-12-18 21:56:06.000","2026-08-06T10:58:24",500206,10088,"APARTMENT","Hotel room","paris","france",1,1,1,80,"MID_RANGE","2021-06-04 11:43:11.000","MALIK PETIT","2021-01-28","TRUE","GOOD","2021-02-14 09:44:08.000"
"BK2021000432","2021-08-04 18:26:53.000",2021,8,31,272,4,68.00,22,38,60,332,212,"CONFIRMED","2021-08-05 07:49:05.000","2026-08-06T10:58:24",500176,10041,"APARTMENT","Private room","paris","france",2,1,1,68,"BUDGET","2018-04-30 07:26:20.000","EVA GARNIER","2018-01-15","TRUE","GOOD","2018-02-04 08:10:47.000"
"BK2021000436","2021-07-24 00:11:51.000",2021,7,29,84,1,84.00,13,12,25,109,59,"CONFIRMED","2021-07-24 14:24:31.000","2026-08-06T10:58:24",500205,10010,"CONDOMINIUM","Hotel room","marseille","france",3,2,2,84,"MID_RANGE","2019-06-30 23:48:51.000","CHLOE MICHEL","2018-08-18","TRUE","GOOD","2018-09-12 10:25:17.000"
"BK2021000460","2021-09-20 20:53:41.000",2021,9,38,556,4,139.00,38,78,116,672,440,"CONFIRMED","2021-09-21 02:53:50.000","2026-08-06T10:58:24",500244,10045,"APARTMENT","Entire home/apt","bordeaux","france",7,3,2,139,"MID_RANGE","2019-12-10 01:17:22.000","ZOE DAVID","2019-10-28","FALSE","LOW","2019-11-02 23:59:21.000"
"BK2021000467","2021-09-04 11:50:51.000",2021,9,35,168,2,84.00,27,24,51,219,117,"CONFIRMED","2021-09-05 03:19:55.000","2026-08-06T10:58:24",500205,10010,"CONDOMINIUM","Hotel room","marseille","france",3,2,2,84,"MID_RANGE","2019-06-30 23:48:51.000","CHLOE MICHEL","2018-08-18","TRUE","GOOD","2018-09-12 10:25:17.000"
"BK2021000474","2021-06-19 01:24:26.000",2021,6,24,489,3,163.00,25,68,93,582,396,"CONFIRMED","2021-06-19 13:37:55.000","2026-08-06T10:58:24",500062,10095,"VILLA","Entire home/apt","montpellier","france",12,5,3,163,"MID_RANGE","2018-11-10 19:18:04.000","LEA BERTRAND","2018-05-14","TRUE","GOOD","2018-06-05 14:04:43.000"
"BK2021000493","2021-03-11 06:18:24.000",2021,3,10,820,10,82.00,15,115,130,950,690,"CONFIRMED","2021-03-11 06:26:13.000","2026-08-06T10:58:24",500015,10098,"STUDIO","Entire home/apt","nice","france",2,0,1,82,"MID_RANGE","2019-07-14 21:39:55.000","JADE GAUTHIER","2019-05-25","TRUE","GOOD","2019-06-16 12:17:32.000"
"BK2021000503","2021-11-11 14:50:02.000",2021,11,45,204,3,68.00,21,29,50,254,154,"CANCELLED","2021-11-11 17:50:31.000","2026-08-06T10:58:24",500176,10041,"APARTMENT","Private room","paris","france",2,1,1,68,"BUDGET","2018-04-30 07:26:20.000","EVA GARNIER","2018-01-15","TRUE","GOOD","2018-02-04 08:10:47.000"
"BK2021000507","2021-01-25 00:41:40.000",2021,1,4,556,4,139.00,46,78,124,680,432,"CANCELLED","2021-01-25 05:13:30.000","2026-08-06T10:58:24",500244,10045,"APARTMENT","Entire home/apt","bordeaux","france",7,3,2,139,"MID_RANGE","2019-12-10 01:17:22.000","ZOE DAVID","2019-10-28","FALSE","LOW","2019-11-02 23:59:21.000"
"BK2021000514","2021-01-14 03:04:58.000",2021,1,2,732,6,122.00,43,102,145,877,587,"CANCELLED","2021-01-14 19:47:36.000","2026-08-06T10:58:24",500275,10010,"APARTMENT","Entire home/apt","marseille","france",6,3,3,122,"MID_RANGE","2018-11-28 14:37:38.000","CHLOE MICHEL","2018-08-18","TRUE","GOOD","2018-09-12 10:25:17.000"
"BK2021000530","2021-04-09 21:09:58.000",2021,4,14,58,1,58.00,15,8,23,81,35,"CONFIRMED","2021-04-10 01:46:11.000","2026-08-06T10:58:24",500061,10090,"APARTMENT","Private room","nice","france",2,1,1,58,"BUDGET","2019-03-31 01:25:47.000","THEO MOREAU","2018-09-25","TRUE","GOOD","2018-10-13 20:43:03.000"
"BK2021000549","2021-02-28 09:32:09.000",2021,2,8,134,2,67.00,19,19,38,172,96,"CONFIRMED","2021-02-28 18:51:39.000","2026-08-06T10:58:24",500192,10049,"HOUSE","Private room","marseille","france",5,2,2,67,"BUDGET","2019-11-22 22:33:26.000","ROSE GARNIER","2019-04-18","FALSE","GOOD","2019-05-18 08:02:06.000"
"BK2021000552","2021-11-22 21:55:49.000",2021,11,47,228,2,114.00,32,32,64,292,164,"CANCELLED","2021-11-23 01:54:20.000","2026-08-06T10:58:24",500182,10048,"APARTMENT","Entire home/apt","nice","france",3,1,1,114,"MID_RANGE","2021-11-04 18:28:18.000","ANTOINE BERNARD","2021-02-15","FALSE","GOOD","2021-02-27 21:53:34.000"
"BK2021000575","2021-01-29 00:45:33.000",2021,1,4,763,7,109.00,24,107,131,894,632,"CANCELLED","2021-01-29 12:00:19.000","2026-08-06T10:58:24",500282,10022,"VILLA","Entire home/apt","montpellier","france",6,3,2,109,"MID_RANGE","2018-02-12 01:37:07.000","EMMA GIRARD","2018-01-30","TRUE","ELITE","2018-01-31 07:04:57.000"
"BK2021000584","2021-05-20 02:45:44.000",2021,5,20,940,4,235.00,42,132,174,1114,766,"CONFIRMED","2021-05-20 20:03:50.000","2026-08-06T10:58:24",500125,10086,"APARTMENT","Entire home/apt","paris","france",7,3,3,235,"LUXURY","2021-01-25 09:01:27.000","ETHAN VINCENT","2020-02-24","TRUE","ELITE","2020-03-03 23:37:48.000"
"BK2021000586","2021-07-24 12:53:55.000",2021,7,29,220,2,110.00,43,31,74,294,146,"CONFIRMED","2021-07-25 08:15:02.000","2026-08-06T10:58:24",500197,10086,"APARTMENT","Entire home/apt","strasbourg","france",5,2,1,110,"MID_RANGE","2020-04-19 21:43:48.000","ETHAN VINCENT","2020-02-24","TRUE","ELITE","2020-03-03 23:37:48.000"
"BK2021000596","2021-10-16 23:18:38.000",2021,10,41,222,3,74.00,22,31,53,275,169,"CONFIRMED","2021-10-17 10:27:43.000","2026-08-06T10:58:24",500028,10054,"LOFT","Private room","bordeaux","france",5,3,3,74,"BUDGET","2020-08-08 01:41:34.000","SACHA FOURNIER","2020-02-25","TRUE","ELITE","2020-03-17 23:57:11.000"
"BK2021000610","2021-04-07 16:07:43.000",2021,4,14,165,1,165.00,31,23,54,219,111,"CONFIRMED","2021-04-07 19:58:43.000","2026-08-06T10:58:24",500199,10089,"APARTMENT","Entire home/apt","paris","france",5,3,2,165,"MID_RANGE","2018-08-02 09:28:05.000","LAURA DURAND","2018-02-20","FALSE","ELITE","2018-03-02 05:03:16.000"
"BK2021000646","2021-10-18 00:56:58.000",2021,10,42,118,2,59.00,14,17,31,149,87,"CONFIRMED","2021-10-18 09:14:28.000","2026-08-06T10:58:24",500079,10097,"APARTMENT","Private room","nice","france",3,1,1,59,"BUDGET","2019-05-16 13:49:01.000","MARIE CHEVALIER","2018-10-20","TRUE","GOOD","2018-11-08 23:52:36.000"
"BK2021000669","2021-05-06 20:38:57.000",2021,5,18,98,2,49.00,9,14,23,121,75,"CONFIRMED","2021-05-07 01:55:58.000","2026-08-06T10:58:24",500158,10030,"APARTMENT","Private room","lille","france",6,3,3,49,"BUDGET","2020-03-14 16:09:01.000","JADE THOMAS","2019-09-27","TRUE","GOOD","2019-10-27 01:37:47.000"
"BK2021000694","2021-12-15 02:16:34.000",2021,12,50,201,3,67.00,17,28,45,246,156,"CONFIRMED","2021-12-15 03:21:37.000","2026-08-06T10:58:24",500290,10095,"STUDIO","Private room","paris","france",1,0,1,67,"BUDGET","2018-09-01 00:27:40.000","LEA BERTRAND","2018-05-14","TRUE","GOOD","2018-06-05 14:04:43.000"
"BK2021000778","2021-01-21 11:23:31.000",2021,1,3,406,7,58.00,14,57,71,477,335,"CONFIRMED","2021-01-21 13:27:35.000","2026-08-06T10:58:24",500127,10086,"LOFT","Private room","nantes","france",5,3,3,58,"BUDGET","2020-09-05 02:36:24.000","ETHAN VINCENT","2020-02-24","TRUE","ELITE","2020-03-03 23:37:48.000"
"BK2021000792","2021-08-31 00:12:48.000",2021,8,35,399,7,57.00,9,56,65,464,334,"CONFIRMED","2021-08-31 15:16:48.000","2026-08-06T10:58:24",500170,10033,"LOFT","Private room","nice","france",2,1,1,57,"BUDGET","2020-02-23 18:39:03.000","ZOE ROBIN","2019-05-07","FALSE","GOOD","2019-05-26 01:39:05.000"
"BK2021000839","2021-08-17 23:20:59.000",2021,8,33,460,5,92.00,24,64,88,548,372,"CONFIRMED","2021-08-18 22:00:14.000","2026-08-06T10:58:24",500274,10054,"APARTMENT","Entire home/apt","nantes","france",4,2,1,92,"MID_RANGE","2021-02-05 18:34:50.000","SACHA FOURNIER","2020-02-25","TRUE","ELITE","2020-03-17 23:57:11.000"
"BK2021000878","2021-11-05 08:10:07.000",2021,11,44,176,4,44.00,12,25,37,213,139,"CONFIRMED","2021-11-06 00:28:48.000","2026-08-06T10:58:24",500234,10035,"STUDIO","Private room","bordeaux","france",1,0,1,44,"BUDGET","2021-11-03 23:21:41.000","JADE MICHEL","2021-07-19","FALSE","GOOD","2021-08-07 18:06:04.000"
"BK2021000916","2021-07-03 13:52:51.000",2021,7,26,468,6,78.00,26,66,92,560,376,"CONFIRMED","2021-07-03 21:07:07.000","2026-08-06T10:58:24",500067,10037,"APARTMENT","Entire home/apt","nantes","france",1,1,1,78,"MID_RANGE","2019-11-27 06:10:46.000","ETHAN MARTIN","2019-10-09","TRUE","ELITE","2019-10-31 09:39:51.000"
"BK2021000918","2021-07-09 17:21:25.000",2021,7,27,469,7,67.00,23,66,89,558,380,"CONFIRMED","2021-07-09 23:32:25.000","2026-08-06T10:58:24",500192,10049,"HOUSE","Private room","marseille","france",5,2,2,67,"BUDGET","2019-11-22 22:33:26.000","ROSE GARNIER","2019-04-18","FALSE","GOOD","2019-05-18 08:02:06.000"
"BK2021000952","2021-07-09 08:18:28.000",2021,7,27,1155,7,165.00,36,162,198,1353,957,"CONFIRMED","2021-07-09 18:52:50.000","2026-08-06T10:58:24",500199,10089,"APARTMENT","Entire home/apt","paris","france",5,3,2,165,"MID_RANGE","2018-08-02 09:28:05.000","LAURA DURAND","2018-02-20","FALSE","ELITE","2018-03-02 05:03:16.000"
"BK2021000962","2021-12-21 02:06:51.000",2021,12,51,555,3,185.00,36,78,114,669,441,"CONFIRMED","2021-12-21 17:12:02.000","2026-08-06T10:58:24",500243,10045,"APARTMENT","Entire home/apt","paris","france",4,2,2,185,"MID_RANGE","2020-06-01 15:55:45.000","ZOE DAVID","2019-10-28","FALSE","LOW","2019-11-02 23:59:21.000"
"BK2021000970","2021-11-04 21:42:58.000",2021,11,44,2268,14,162.00,44,318,362,2630,1906,"CONFIRMED","2021-11-05 13:48:40.000","2026-08-06T10:58:24",500207,10051,"HOUSE","Entire home/apt","marseille","france",11,5,3,162,"MID_RANGE","2021-08-11 10:39:00.000","JADE LEFEBVRE","2020-11-09","TRUE","ELITE","2020-11-09 16:59:51.000"
"BK2021000974","2021-11-28 06:19:54.000",2021,11,47,258,6,43.00,13,36,49,307,209,"CONFIRMED","2021-11-29 05:23:28.000","2026-08-06T10:58:24",500097,10088,"APARTMENT","Private room","lyon","france",2,1,1,43,"BUDGET","2021-05-29 20:22:17.000","MALIK PETIT","2021-01-28","TRUE","GOOD","2021-02-14 09:44:08.000"
"BK2021000979","2021-09-03 15:52:49.000",2021,9,35,160,2,80.00,25,22,47,207,113,"CANCELLED","2021-09-04 13:29:34.000","2026-08-06T10:58:24",500206,10088,"APARTMENT","Hotel room","paris","france",1,1,1,80,"MID_RANGE","2021-06-04 11:43:11.000","MALIK PETIT","2021-01-28","TRUE","GOOD","2021-02-14 09:44:08.000"
"BK2021000991","2021-05-18 15:20:40.000",2021,5,20,652,4,163.00,25,91,116,768,536,"CONFIRMED","2021-05-19 10:02:04.000","2026-08-06T10:58:24",500062,10095,"VILLA","Entire home/apt","montpellier","france",12,5,3,163,"MID_RANGE","2018-11-10 19:18:04.000","LEA BERTRAND","2018-05-14","TRUE","GOOD","2018-06-05 14:04:43.000"
"BK2021000995","2021-10-23 06:34:52.000",2021,10,42,327,3,109.00,36,46,82,409,245,"CONFIRMED","2021-10-23 20:58:13.000","2026-08-06T10:58:24",500181,10087,"APARTMENT","Entire home/apt","nice","france",3,1,1,109,"MID_RANGE","2019-06-23 18:07:56.000","JADE LEROY","2019-02-16","FALSE","GOOD","2019-02-21 09:00:45.000"
"BK2022000036","2022-12-07 07:52:30.000",2022,12,49,270,6,45.00,17,38,55,325,215,"CONFIRMED","2022-12-07 17:24:05.000","2026-08-06T10:58:24",500224,10027,"APARTMENT","Private room","marseille","france",1,1,1,45,"BUDGET","2019-10-30 20:43:47.000","CAMILLE RICHARD","2018-11-05","TRUE","ELITE","2018-11-08 01:41:34.000"
"BK2022000037","2022-11-02 07:46:54.000",2022,11,44,455,7,65.00,24,64,88,543,367,"CONFIRMED","2022-11-02 16:33:50.000","2026-08-06T10:58:24",500056,10037,"STUDIO","Private room","paris","france",2,0,1,65,"BUDGET","2020-11-12 11:08:49.000","ETHAN MARTIN","2019-10-09","TRUE","ELITE","2019-10-31 09:39:51.000"
"BK2022000046","2022-07-25 05:52:38.000",2022,7,30,465,5,93.00,19,65,84,549,381,"CONFIRMED","2022-07-26 01:38:30.000","2026-08-06T10:58:24",500226,10058,"HOUSE","Entire home/apt","bordeaux","france",4,2,1,93,"MID_RANGE","2021-08-19 22:48:06.000","CHLOE FRANCOIS","2020-07-09","FALSE","LOW","2020-07-16 15:39:54.000"
"BK2022000052","2022-04-04 05:10:29.000",2022,4,14,488,4,122.00,31,68,99,587,389,"CONFIRMED","2022-04-04 10:41:26.000","2026-08-06T10:58:24",500009,10076,"HOUSE","Private room","bordeaux","france",12,5,3,122,"MID_RANGE","2019-12-27 12:14:31.000","CLARA GARNIER","2019-02-22","FALSE","LOW","2019-03-19 18:50:02.000"
"BK2022000072","2022-09-14 04:03:51.000",2022,9,37,280,2,140.00,30,39,69,349,211,"CONFIRMED","2022-09-14 07:11:49.000","2026-08-06T10:58:24",500121,10037,"HOUSE","Entire home/apt","marseille","france",8,3,3,140,"MID_RANGE","2019-12-27 19:50:37.000","ETHAN MARTIN","2019-10-09","TRUE","ELITE","2019-10-31 09:39:51.000"
"BK2022000078","2022-11-14 00:13:05.000",2022,11,46,210,3,70.00,25,29,54,264,156,"CONFIRMED","2022-11-14 18:21:41.000","2026-08-06T10:58:24",500218,10039,"APARTMENT","Entire home/apt","toulouse","france",3,2,1,70,"BUDGET","2021-09-08 10:28:17.000","ANNA PERRIN","2021-01-20","TRUE","GOOD","2021-02-11 10:13:43.000"
"BK2022000114","2022-12-11 06:57:35.000",2022,12,49,274,2,137.00,45,38,83,357,191,"CONFIRMED","2022-12-11 13:31:17.000","2026-08-06T10:58:24",500037,10049,"APARTMENT","Entire home/apt","montpellier","france",6,3,2,137,"MID_RANGE","2019-07-16 04:44:02.000","ROSE GARNIER","2019-04-18","FALSE","GOOD","2019-05-18 08:02:06.000"
"BK2022000116","2022-01-09 14:55:45.000",2022,1,1,940,4,235.00,65,132,197,1137,743,"CONFIRMED","2022-01-10 02:53:05.000","2026-08-06T10:58:24",500219,10045,"HOUSE","Entire home/apt","nice","france",8,4,3,235,"LUXURY","2020-11-09 09:05:34.000","ZOE DAVID","2019-10-28","FALSE","LOW","2019-11-02 23:59:21.000"
"BK2022000129","2022-06-18 09:22:43.000",2022,6,24,1232,7,176.00,62,172,234,1466,998,"CONFIRMED","2022-06-18 11:22:35.000","2026-08-06T10:58:24",500013,10089,"APARTMENT","Entire home/apt","lyon","france",7,3,3,176,"MID_RANGE","2019-01-17 04:00:04.000","LAURA DURAND","2018-02-20","FALSE","ELITE","2018-03-02 05:03:16.000"
"BK2022000135","2022-06-20 23:23:37.000",2022,6,25,206,2,103.00,24,29,53,259,153,"CANCELLED","2022-06-21 04:36:09.000","2026-08-06T10:58:24",500198,10028,"APARTMENT","Entire home/apt","marseille","france",6,3,2,103,"MID_RANGE","2021-03-04 10:50:52.000","NATHAN SIMON","2020-08-26","TRUE","ELITE","2020-09-10 06:55:25.000"
"BK2022000156","2022-09-05 13:30:54.000",2022,9,36,102,2,51.00,13,14,27,129,75,"CANCELLED","2022-09-06 09:27:25.000","2026-08-06T10:58:24",500068,10048,"APARTMENT","Private room","bordeaux","france",2,1,1,51,"BUDGET","2021-07-17 12:51:06.000","ANTOINE BERNARD","2021-02-15","FALSE","GOOD","2021-02-27 21:53:34.000"
"BK2022000173","2022-11-30 01:49:30.000",2022,11,48,115,1,115.00,31,16,47,162,68,"CONFIRMED","2022-11-30 12:49:00.000","2026-08-06T10:58:24",500020,10073,"LOFT","Hotel room","lille","france",7,3,3,115,"MID_RANGE","2020-08-24 23:20:58.000","LINA MICHEL","2020-03-27","FALSE","LOW","2020-03-31 15:42:07.000"
"BK2022000176","2022-11-15 15:42:16.000",2022,11,46,612,6,102.00,16,86,102,714,510,"CONFIRMED","2022-11-16 01:54:28.000","2026-08-06T10:58:24",500024,10029,"LOFT","Hotel room","lille","france",6,3,2,102,"MID_RANGE","2022-04-17 22:52:34.000","NOAH GAUTHIER","2022-04-02","TRUE","ELITE","2022-04-10 14:18:27.000"
"BK2022000201","2022-09-20 07:48:23.000",2022,9,38,94,1,94.00,36,13,49,143,45,"CONFIRMED","2022-09-20 09:28:53.000","2026-08-06T10:58:24",500216,10010,"APARTMENT","Entire home/apt","bordeaux","france",1,1,1,94,"MID_RANGE","2018-10-05 22:30:13.000","CHLOE MICHEL","2018-08-18","TRUE","GOOD","2018-09-12 10:25:17.000"
"BK2022000230","2022-12-29 23:28:15.000",2022,12,52,303,3,101.00,33,42,75,378,228,"CONFIRMED","2022-12-30 07:27:52.000","2026-08-06T10:58:24",500033,10017,"STUDIO","Entire home/apt","paris","france",2,0,1,101,"MID_RANGE","2022-04-26 15:18:27.000","LOUIS MERCIER","2022-03-12","FALSE","LOW","2022-03-31 10:31:01.000"
"BK2022000231","2022-08-27 01:47:43.000",2022,8,34,1150,5,230.00,56,161,217,1367,933,"CONFIRMED","2022-08-27 03:47:43.000","2026-08-06T10:58:24",500021,10046,"APARTMENT","Entire home/apt","paris","france",7,3,2,230,"LUXURY","2021-11-26 21:56:49.000","LEA LEFEBVRE","2020-12-28","TRUE","GOOD","2021-01-09 01:54:30.000"
"BK2022000238","2022-03-06 04:12:39.000",2022,3,9,548,4,137.00,35,77,112,660,436,"CONFIRMED","2022-03-06 12:01:46.000","2026-08-06T10:58:24",500037,10049,"APARTMENT","Entire home/apt","montpellier","france",6,3,2,137,"MID_RANGE","2019-07-16 04:44:02.000","ROSE GARNIER","2019-04-18","FALSE","GOOD","2019-05-18 08:02:06.000"
"BK2022000239","2022-07-03 01:49:45.000",2022,7,26,480,3,160.00,32,67,99,579,381,"CANCELLED","2022-07-03 17:27:16.000","2026-08-06T10:58:24",500167,10023,"CONDOMINIUM","Entire home/apt","montpellier","france",7,3,3,160,"MID_RANGE","2019-12-13 22:33:58.000","SARAH LEGRAND","2018-10-18","TRUE","GOOD","2018-11-08 15:13:34.000"
"BK2022000251","2022-08-23 11:28:18.000",2022,8,34,46,1,46.00,15,6,21,67,25,"CONFIRMED","2022-08-23 19:02:25.000","2026-08-06T10:58:24",500188,10012,"CONDOMINIUM","Private room","marseille","france",1,1,1,46,"BUDGET","2021-08-29 14:52:33.000","LEA LEROY","2020-10-07","FALSE","GOOD","2020-10-20 18:25:23.000"
"BK2022000294","2022-04-19 18:32:27.000",2022,4,16,810,5,162.00,36,113,149,959,661,"CONFIRMED","2022-04-20 14:57:49.000","2026-08-06T10:58:24",500207,10051,"HOUSE","Entire home/apt","marseille","france",11,5,3,162,"MID_RANGE","2021-08-11 10:39:00.000","JADE LEFEBVRE","2020-11-09","TRUE","ELITE","2020-11-09 16:59:51.000"
"BK2022000300","2022-09-16 09:06:40.000",2022,9,37,380,4,95.00,17,53,70,450,310,"CONFIRMED","2022-09-17 00:42:34.000","2026-08-06T10:58:24",500221,10048,"LOFT","Entire home/apt","marseille","france",5,3,3,95,"MID_RANGE","2021-12-14 23:21:16.000","ANTOINE BERNARD","2021-02-15","FALSE","GOOD","2021-02-27 21:53:34.000"
"BK2022000306","2022-09-28 11:03:52.000",2022,9,39,156,3,52.00,14,22,36,192,120,"CONFIRMED","2022-09-28 16:43:11.000","2026-08-06T10:58:24",500251,10035,"APARTMENT","Private room","bordeaux","france",1,1,1,52,"BUDGET","2022-03-07 12:20:39.000","JADE MICHEL","2021-07-19","FALSE","GOOD","2021-08-07 18:06:04.000"
"BK2022000320","2022-11-18 03:46:45.000",2022,11,46,194,2,97.00,29,27,56,250,138,"CONFIRMED","2022-11-19 01:54:05.000","2026-08-06T10:58:24",500090,10031,"APARTMENT","Entire home/apt","nantes","france",4,2,1,97,"MID_RANGE","2021-09-05 19:18:19.000","ETHAN SIMON","2021-07-08","TRUE","ELITE","2021-07-23 16:58:54.000"
"BK2022000338","2022-04-28 07:25:13.000",2022,4,17,306,3,102.00,40,43,83,389,223,"CONFIRMED","2022-04-29 00:27:50.000","2026-08-06T10:58:24",500024,10029,"LOFT","Hotel room","lille","france",6,3,2,102,"MID_RANGE","2022-04-17 22:52:34.000","NOAH GAUTHIER","2022-04-02","TRUE","ELITE","2022-04-10 14:18:27.000"
"BK2022000339","2022-10-07 04:49:37.000",2022,10,40,850,10,85.00,31,119,150,1000,700,"CONFIRMED","2022-10-08 03:23:04.000","2026-08-06T10:58:24",500092,10088,"APARTMENT","Private room","marseille","france",7,3,2,85,"MID_RANGE","2021-04-21 23:17:06.000","MALIK PETIT","2021-01-28","TRUE","GOOD","2021-02-14 09:44:08.000"
"BK2022000361","2022-03-10 10:51:47.000",2022,3,10,94,1,94.00,37,13,50,144,44,"CANCELLED","2022-03-11 02:32:56.000","2026-08-06T10:58:24",500070,10050,"APARTMENT","Entire home/apt","montpellier","france",3,1,1,94,"MID_RANGE","2022-02-10 04:43:55.000","LINA LEFEBVRE","2021-11-16","FALSE","GOOD","2021-12-02 03:24:57.000"
"BK2022000370","2022-05-27 22:42:22.000",2022,5,21,108,2,54.00,14,15,29,137,79,"CANCELLED","2022-05-28 05:55:57.000","2026-08-06T10:58:24",500089,10039,"LOFT","Private room","lille","france",5,3,3,54,"BUDGET","2021-04-14 17:03:51.000","ANNA PERRIN","2021-01-20","TRUE","GOOD","2021-02-11 10:13:43.000"
"BK2022000394","2022-03-11 15:56:01.000",2022,3,10,52,1,52.00,8,7,15,67,37,"CONFIRMED","2022-03-12 10:24:58.000","2026-08-06T10:58:24",500251,10035,"APARTMENT","Private room","bordeaux","france",1,1,1,52,"BUDGET","2022-03-07 12:20:39.000","JADE MICHEL","2021-07-19","FALSE","GOOD","2021-08-07 18:06:04.000"
"BK2022000401","2022-12-20 23:19:19.000",2022,12,51,74,2,37.00,7,10,17,91,57,"CONFIRMED","2022-12-21 08:28:30.000","2026-08-06T10:58:24",500213,10059,"APARTMENT","Private room","marseille","france",2,1,1,37,"BUDGET","2022-11-01 06:58:55.000","CAMILLE PETIT","2022-08-25","FALSE","GOOD","2022-09-09 12:15:09.000"
"BK2022000406","2022-07-23 01:21:53.000",2022,7,29,220,2,110.00,34,31,65,285,155,"CONFIRMED","2022-07-23 12:56:03.000","2026-08-06T10:58:24",500065,10022,"APARTMENT","Entire home/apt","toulouse","france",5,3,3,110,"MID_RANGE","2019-02-21 06:55:25.000","EMMA GIRARD","2018-01-30","TRUE","ELITE","2018-01-31 07:04:57.000"
"BK2022000415","2022-10-14 18:33:02.000",2022,10,41,424,4,106.00,37,59,96,520,328,"CONFIRMED","2022-10-15 05:35:19.000","2026-08-06T10:58:24",500184,10046,"APARTMENT","Entire home/apt","montpellier","france",5,2,2,106,"MID_RANGE","2021-09-17 15:40:23.000","LEA LEFEBVRE","2020-12-28","TRUE","GOOD","2021-01-09 01:54:30.000"
"BK2022000426","2022-10-01 16:47:51.000",2022,10,39,585,3,195.00,34,82,116,701,469,"CONFIRMED","2022-10-02 02:42:15.000","2026-08-06T10:58:24",500227,10052,"HOUSE","Entire home/apt","lyon","france",8,4,2,195,"MID_RANGE","2022-06-11 07:08:11.000","LOUIS FOURNIER","2022-01-31","TRUE","ELITE","2022-03-01 10:39:20.000"
"BK2022000448","2022-03-05 01:33:55.000",2022,3,9,424,4,106.00,33,59,92,516,332,"CONFIRMED","2022-03-05 04:40:59.000","2026-08-06T10:58:24",500184,10046,"APARTMENT","Entire home/apt","montpellier","france",5,2,2,106,"MID_RANGE","2021-09-17 15:40:23.000","LEA LEFEBVRE","2020-12-28","TRUE","GOOD","2021-01-09 01:54:30.000"
"BK2022000449","2022-03-16 12:29:02.000",2022,3,11,134,2,67.00,16,19,35,169,99,"CONFIRMED","2022-03-16 19:14:40.000","2026-08-06T10:58:24",500185,10057,"APARTMENT","Entire home/apt","marseille","france",2,1,1,67,"BUDGET","2021-12-27 19:16:41.000","RAPHAEL FOURNIER","2021-03-08","TRUE","ELITE","2021-03-27 10:05:52.000"
"BK2022000470","2022-07-09 21:20:03.000",2022,7,27,425,5,85.00,17,60,77,502,348,"CONFIRMED","2022-07-10 10:04:22.000","2026-08-06T10:58:24",500092,10088,"APARTMENT","Private room","marseille","france",7,3,2,85,"MID_RANGE","2021-04-21 23:17:06.000","MALIK PETIT","2021-01-28","TRUE","GOOD","2021-02-14 09:44:08.000"
"BK2022000471","2022-08-11 11:30:40.000",2022,8,32,444,6,74.00,25,62,87,531,357,"CANCELLED","2022-08-11 18:42:45.000","2026-08-06T10:58:24",500228,10017,"STUDIO","Private room","paris","france",1,0,1,74,"BUDGET","2022-04-25 16:30:37.000","LOUIS MERCIER","2022-03-12","FALSE","LOW","2022-03-31 10:31:01.000"
"BK2022000475","2022-03-04 18:36:22.000",2022,3,9,955,5,191.00,46,134,180,1135,775,"CONFIRMED","2022-03-05 07:56:11.000","2026-08-06T10:58:24",500113,10039,"CONDOMINIUM","Entire home/apt","paris","france",5,2,1,191,"MID_RANGE","2021-10-19 20:44:05.000","ANNA PERRIN","2021-01-20","TRUE","GOOD","2021-02-11 10:13:43.000"
"BK2022000498","2022-11-29 04:44:27.000",2022,11,48,475,5,95.00,19,66,85,560,390,"CONFIRMED","2022-11-29 19:21:19.000","2026-08-06T10:58:24",500221,10048,"LOFT","Entire home/apt","marseille","france",5,3,3,95,"MID_RANGE","2021-12-14 23:21:16.000","ANTOINE BERNARD","2021-02-15","FALSE","GOOD","2021-02-27 21:53:34.000"
"BK2022000500","2022-09-23 13:26:54.000",2022,9,38,195,3,65.00,14,27,41,236,154,"CONFIRMED","2022-09-24 04:58:37.000","2026-08-06T10:58:24",500056,10037,"STUDIO","Private room","paris","france",2,0,1,65,"BUDGET","2020-11-12 11:08:49.000","ETHAN MARTIN","2019-10-09","TRUE","ELITE","2019-10-31 09:39:51.000"
"BK2022000509","2022-04-03 14:50:09.000",2022,4,13,1175,5,235.00,41,165,206,1381,969,"CANCELLED","2022-04-03 20:50:08.000","2026-08-06T10:58:24",500125,10086,"APARTMENT","Entire home/apt","paris","france",7,3,3,235,"LUXURY","2021-01-25 09:01:27.000","ETHAN VINCENT","2020-02-24","TRUE","ELITE","2020-03-03 23:37:48.000"
"BK2022000516","2022-09-01 18:39:50.000",2022,9,35,264,6,44.00,16,37,53,317,211,"CONFIRMED","2022-09-02 14:00:09.000","2026-08-06T10:58:24",500234,10035,"STUDIO","Private room","bordeaux","france",1,0,1,44,"BUDGET","2021-11-03 23:21:41.000","JADE MICHEL","2021-07-19","FALSE","GOOD","2021-08-07 18:06:04.000"
"BK2022000551","2022-11-22 22:40:29.000",2022,11,47,315,3,105.00,24,44,68,383,247,"CONFIRMED","2022-11-23 21:51:54.000","2026-08-06T10:58:24",500250,10050,"STUDIO","Entire home/apt","paris","france",2,0,1,105,"MID_RANGE","2022-07-28 11:39:50.000","LINA LEFEBVRE","2021-11-16","FALSE","GOOD","2021-12-02 03:24:57.000"
"BK2022000555","2022-01-04 02:25:32.000",2022,1,1,240,3,80.00,19,34,53,293,187,"CONFIRMED","2022-01-04 18:07:49.000","2026-08-06T10:58:24",500098,10041,"APARTMENT","Hotel room","lille","france",4,2,1,80,"MID_RANGE","2018-10-26 01:17:07.000","EVA GARNIER","2018-01-15","TRUE","GOOD","2018-02-04 08:10:47.000"
"BK2022000587","2022-06-18 20:54:50.000",2022,6,24,134,2,67.00,19,19,38,172,96,"CONFIRMED","2022-06-19 01:52:32.000","2026-08-06T10:58:24",500185,10057,"APARTMENT","Entire home/apt","marseille","france",2,1,1,67,"BUDGET","2021-12-27 19:16:41.000","RAPHAEL FOURNIER","2021-03-08","TRUE","ELITE","2021-03-27 10:05:52.000"
"BK2022000605","2022-07-25 08:57:53.000",2022,7,30,102,1,102.00,24,14,38,140,64,"CONFIRMED","2022-07-26 01:10:13.000","2026-08-06T10:58:24",500024,10029,"LOFT","Hotel room","lille","france",6,3,2,102,"MID_RANGE","2022-04-17 22:52:34.000","NOAH GAUTHIER","2022-04-02","TRUE","ELITE","2022-04-10 14:18:27.000"
"BK2022000632","2022-12-21 18:05:45.000",2022,12,51,399,3,133.00,27,56,83,482,316,"CONFIRMED","2022-12-21 21:18:39.000","2026-08-06T10:58:24",500298,10052,"APARTMENT","Entire home/apt","nantes","france",6,3,2,133,"MID_RANGE","2022-10-15 20:46:51.000","LOUIS FOURNIER","2022-01-31","TRUE","ELITE","2022-03-01 10:39:20.000"
"BK2022000645","2022-05-14 05:10:43.000",2022,5,19,268,2,134.00,24,38,62,330,206,"CONFIRMED","2022-05-14 21:43:31.000","2026-08-06T10:58:24",500280,10029,"APARTMENT","Entire home/apt","nice","france",5,2,2,134,"MID_RANGE","2022-05-03 23:36:56.000","NOAH GAUTHIER","2022-04-02","TRUE","ELITE","2022-04-10 14:18:27.000"
"BK2022000660","2022-01-16 23:31:55.000",2022,1,2,164,2,82.00,33,23,56,220,108,"CANCELLED","2022-01-17 06:42:00.000","2026-08-06T10:58:24",500015,10098,"STUDIO","Entire home/apt","nice","france",2,0,1,82,"MID_RANGE","2019-07-14 21:39:55.000","JADE GAUTHIER","2019-05-25","TRUE","GOOD","2019-06-16 12:17:32.000"
"BK2022000661","2022-12-14 18:18:06.000",2022,12,50,400,5,80.00,13,56,69,469,331,"CANCELLED","2022-12-14 21:21:25.000","2026-08-06T10:58:24",500098,10041,"APARTMENT","Hotel room","lille","france",4,2,1,80,"MID_RANGE","2018-10-26 01:17:07.000","EVA GARNIER","2018-01-15","TRUE","GOOD","2018-02-04 08:10:47.000"
"BK2022000663","2022-09-20 11:44:02.000",2022,9,38,770,7,110.00,43,108,151,921,619,"CONFIRMED","2022-09-21 08:51:35.000","2026-08-06T10:58:24",500065,10022,"APARTMENT","Entire home/apt","toulouse","france",5,3,3,110,"MID_RANGE","2019-02-21 06:55:25.000","EMMA GIRARD","2018-01-30","TRUE","ELITE","2018-01-31 07:04:57.000"
"BK2022000664","2022-01-08 00:34:07.000",2022,1,1,496,4,124.00,27,69,96,592,400,"CONFIRMED","2022-01-08 07:39:23.000","2026-08-06T10:58:24",500271,10095,"LOFT","Entire home/apt","paris","france",2,1,1,124,"MID_RANGE","2019-04-28 06:03:25.000","LEA BERTRAND","2018-05-14","TRUE","GOOD","2018-06-05 14:04:43.000"
"BK2022000666","2022-12-12 03:30:29.000",2022,12,50,170,2,85.00,30,24,54,224,116,"CONFIRMED","2022-12-12 13:44:21.000","2026-08-06T10:58:24",500254,10017,"APARTMENT","Private room","paris","france",3,1,1,85,"MID_RANGE","2022-08-10 21:29:47.000","LOUIS MERCIER","2022-03-12","FALSE","LOW","2022-03-31 10:31:01.000"
"BK2022000672","2022-08-08 05:56:33.000",2022,8,32,648,4,162.00,45,91,136,784,512,"CONFIRMED","2022-08-09 02:11:40.000","2026-08-06T10:58:24",500207,10051,"HOUSE","Entire home/apt","marseille","france",11,5,3,162,"MID_RANGE","2021-08-11 10:39:00.000","JADE LEFEBVRE","2020-11-09","TRUE","ELITE","2020-11-09 16:59:51.000"
"BK2022000673","2022-06-11 22:41:07.000",2022,6,23,764,4,191.00,40,107,147,911,617,"CONFIRMED","2022-06-12 06:37:46.000","2026-08-06T10:58:24",500113,10039,"CONDOMINIUM","Entire home/apt","paris","france",5,2,1,191,"MID_RANGE","2021-10-19 20:44:05.000","ANNA PERRIN","2021-01-20","TRUE","GOOD","2021-02-11 10:13:43.000"
"BK2022000702","2022-07-08 10:46:46.000",2022,7,27,140,2,70.00,17,20,37,177,103,"CONFIRMED","2022-07-09 07:28:43.000","2026-08-06T10:58:24",500218,10039,"APARTMENT","Entire home/apt","toulouse","france",3,2,1,70,"BUDGET","2021-09-08 10:28:17.000","ANNA PERRIN","2021-01-20","TRUE","GOOD","2021-02-11 10:13:43.000"
"BK2022000703","2022-07-22 03:39:06.000",2022,7,29,518,7,74.00,20,73,93,611,425,"CONFIRMED","2022-07-22 15:12:00.000","2026-08-06T10:58:24",500228,10017,"STUDIO","Private room","paris","france",1,0,1,74,"BUDGET","2022-04-25 16:30:37.000","LOUIS MERCIER","2022-03-12","FALSE","LOW","2022-03-31 10:31:01.000"
"BK2022000739","2022-09-18 20:53:53.000",2022,9,37,345,3,115.00,26,48,74,419,271,"CONFIRMED","2022-09-18 22:39:09.000","2026-08-06T10:58:24",500020,10073,"LOFT","Hotel room","lille","france",7,3,3,115,"MID_RANGE","2020-08-24 23:20:58.000","LINA MICHEL","2020-03-27","FALSE","LOW","2020-03-31 15:42:07.000"
"BK2022000742","2022-04-10 08:38:28.000",2022,4,14,336,6,56.00,13,47,60,396,276,"CONFIRMED","2022-04-10 23:57:07.000","2026-08-06T10:58:24",500145,10046,"APARTMENT","Private room","lyon","france",3,2,2,56,"BUDGET","2021-06-21 08:17:50.000","LEA LEFEBVRE","2020-12-28","TRUE","GOOD","2021-01-09 01:54:30.000"
"BK2022000751","2022-11-09 20:51:14.000",2022,11,45,318,6,53.00,17,45,62,380,256,"CONFIRMED","2022-11-10 01:46:16.000","2026-08-06T10:58:24",500008,10018,"APARTMENT","Private room","lille","france",4,2,2,53,"BUDGET","2021-12-03 17:24:58.000","MALIK ROBERT","2021-06-13","TRUE","GOOD","2021-07-11 18:05:05.000"
"BK2022000752","2022-02-02 21:31:20.000",2022,2,5,190,2,95.00,35,27,62,252,128,"CANCELLED","2022-02-03 08:39:45.000","2026-08-06T10:58:24",500221,10048,"LOFT","Entire home/apt","marseille","france",5,3,3,95,"MID_RANGE","2021-12-14 23:21:16.000","ANTOINE BERNARD","2021-02-15","FALSE","GOOD","2021-02-27 21:53:34.000"
"BK2022000763","2022-12-18 18:03:11.000",2022,12,50,255,3,85.00,22,36,58,313,197,"CONFIRMED","2022-12-19 16:47:31.000","2026-08-06T10:58:24",500114,10072,"STUDIO","Entire home/apt","strasbourg","france",1,0,1,85,"MID_RANGE","2022-07-19 07:52:39.000","LUCAS DAVID","2021-12-04","TRUE","GOOD","2021-12-28 20:02:48.000"
"BK2022000776","2022-11-26 17:14:29.000",2022,11,47,105,3,35.00,7,15,22,127,83,"CONFIRMED","2022-11-26 19:08:30.000","2026-08-06T10:58:24",500118,10061,"APARTMENT","Shared room","marseille","france",4,2,1,35,"BUDGET","2019-08-26 11:16:06.000","SOFIA GARNIER","2019-07-01","FALSE","ELITE","2019-07-11 14:39:52.000"
"BK2022000781","2022-08-12 01:21:56.000",2022,8,32,188,2,94.00,24,26,50,238,138,"CONFIRMED","2022-08-12 23:56:28.000","2026-08-06T10:58:24",500242,10041,"STUDIO","Entire home/apt","paris","france",2,0,1,94,"MID_RANGE","2018-05-22 15:54:51.000","EVA GARNIER","2018-01-15","TRUE","GOOD","2018-02-04 08:10:47.000"
"BK2022000806","2022-12-02 00:59:57.000",2022,12,48,536,4,134.00,44,75,119,655,417,"CONFIRMED","2022-12-02 05:05:23.000","2026-08-06T10:58:24",500280,10029,"APARTMENT","Entire home/apt","nice","france",5,2,2,134,"MID_RANGE","2022-05-03 23:36:56.000","NOAH GAUTHIER","2022-04-02","TRUE","ELITE","2022-04-10 14:18:27.000"
"BK2022000815","2022-11-14 16:39:47.000",2022,11,46,655,5,131.00,28,92,120,775,535,"CONFIRMED","2022-11-15 04:29:28.000","2026-08-06T10:58:24",500140,10020,"APARTMENT","Entire home/apt","paris","france",1,1,1,131,"MID_RANGE","2020-08-20 11:21:31.000","ETHAN CHEVALIER","2020-05-17","FALSE","GOOD","2020-06-07 20:23:28.000"
"BK2022000860","2022-02-05 02:53:55.000",2022,2,5,605,5,121.00,44,85,129,734,476,"CANCELLED","2022-02-05 05:44:21.000","2026-08-06T10:58:24",500036,10057,"APARTMENT","Entire home/apt","paris","france",1,1,1,121,"MID_RANGE","2022-01-21 03:51:12.000","RAPHAEL FOURNIER","2021-03-08","TRUE","ELITE","2021-03-27 10:05:52.000"
"BK2022000874","2022-05-20 04:00:59.000",2022,5,20,597,3,199.00,32,84,116,713,481,"CONFIRMED","2022-05-20 06:48:11.000","2026-08-06T10:58:24",500094,10033,"CONDOMINIUM","Entire home/apt","paris","france",6,3,2,199,"MID_RANGE","2019-08-20 20:16:14.000","ZOE ROBIN","2019-05-07","FALSE","GOOD","2019-05-26 01:39:05.000"
"BK2022000880","2022-08-10 22:37:22.000",2022,8,32,315,3,105.00,20,44,64,379,251,"CONFIRMED","2022-08-11 19:56:28.000","2026-08-06T10:58:24",500250,10050,"STUDIO","Entire home/apt","paris","france",2,0,1,105,"MID_RANGE","2022-07-28 11:39:50.000","LINA LEFEBVRE","2021-11-16","FALSE","GOOD","2021-12-02 03:24:57.000"
"BK2022000929","2022-02-10 19:42:18.000",2022,2,6,468,6,78.00,27,66,93,561,375,"CANCELLED","2022-02-11 08:32:28.000","2026-08-06T10:58:24",500072,10020,"LOFT","Entire home/apt","bordeaux","france",2,1,1,78,"MID_RANGE","2020-07-02 03:50:08.000","ETHAN CHEVALIER","2020-05-17","FALSE","GOOD","2020-06-07 20:23:28.000"
"BK2022000965","2022-07-23 23:07:47.000",2022,7,29,1078,7,154.00,60,151,211,1289,867,"CONFIRMED","2022-07-24 04:42:00.000","2026-08-06T10:58:24",500157,10050,"APARTMENT","Entire home/apt","nice","france",5,3,2,154,"MID_RANGE","2022-05-28 04:31:24.000","LINA LEFEBVRE","2021-11-16","FALSE","GOOD","2021-12-02 03:24:57.000"
"BK2022000967","2022-06-27 11:33:36.000",2022,6,26,296,4,74.00,29,41,70,366,226,"CANCELLED","2022-06-27 20:39:58.000","2026-08-06T10:58:24",500228,10017,"STUDIO","Private room","paris","france",1,0,1,74,"BUDGET","2022-04-25 16:30:37.000","LOUIS MERCIER","2022-03-12","FALSE","LOW","2022-03-31 10:31:01.000"
"BK2022000978","2022-12-31 05:21:44.000",2022,12,52,300,10,30.00,7,42,49,349,251,"CONFIRMED","2022-12-31 12:45:42.000","2026-08-06T10:58:24",500149,10005,"APARTMENT","Private room","lille","france",1,1,1,30,"BUDGET","2022-12-21 21:38:52.000","NINA RICHARD","2022-01-10","FALSE","LOW","2022-02-02 14:34:07.000"
"BK2022001000","2022-10-26 16:47:27.000",2022,10,43,324,6,54.00,17,45,62,386,262,"CONFIRMED","2022-10-26 21:13:47.000","2026-08-06T10:58:24",500089,10039,"LOFT","Private room","lille","france",5,3,3,54,"BUDGET","2021-04-14 17:03:51.000","ANNA PERRIN","2021-01-20","TRUE","GOOD","2021-02-11 10:13:43.000"
"BK2023000011","2023-11-21 23:38:03.000",2023,11,47,406,2,203.00,69,57,126,532,280,"CONFIRMED","2023-11-22 20:54:12.000","2026-08-06T10:58:24",500196,10055,"HOUSE","Entire home/apt","paris","france",8,4,3,203,"LUXURY","2023-01-28 21:56:00.000","ROSE MOREL","2022-07-22","FALSE","GOOD","2022-07-28 13:50:37.000"
"BK2023000022","2023-07-20 10:32:49.000",2023,7,29,300,3,100.00,38,42,80,380,220,"CONFIRMED","2023-07-21 03:24:21.000","2026-08-06T10:58:24",500059,10044,"APARTMENT","Entire home/apt","nice","france",3,2,2,100,"MID_RANGE","2021-05-21 01:58:03.000","THEO DAVID","2020-05-10","FALSE","GOOD","2020-06-07 13:39:47.000"
"BK2023000031","2023-08-02 04:19:21.000",2023,8,31,770,5,154.00,31,108,139,909,631,"CANCELLED","2023-08-02 09:30:35.000","2026-08-06T10:58:24",500157,10050,"APARTMENT","Entire home/apt","nice","france",5,3,2,154,"MID_RANGE","2022-05-28 04:31:24.000","LINA LEFEBVRE","2021-11-16","FALSE","GOOD","2021-12-02 03:24:57.000"
"BK2023000033","2023-05-08 05:45:04.000",2023,5,19,150,5,30.00,8,21,29,179,121,"CONFIRMED","2023-05-09 03:26:19.000","2026-08-06T10:58:24",500149,10005,"APARTMENT","Private room","lille","france",1,1,1,30,"BUDGET","2022-12-21 21:38:52.000","NINA RICHARD","2022-01-10","FALSE","LOW","2022-02-02 14:34:07.000"
"BK2023000040","2023-09-22 12:11:24.000",2023,9,38,60,2,30.00,7,8,15,75,45,"CONFIRMED","2023-09-23 07:54:34.000","2026-08-06T10:58:24",500149,10005,"APARTMENT","Private room","lille","france",1,1,1,30,"BUDGET","2022-12-21 21:38:52.000","NINA RICHARD","2022-01-10","FALSE","LOW","2022-02-02 14:34:07.000"
"BK2023000050","2023-10-15 21:09:44.000",2023,10,41,282,3,94.00,17,39,56,338,226,"CONFIRMED","2023-10-16 16:52:16.000","2026-08-06T10:58:24",500242,10041,"STUDIO","Entire home/apt","paris","france",2,0,1,94,"MID_RANGE","2018-05-22 15:54:51.000","EVA GARNIER","2018-01-15","TRUE","GOOD","2018-02-04 08:10:47.000"
"BK2023000057","2023-08-22 08:18:29.000",2023,8,34,297,3,99.00,29,42,71,368,226,"CONFIRMED","2023-08-23 02:42:08.000","2026-08-06T10:58:24",500162,10012,"APARTMENT","Entire home/apt","lyon","france",4,2,1,99,"MID_RANGE","2021-05-06 21:12:20.000","LEA LEROY","2020-10-07","FALSE","GOOD","2020-10-20 18:25:23.000"
"BK2023000067","2023-12-18 11:24:54.000",2023,12,51,97,1,97.00,22,14,36,133,61,"CANCELLED","2023-12-19 05:17:44.000","2026-08-06T10:58:24",500090,10031,"APARTMENT","Entire home/apt","nantes","france",4,2,1,97,"MID_RANGE","2021-09-05 19:18:19.000","ETHAN SIMON","2021-07-08","TRUE","ELITE","2021-07-23 16:58:54.000"
"BK2023000071","2023-12-23 09:39:19.000",2023,12,51,595,7,85.00,18,83,101,696,494,"CANCELLED","2023-12-24 01:26:31.000","2026-08-06T10:58:24",500092,10088,"APARTMENT","Private room","marseille","france",7,3,2,85,"MID_RANGE","2021-04-21 23:17:06.000","MALIK PETIT","2021-01-28","TRUE","GOOD","2021-02-14 09:44:08.000"
"BK2023000082","2023-04-02 01:50:20.000",2023,4,13,2230,10,223.00,48,312,360,2590,1870,"CONFIRMED","2023-04-02 13:46:03.000","2026-08-06T10:58:24",500134,10097,"APARTMENT","Entire home/apt","paris","france",6,3,3,223,"LUXURY","2019-03-15 14:14:45.000","MARIE CHEVALIER","2018-10-20","TRUE","GOOD","2018-11-08 23:52:36.000"
"BK2023000092","2023-12-21 23:01:52.000",2023,12,51,46,1,46.00,13,6,19,65,27,"CONFIRMED","2023-12-22 10:20:22.000","2026-08-06T10:58:24",500188,10012,"CONDOMINIUM","Private room","marseille","france",1,1,1,46,"BUDGET","2021-08-29 14:52:33.000","LEA LEROY","2020-10-07","FALSE","GOOD","2020-10-20 18:25:23.000"
"BK2023000096","2023-10-25 09:11:01.000",2023,10,43,94,1,94.00,17,13,30,124,64,"CONFIRMED","2023-10-26 04:39:18.000","2026-08-06T10:58:24",500273,10072,"APARTMENT","Entire home/apt","toulouse","france",5,2,1,94,"MID_RANGE","2022-04-22 19:58:07.000","LUCAS DAVID","2021-12-04","TRUE","GOOD","2021-12-28 20:02:48.000"
"BK2023000100","2023-10-29 19:07:49.000",2023,10,43,172,2,86.00,29,24,53,225,119,"CONFIRMED","2023-10-30 02:54:51.000","2026-08-06T10:58:24",500099,10031,"APARTMENT","Entire home/apt","marseille","france",1,1,1,86,"MID_RANGE","2022-06-04 06:14:49.000","ETHAN SIMON","2021-07-08","TRUE","ELITE","2021-07-23 16:58:54.000"
"BK2023000112","2023-10-17 13:07:41.000",2023,10,42,230,5,46.00,7,32,39,269,191,"CANCELLED","2023-10-17 15:37:32.000","2026-08-06T10:58:24",500132,10099,"LOFT","Shared room","nice","france",4,2,2,46,"BUDGET","2023-07-09 01:53:03.000","ROSE BERTRAND","2022-11-29","TRUE","GOOD","2022-12-27 13:47:20.000"
"BK2023000124","2023-05-19 07:29:02.000",2023,5,20,609,3,203.00,59,85,144,753,465,"CONFIRMED","2023-05-19 11:32:45.000","2026-08-06T10:58:24",500196,10055,"HOUSE","Entire home/apt","paris","france",8,4,3,203,"LUXURY","2023-01-28 21:56:00.000","ROSE MOREL","2022-07-22","FALSE","GOOD","2022-07-28 13:50:37.000"
"BK2023000128","2023-10-08 21:20:52.000",2023,10,40,190,2,95.00,30,27,57,247,133,"CONFIRMED","2023-10-09 03:41:14.000","2026-08-06T10:58:24",500221,10048,"LOFT","Entire home/apt","marseille","france",5,3,3,95,"MID_RANGE","2021-12-14 23:21:16.000","ANTOINE BERNARD","2021-02-15","FALSE","GOOD","2021-02-27 21:53:34.000"
"BK2023000152","2023-02-27 07:17:04.000",2023,2,9,812,7,116.00,43,114,157,969,655,"CANCELLED","2023-02-27 15:37:48.000","2026-08-06T10:58:24",500231,10050,"APARTMENT","Private room","paris","france",5,3,2,116,"MID_RANGE","2023-01-07 01:47:27.000","LINA LEFEBVRE","2021-11-16","FALSE","GOOD","2021-12-02 03:24:57.000"
"BK2023000179","2023-01-12 00:41:23.000",2023,1,2,548,4,137.00,22,77,99,647,449,"CONFIRMED","2023-01-12 04:05:26.000","2026-08-06T10:58:24",500037,10049,"APARTMENT","Entire home/apt","montpellier","france",6,3,2,137,"MID_RANGE","2019-07-16 04:44:02.000","ROSE GARNIER","2019-04-18","FALSE","GOOD","2019-05-18 08:02:06.000"
"BK2023000189","2023-05-08 18:28:14.000",2023,5,19,87,1,87.00,18,12,30,117,57,"CONFIRMED","2023-05-08 23:10:23.000","2026-08-06T10:58:24",500195,10098,"APARTMENT","Private room","paris","france",3,2,1,87,"MID_RANGE","2019-09-05 02:46:32.000","JADE GAUTHIER","2019-05-25","TRUE","GOOD","2019-06-16 12:17:32.000"
"BK2023000191","2023-10-05 14:46:02.000",2023,10,40,2562,14,183.00,54,359,413,2975,2149,"CONFIRMED","2023-10-05 19:40:20.000","2026-08-06T10:58:24",500156,10041,"APARTMENT","Entire home/apt","paris","france",6,3,2,183,"MID_RANGE","2018-11-19 15:47:40.000","EVA GARNIER","2018-01-15","TRUE","GOOD","2018-02-04 08:10:47.000"
"BK2023000208","2023-05-12 20:29:40.000",2023,5,19,555,3,185.00,41,78,119,674,436,"CONFIRMED","2023-05-13 17:50:13.000","2026-08-06T10:58:24",500243,10045,"APARTMENT","Entire home/apt","paris","france",4,2,2,185,"MID_RANGE","2020-06-01 15:55:45.000","ZOE DAVID","2019-10-28","FALSE","LOW","2019-11-02 23:59:21.000"
"BK2023000216","2023-10-11 01:49:05.000",2023,10,41,170,2,85.00,21,24,45,215,125,"CONFIRMED","2023-10-11 06:23:54.000","2026-08-06T10:58:24",500092,10088,"APARTMENT","Private room","marseille","france",7,3,2,85,"MID_RANGE","2021-04-21 23:17:06.000","MALIK PETIT","2021-01-28","TRUE","GOOD","2021-02-14 09:44:08.000"
"BK2023000217","2023-03-07 19:02:22.000",2023,3,10,950,10,95.00,31,133,164,1114,786,"CONFIRMED","2023-03-07 21:39:08.000","2026-08-06T10:58:24",500221,10048,"LOFT","Entire home/apt","marseille","france",5,3,3,95,"MID_RANGE","2021-12-14 23:21:16.000","ANTOINE BERNARD","2021-02-15","FALSE","GOOD","2021-02-27 21:53:34.000"
"BK2023000225","2023-09-11 07:16:06.000",2023,9,37,690,5,138.00,39,97,136,826,554,"CANCELLED","2023-09-12 06:53:20.000","2026-08-06T10:58:24",500022,10057,"APARTMENT","Entire home/apt","paris","france",4,2,2,138,"MID_RANGE","2021-06-03 04:02:15.000","RAPHAEL FOURNIER","2021-03-08","TRUE","ELITE","2021-03-27 10:05:52.000"
"BK2023000235","2023-12-14 10:12:49.000",2023,12,50,552,3,184.00,56,77,133,685,419,"CONFIRMED","2023-12-14 16:20:39.000","2026-08-06T10:58:24",500049,10023,"APARTMENT","Entire home/apt","paris","france",7,3,3,184,"MID_RANGE","2019-11-22 16:40:35.000","SARAH LEGRAND","2018-10-18","TRUE","GOOD","2018-11-08 15:13:34.000"
"BK2023000241","2023-03-23 22:01:31.000",2023,3,12,106,1,106.00,31,15,46,152,60,"CONFIRMED","2023-03-24 12:30:57.000","2026-08-06T10:58:24",500184,10046,"APARTMENT","Entire home/apt","montpellier","france",5,2,2,106,"MID_RANGE","2021-09-17 15:40:23.000","LEA LEFEBVRE","2020-12-28","TRUE","GOOD","2021-01-09 01:54:30.000"
"BK2023000254","2023-12-12 10:37:30.000",2023,12,50,658,7,94.00,36,92,128,786,530,"CONFIRMED","2023-12-12 17:35:26.000","2026-08-06T10:58:24",500273,10072,"APARTMENT","Entire home/apt","toulouse","france",5,2,1,94,"MID_RANGE","2022-04-22 19:58:07.000","LUCAS DAVID","2021-12-04","TRUE","GOOD","2021-12-28 20:02:48.000"
"BK2023000261","2023-03-13 22:10:43.000",2023,3,11,414,3,138.00,27,58,85,499,329,"CONFIRMED","2023-03-14 19:31:05.000","2026-08-06T10:58:24",500022,10057,"APARTMENT","Entire home/apt","paris","france",4,2,2,138,"MID_RANGE","2021-06-03 04:02:15.000","RAPHAEL FOURNIER","2021-03-08","TRUE","ELITE","2021-03-27 10:05:52.000"
"BK2023000279","2023-12-28 17:27:23.000",2023,12,52,826,7,118.00,18,116,134,960,692,"CONFIRMED","2023-12-29 08:53:44.000","2026-08-06T10:58:24",500186,10059,"LOFT","Entire home/apt","bordeaux","france",5,3,2,118,"MID_RANGE","2023-06-14 23:50:01.000","CAMILLE PETIT","2022-08-25","FALSE","GOOD","2022-09-09 12:15:09.000"
"BK2023000285","2023-12-14 07:48:56.000",2023,12,50,476,7,68.00,13,67,80,556,396,"CONFIRMED","2023-12-14 12:43:43.000","2026-08-06T10:58:24",500050,10059,"STUDIO","Entire home/apt","strasbourg","france",2,0,1,68,"BUDGET","2023-04-04 12:35:19.000","CAMILLE PETIT","2022-08-25","FALSE","GOOD","2022-09-09 12:15:09.000"
"BK2023000299","2023-07-19 15:46:41.000",2023,7,29,174,3,58.00,15,24,39,213,135,"CONFIRMED","2023-07-20 13:57:12.000","2026-08-06T10:58:24",500061,10090,"APARTMENT","Private room","nice","france",2,1,1,58,"BUDGET","2019-03-31 01:25:47.000","THEO MOREAU","2018-09-25","TRUE","GOOD","2018-10-13 20:43:03.000"
"BK2023000303","2023-02-15 01:18:04.000",2023,2,7,520,5,104.00,22,73,95,615,425,"CONFIRMED","2023-02-15 23:22:59.000","2026-08-06T10:58:24",500177,10023,"APARTMENT","Entire home/apt","bordeaux","france",3,2,2,104,"MID_RANGE","2019-02-12 11:56:01.000","SARAH LEGRAND","2018-10-18","TRUE","GOOD","2018-11-08 15:13:34.000"
"BK2023000304","2023-01-17 14:41:25.000",2023,1,3,616,4,154.00,25,86,111,727,505,"CONFIRMED","2023-01-18 09:14:22.000","2026-08-06T10:58:24",500157,10050,"APARTMENT","Entire home/apt","nice","france",5,3,2,154,"MID_RANGE","2022-05-28 04:31:24.000","LINA LEFEBVRE","2021-11-16","FALSE","GOOD","2021-12-02 03:24:57.000"
"BK2023000307","2023-10-15 20:40:38.000",2023,10,41,882,7,126.00,44,123,167,1049,715,"CONFIRMED","2023-10-16 05:56:41.000","2026-08-06T10:58:24",500187,10097,"LOFT","Entire home/apt","paris","france",3,2,1,126,"MID_RANGE","2018-11-25 14:08:58.000","MARIE CHEVALIER","2018-10-20","TRUE","GOOD","2018-11-08 23:52:36.000"
"BK2023000335","2023-10-03 01:49:07.000",2023,10,40,86,2,43.00,10,12,22,108,64,"CONFIRMED","2023-10-03 09:12:44.000","2026-08-06T10:58:24",500097,10088,"APARTMENT","Private room","lyon","france",2,1,1,43,"BUDGET","2021-05-29 20:22:17.000","MALIK PETIT","2021-01-28","TRUE","GOOD","2021-02-14 09:44:08.000"
"BK2023000341","2023-07-17 08:01:09.000",2023,7,29,570,6,95.00,21,80,101,671,469,"CONFIRMED","2023-07-17 18:48:40.000","2026-08-06T10:58:24",500221,10048,"LOFT","Entire home/apt","marseille","france",5,3,3,95,"MID_RANGE","2021-12-14 23:21:16.000","ANTOINE BERNARD","2021-02-15","FALSE","GOOD","2021-02-27 21:53:34.000"
"BK2023000345","2023-01-30 12:05:08.000",2023,1,5,316,4,79.00,23,44,67,383,249,"CANCELLED","2023-01-31 02:03:12.000","2026-08-06T10:58:24",500261,10098,"APARTMENT","Entire home/apt","marseille","france",1,1,1,79,"MID_RANGE","2020-01-08 17:07:26.000","JADE GAUTHIER","2019-05-25","TRUE","GOOD","2019-06-16 12:17:32.000"
"BK2023000349","2023-04-13 10:04:54.000",2023,4,15,224,4,56.00,17,31,48,272,176,"CONFIRMED","2023-04-13 15:20:43.000","2026-08-06T10:58:24",500145,10046,"APARTMENT","Private room","lyon","france",3,2,2,56,"BUDGET","2021-06-21 08:17:50.000","LEA LEFEBVRE","2020-12-28","TRUE","GOOD","2021-01-09 01:54:30.000"
"BK2023000352","2023-12-05 18:04:43.000",2023,12,49,495,3,165.00,56,69,125,620,370,"CONFIRMED","2023-12-06 07:45:10.000","2026-08-06T10:58:24",500199,10089,"APARTMENT","Entire home/apt","paris","france",5,3,2,165,"MID_RANGE","2018-08-02 09:28:05.000","LAURA DURAND","2018-02-20","FALSE","ELITE","2018-03-02 05:03:16.000"
"BK2023000362","2023-06-29 10:49:47.000",2023,6,26,472,4,118.00,20,66,86,558,386,"CONFIRMED","2023-06-30 02:16:48.000","2026-08-06T10:58:24",500124,10058,"CONDOMINIUM","Entire home/apt","toulouse","france",7,3,2,118,"MID_RANGE","2021-01-17 13:54:57.000","CHLOE FRANCOIS","2020-07-09","FALSE","LOW","2020-07-16 15:39:54.000"
"BK2023000367","2023-08-31 00:15:37.000",2023,8,35,652,2,326.00,108,91,199,851,453,"CONFIRMED","2023-08-31 07:47:51.000","2026-08-06T10:58:24",500178,10051,"HOUSE","Entire home/apt","paris","france",11,5,2,326,"LUXURY","2021-02-23 01:48:36.000","JADE LEFEBVRE","2020-11-09","TRUE","ELITE","2020-11-09 16:59:51.000"
"BK2023000371","2023-02-13 15:13:04.000",2023,2,7,309,3,103.00,20,43,63,372,246,"CONFIRMED","2023-02-13 17:34:31.000","2026-08-06T10:58:24",500025,10059,"LOFT","Entire home/apt","lyon","france",5,2,2,103,"MID_RANGE","2023-01-07 03:16:48.000","CAMILLE PETIT","2022-08-25","FALSE","GOOD","2022-09-09 12:15:09.000"
"BK2023000378","2023-07-27 08:20:07.000",2023,7,30,102,3,34.00,13,14,27,129,75,"CANCELLED","2023-07-27 08:48:16.000","2026-08-06T10:58:24",500272,10046,"STUDIO","Private room","marseille","france",1,0,1,34,"BUDGET","2021-03-16 01:11:16.000","LEA LEFEBVRE","2020-12-28","TRUE","GOOD","2021-01-09 01:54:30.000"
"BK2023000385","2023-08-17 07:55:26.000",2023,8,33,183,1,183.00,45,26,71,254,112,"CONFIRMED","2023-08-17 10:59:14.000","2026-08-06T10:58:24",500156,10041,"APARTMENT","Entire home/apt","paris","france",6,3,2,183,"MID_RANGE","2018-11-19 15:47:40.000","EVA GARNIER","2018-01-15","TRUE","GOOD","2018-02-04 08:10:47.000"
"BK2023000392","2023-09-05 03:07:48.000",2023,9,36,642,3,214.00,60,90,150,792,492,"CONFIRMED","2023-09-05 14:27:06.000","2026-08-06T10:58:24",500210,10078,"HOUSE","Entire home/apt","paris","france",6,3,2,214,"LUXURY","2023-01-22 23:44:12.000","ENZO LEGRAND","2022-01-23","FALSE","GOOD","2022-01-28 23:33:41.000"
"BK2023000403","2023-12-06 15:06:52.000",2023,12,49,246,3,82.00,19,34,53,299,193,"CONFIRMED","2023-12-06 16:19:07.000","2026-08-06T10:58:24",500153,10090,"HOUSE","Private room","paris","france",4,2,2,82,"MID_RANGE","2019-07-23 11:46:43.000","THEO MOREAU","2018-09-25","TRUE","GOOD","2018-10-13 20:43:03.000"
"BK2023000405","2023-09-11 05:06:11.000",2023,9,37,1580,10,158.00,24,221,245,1825,1335,"CONFIRMED","2023-09-11 12:54:46.000","2026-08-06T10:58:24",500248,10063,"APARTMENT","Entire home/apt","paris","france",5,2,2,158,"MID_RANGE","2023-07-13 15:25:57.000","ANTOINE MOREL","2023-06-08","FALSE","LOW","2023-06-30 09:15:17.000"
"BK2023000418","2023-06-15 16:48:32.000",2023,6,24,1225,7,175.00,65,172,237,1462,988,"CONFIRMED","2023-06-15 23:43:15.000","2026-08-06T10:58:24",500034,10068,"APARTMENT","Entire home/apt","paris","france",5,2,1,175,"MID_RANGE","2022-09-28 07:48:56.000","YANIS LEROY","2022-05-12","TRUE","ELITE","2022-06-06 12:46:10.000"
"BK2023000420","2023-11-13 23:52:43.000",2023,11,46,324,3,108.00,35,45,80,404,244,"CONFIRMED","2023-11-14 16:40:45.000","2026-08-06T10:58:24",500027,10039,"APARTMENT","Entire home/apt","montpellier","france",5,3,3,108,"MID_RANGE","2022-01-21 09:58:17.000","ANNA PERRIN","2021-01-20","TRUE","GOOD","2021-02-11 10:13:43.000"
"BK2023000454","2023-10-01 01:54:45.000",2023,10,39,570,5,114.00,29,80,109,679,461,"CONFIRMED","2023-10-01 12:31:46.000","2026-08-06T10:58:24",500182,10048,"APARTMENT","Entire home/apt","nice","france",3,1,1,114,"MID_RANGE","2021-11-04 18:28:18.000","ANTOINE BERNARD","2021-02-15","FALSE","GOOD","2021-02-27 21:53:34.000"
"BK2023000461","2023-11-08 13:27:09.000",2023,11,45,222,2,111.00,26,31,57,279,165,"CONFIRMED","2023-11-09 03:56:45.000","2026-08-06T10:58:24",500229,10056,"APARTMENT","Entire home/apt","nantes","france",6,3,2,111,"MID_RANGE","2023-06-30 00:48:18.000","INES RICHARD","2023-03-20","TRUE","ELITE","2023-03-26 16:30:50.000"
"BK2023000482","2023-12-28 01:52:37.000",2023,12,52,57,1,57.00,22,8,30,87,27,"CANCELLED","2023-12-28 21:48:01.000","2026-08-06T10:58:24",500170,10033,"LOFT","Private room","nice","france",2,1,1,57,"BUDGET","2020-02-23 18:39:03.000","ZOE ROBIN","2019-05-07","FALSE","GOOD","2019-05-26 01:39:05.000"
"BK2023000495","2023-09-11 07:25:06.000",2023,9,37,3290,14,235.00,74,461,535,3825,2755,"CONFIRMED","2023-09-12 06:51:54.000","2026-08-06T10:58:24",500219,10045,"HOUSE","Entire home/apt","nice","france",8,4,3,235,"LUXURY","2020-11-09 09:05:34.000","ZOE DAVID","2019-10-28","FALSE","LOW","2019-11-02 23:59:21.000"
"BK2023000501","2023-10-24 09:08:27.000",2023,10,43,450,10,45.00,14,63,77,527,373,"CONFIRMED","2023-10-24 12:22:00.000","2026-08-06T10:58:24",500052,10040,"APARTMENT","Private room","toulouse","france",3,1,1,45,"BUDGET","2023-10-05 07:50:39.000","ENZO DUBOIS","2023-06-25","TRUE","GOOD","2023-06-27 20:27:53.000"
"BK2023000515","2023-02-22 19:53:13.000",2023,2,8,595,7,85.00,19,83,102,697,493,"CONFIRMED","2023-02-23 03:24:56.000","2026-08-06T10:58:24",500114,10072,"STUDIO","Entire home/apt","strasbourg","france",1,0,1,85,"MID_RANGE","2022-07-19 07:52:39.000","LUCAS DAVID","2021-12-04","TRUE","GOOD","2021-12-28 20:02:48.000"
"BK2023000517","2023-06-08 17:25:49.000",2023,6,23,508,4,127.00,39,71,110,618,398,"CONFIRMED","2023-06-09 15:49:52.000","2026-08-06T10:58:24",500258,10078,"APARTMENT","Entire home/apt","nice","france",5,2,1,127,"MID_RANGE","2022-09-29 08:31:04.000","ENZO LEGRAND","2022-01-23","FALSE","GOOD","2022-01-28 23:33:41.000"
"BK2023000521","2023-02-03 19:06:20.000",2023,2,5,665,5,133.00,39,93,132,797,533,"CONFIRMED","2023-02-04 05:03:29.000","2026-08-06T10:58:24",500298,10052,"APARTMENT","Entire home/apt","nantes","france",6,3,2,133,"MID_RANGE","2022-10-15 20:46:51.000","LOUIS FOURNIER","2022-01-31","TRUE","ELITE","2022-03-01 10:39:20.000"
"BK2023000524","2023-11-11 10:17:55.000",2023,11,45,476,4,119.00,30,67,97,573,379,"CONFIRMED","2023-11-11 22:49:14.000","2026-08-06T10:58:24",500264,10061,"APARTMENT","Entire home/apt","bordeaux","france",5,2,1,119,"MID_RANGE","2020-01-24 15:50:46.000","SOFIA GARNIER","2019-07-01","FALSE","ELITE","2019-07-11 14:39:52.000"
"BK2023000532","2023-02-01 18:31:07.000",2023,2,5,600,10,60.00,17,84,101,701,499,"CONFIRMED","2023-02-01 23:07:38.000","2026-08-06T10:58:24",500217,10060,"LOFT","Entire home/apt","lille","france",3,1,1,60,"BUDGET","2023-02-01 11:12:05.000","LOUIS FRANCOIS","2022-10-08","TRUE","ELITE","2022-10-22 01:35:15.000"
"BK2023000535","2023-06-26 11:11:55.000",2023,6,26,669,3,223.00,38,94,132,801,537,"CONFIRMED","2023-06-27 09:21:29.000","2026-08-06T10:58:24",500134,10097,"APARTMENT","Entire home/apt","paris","france",6,3,3,223,"LUXURY","2019-03-15 14:14:45.000","MARIE CHEVALIER","2018-10-20","TRUE","GOOD","2018-11-08 23:52:36.000"
"BK2023000541","2023-12-22 14:05:12.000",2023,12,51,206,2,103.00,36,29,65,271,141,"CONFIRMED","2023-12-23 05:42:20.000","2026-08-06T10:58:24",500025,10059,"LOFT","Entire home/apt","lyon","france",5,2,2,103,"MID_RANGE","2023-01-07 03:16:48.000","CAMILLE PETIT","2022-08-25","FALSE","GOOD","2022-09-09 12:15:09.000"
"BK2023000556","2023-12-19 17:01:18.000",2023,12,51,406,7,58.00,19,57,76,482,330,"CONFIRMED","2023-12-20 09:48:17.000","2026-08-06T10:58:24",500061,10090,"APARTMENT","Private room","nice","france",2,1,1,58,"BUDGET","2019-03-31 01:25:47.000","THEO MOREAU","2018-09-25","TRUE","GOOD","2018-10-13 20:43:03.000"
"BK2023000558","2023-02-23 03:13:20.000",2023,2,8,204,3,68.00,15,29,44,248,160,"CONFIRMED","2023-02-23 10:52:29.000","2026-08-06T10:58:24",500176,10041,"APARTMENT","Private room","paris","france",2,1,1,68,"BUDGET","2018-04-30 07:26:20.000","EVA GARNIER","2018-01-15","TRUE","GOOD","2018-02-04 08:10:47.000"
"BK2023000559","2023-07-19 07:49:11.000",2023,7,29,104,2,52.00,11,15,26,130,78,"CONFIRMED","2023-07-19 14:19:56.000","2026-08-06T10:58:24",500262,10068,"APARTMENT","Entire home/apt","lille","france",1,1,1,52,"BUDGET","2022-07-02 00:31:22.000","YANIS LEROY","2022-05-12","TRUE","ELITE","2022-06-06 12:46:10.000"
"BK2023000570","2023-02-25 07:46:49.000",2023,2,8,546,7,78.00,25,76,101,647,445,"CONFIRMED","2023-02-25 23:30:23.000","2026-08-06T10:58:24",500067,10037,"APARTMENT","Entire home/apt","nantes","france",1,1,1,78,"MID_RANGE","2019-11-27 06:10:46.000","ETHAN MARTIN","2019-10-09","TRUE","ELITE","2019-10-31 09:39:51.000"
"BK2023000590","2023-12-24 13:10:54.000",2023,12,51,3290,14,235.00,46,461,507,3797,2783,"CONFIRMED","2023-12-25 04:38:24.000","2026-08-06T10:58:24",500219,10045,"HOUSE","Entire home/apt","nice","france",8,4,3,235,"LUXURY","2020-11-09 09:05:34.000","ZOE DAVID","2019-10-28","FALSE","LOW","2019-11-02 23:59:21.000"
"BK2023000592","2023-11-11 12:09:42.000",2023,11,45,184,2,92.00,16,26,42,226,142,"CONFIRMED","2023-11-12 10:14:57.000","2026-08-06T10:58:24",500274,10054,"APARTMENT","Entire home/apt","nantes","france",4,2,1,92,"MID_RANGE","2021-02-05 18:34:50.000","SACHA FOURNIER","2020-02-25","TRUE","ELITE","2020-03-17 23:57:11.000"
"BK2023000593","2023-06-20 06:44:02.000",2023,6,25,354,3,118.00,32,50,82,436,272,"CONFIRMED","2023-06-20 08:42:24.000","2026-08-06T10:58:24",500186,10059,"LOFT","Entire home/apt","bordeaux","france",5,3,2,118,"MID_RANGE","2023-06-14 23:50:01.000","CAMILLE PETIT","2022-08-25","FALSE","GOOD","2022-09-09 12:15:09.000"
"BK2023000597","2023-06-23 06:43:54.000",2023,6,25,1484,7,212.00,40,208,248,1732,1236,"CONFIRMED","2023-06-24 06:17:38.000","2026-08-06T10:58:24",500126,10029,"APARTMENT","Entire home/apt","paris","france",7,3,3,212,"LUXURY","2023-01-17 06:07:01.000","NOAH GAUTHIER","2022-04-02","TRUE","ELITE","2022-04-10 14:18:27.000"
"BK2023000612","2023-11-26 05:40:01.000",2023,11,47,396,3,132.00,23,55,78,474,318,"CONFIRMED","2023-11-26 14:10:17.000","2026-08-06T10:58:24",500152,10068,"APARTMENT","Entire home/apt","paris","france",4,2,2,132,"MID_RANGE","2022-12-31 03:22:25.000","YANIS LEROY","2022-05-12","TRUE","ELITE","2022-06-06 12:46:10.000"
"BK2023000628","2023-05-16 21:47:23.000",2023,5,20,854,7,122.00,40,120,160,1014,694,"CONFIRMED","2023-05-17 11:13:45.000","2026-08-06T10:58:24",500009,10076,"HOUSE","Private room","bordeaux","france",12,5,3,122,"MID_RANGE","2019-12-27 12:14:31.000","CLARA GARNIER","2019-02-22","FALSE","LOW","2019-03-19 18:50:02.000"
"BK2023000633","2023-10-26 13:40:01.000",2023,10,43,204,3,68.00,26,29,55,259,149,"CONFIRMED","2023-10-26 14:03:51.000","2026-08-06T10:58:24",500241,10078,"STUDIO","Entire home/apt","lyon","france",1,0,1,68,"BUDGET","2023-02-14 01:49:03.000","ENZO LEGRAND","2022-01-23","FALSE","GOOD","2022-01-28 23:33:41.000"
"BK2023000635","2023-01-06 07:00:04.000",2023,1,1,259,7,37.00,13,36,49,308,210,"CONFIRMED","2023-01-06 17:10:40.000","2026-08-06T10:58:24",500213,10059,"APARTMENT","Private room","marseille","france",2,1,1,37,"BUDGET","2022-11-01 06:58:55.000","CAMILLE PETIT","2022-08-25","FALSE","GOOD","2022-09-09 12:15:09.000"
"BK2023000636","2023-04-24 16:46:28.000",2023,4,17,380,4,95.00,24,53,77,457,303,"CONFIRMED","2023-04-24 21:26:52.000","2026-08-06T10:58:24",500221,10048,"LOFT","Entire home/apt","marseille","france",5,3,3,95,"MID_RANGE","2021-12-14 23:21:16.000","ANTOINE BERNARD","2021-02-15","FALSE","GOOD","2021-02-27 21:53:34.000"
"BK2023000637","2023-07-19 03:37:01.000",2023,7,29,162,3,54.00,9,23,32,194,130,"CONFIRMED","2023-07-20 00:13:51.000","2026-08-06T10:58:24",500089,10039,"LOFT","Private room","lille","france",5,3,3,54,"BUDGET","2021-04-14 17:03:51.000","ANNA PERRIN","2021-01-20","TRUE","GOOD","2021-02-11 10:13:43.000"
"BK2023000638","2023-10-02 04:53:52.000",2023,10,40,290,2,145.00,25,41,66,356,224,"CONFIRMED","2023-10-02 05:33:37.000","2026-08-06T10:58:24",500201,10028,"APARTMENT","Entire home/apt","nice","france",6,3,2,145,"MID_RANGE","2020-10-31 11:43:32.000","NATHAN SIMON","2020-08-26","TRUE","ELITE","2020-09-10 06:55:25.000"
"BK2023000648","2023-10-29 11:27:32.000",2023,10,43,602,7,86.00,28,84,112,714,490,"CANCELLED","2023-10-30 06:18:21.000","2026-08-06T10:58:24",500099,10031,"APARTMENT","Entire home/apt","marseille","france",1,1,1,86,"MID_RANGE","2022-06-04 06:14:49.000","ETHAN SIMON","2021-07-08","TRUE","ELITE","2021-07-23 16:58:54.000"
"BK2023000665","2023-06-18 14:58:18.000",2023,6,24,924,7,132.00,42,129,171,1095,753,"CONFIRMED","2023-06-19 13:02:22.000","2026-08-06T10:58:24",500152,10068,"APARTMENT","Entire home/apt","paris","france",4,2,2,132,"MID_RANGE","2022-12-31 03:22:25.000","YANIS LEROY","2022-05-12","TRUE","ELITE","2022-06-06 12:46:10.000"
"BK2023000668","2023-03-24 05:04:37.000",2023,3,12,504,4,126.00,43,71,114,618,390,"CONFIRMED","2023-03-24 18:15:20.000","2026-08-06T10:58:24",500187,10097,"LOFT","Entire home/apt","paris","france",3,2,1,126,"MID_RANGE","2018-11-25 14:08:58.000","MARIE CHEVALIER","2018-10-20","TRUE","GOOD","2018-11-08 23:52:36.000"
"BK2023000678","2023-07-27 03:27:41.000",2023,7,30,364,7,52.00,15,51,66,430,298,"CANCELLED","2023-07-27 19:59:51.000","2026-08-06T10:58:24",500251,10035,"APARTMENT","Private room","bordeaux","france",1,1,1,52,"BUDGET","2022-03-07 12:20:39.000","JADE MICHEL","2021-07-19","FALSE","GOOD","2021-08-07 18:06:04.000"
"BK2023000689","2023-07-17 23:47:58.000",2023,7,29,721,7,103.00,39,101,140,861,581,"CONFIRMED","2023-07-18 18:15:41.000","2026-08-06T10:58:24",500198,10028,"APARTMENT","Entire home/apt","marseille","france",6,3,2,103,"MID_RANGE","2021-03-04 10:50:52.000","NATHAN SIMON","2020-08-26","TRUE","ELITE","2020-09-10 06:55:25.000"
"BK2023000700","2023-06-13 13:36:24.000",2023,6,24,332,2,166.00,56,46,102,434,230,"CONFIRMED","2023-06-14 05:06:42.000","2026-08-06T10:58:24",500222,10017,"APARTMENT","Entire home/apt","paris","france",5,2,2,166,"MID_RANGE","2022-08-17 17:35:13.000","LOUIS MERCIER","2022-03-12","FALSE","LOW","2022-03-31 10:31:01.000"
"BK2023000701","2023-07-14 16:10:15.000",2023,7,28,150,5,30.00,7,21,28,178,122,"CONFIRMED","2023-07-15 06:37:07.000","2026-08-06T10:58:24",500149,10005,"APARTMENT","Private room","lille","france",1,1,1,30,"BUDGET","2022-12-21 21:38:52.000","NINA RICHARD","2022-01-10","FALSE","LOW","2022-02-02 14:34:07.000"
"BK2023000704","2023-12-04 20:28:49.000",2023,12,49,508,4,127.00,35,71,106,614,402,"CONFIRMED","2023-12-05 08:10:35.000","2026-08-06T10:58:24",500258,10078,"APARTMENT","Entire home/apt","nice","france",5,2,1,127,"MID_RANGE","2022-09-29 08:31:04.000","ENZO LEGRAND","2022-01-23","FALSE","GOOD","2022-01-28 23:33:41.000"
"BK2023000735","2023-09-22 10:38:40.000",2023,9,38,230,2,115.00,36,32,68,298,162,"CONFIRMED","2023-09-22 13:58:16.000","2026-08-06T10:58:24",500020,10073,"LOFT","Hotel room","lille","france",7,3,3,115,"MID_RANGE","2020-08-24 23:20:58.000","LINA MICHEL","2020-03-27","FALSE","LOW","2020-03-31 15:42:07.000"
"BK2023000740","2023-08-11 23:47:57.000",2023,8,32,322,7,46.00,13,45,58,380,264,"CONFIRMED","2023-08-12 10:54:01.000","2026-08-06T10:58:24",500132,10099,"LOFT","Shared room","nice","france",4,2,2,46,"BUDGET","2023-07-09 01:53:03.000","ROSE BERTRAND","2022-11-29","TRUE","GOOD","2022-12-27 13:47:20.000"
"BK2023000756","2023-02-25 20:21:45.000",2023,2,8,316,4,79.00,13,44,57,373,259,"CONFIRMED","2023-02-26 05:42:09.000","2026-08-06T10:58:24",500261,10098,"APARTMENT","Entire home/apt","marseille","france",1,1,1,79,"MID_RANGE","2020-01-08 17:07:26.000","JADE GAUTHIER","2019-05-25","TRUE","GOOD","2019-06-16 12:17:32.000"
"BK2023000762","2023-11-05 08:49:20.000",2023,11,44,326,2,163.00,30,46,76,402,250,"CONFIRMED","2023-11-05 20:40:25.000","2026-08-06T10:58:24",500062,10095,"VILLA","Entire home/apt","montpellier","france",12,5,3,163,"MID_RANGE","2018-11-10 19:18:04.000","LEA BERTRAND","2018-05-14","TRUE","GOOD","2018-06-05 14:04:43.000"
"BK2023000765","2023-10-25 00:31:56.000",2023,10,43,2120,10,212.00,67,297,364,2484,1756,"CONFIRMED","2023-10-25 16:24:07.000","2026-08-06T10:58:24",500126,10029,"APARTMENT","Entire home/apt","paris","france",7,3,3,212,"LUXURY","2023-01-17 06:07:01.000","NOAH GAUTHIER","2022-04-02","TRUE","ELITE","2022-04-10 14:18:27.000"
"BK2023000773","2023-09-15 17:36:07.000",2023,9,37,573,3,191.00,48,80,128,701,445,"CONFIRMED","2023-09-16 10:49:56.000","2026-08-06T10:58:24",500113,10039,"CONDOMINIUM","Entire home/apt","paris","france",5,2,1,191,"MID_RANGE","2021-10-19 20:44:05.000","ANNA PERRIN","2021-01-20","TRUE","GOOD","2021-02-11 10:13:43.000"
"BK2023000783","2023-07-02 11:28:27.000",2023,7,26,528,3,176.00,31,74,105,633,423,"CONFIRMED","2023-07-03 07:33:33.000","2026-08-06T10:58:24",500013,10089,"APARTMENT","Entire home/apt","lyon","france",7,3,3,176,"MID_RANGE","2019-01-17 04:00:04.000","LAURA DURAND","2018-02-20","FALSE","ELITE","2018-03-02 05:03:16.000"
"BK2023000787","2023-08-07 10:36:07.000",2023,8,32,560,4,140.00,51,78,129,689,431,"CANCELLED","2023-08-07 14:03:51.000","2026-08-06T10:58:24",500121,10037,"HOUSE","Entire home/apt","marseille","france",8,3,3,140,"MID_RANGE","2019-12-27 19:50:37.000","ETHAN MARTIN","2019-10-09","TRUE","ELITE","2019-10-31 09:39:51.000"
"BK2023000800","2023-08-05 10:48:51.000",2023,8,31,114,1,114.00,34,16,50,164,64,"CONFIRMED","2023-08-06 07:42:08.000","2026-08-06T10:58:24",500182,10048,"APARTMENT","Entire home/apt","nice","france",3,1,1,114,"MID_RANGE","2021-11-04 18:28:18.000","ANTOINE BERNARD","2021-02-15","FALSE","GOOD","2021-02-27 21:53:34.000"
"BK2023000802","2023-02-22 18:49:46.000",2023,2,8,528,3,176.00,45,74,119,647,409,"CONFIRMED","2023-02-23 07:12:57.000","2026-08-06T10:58:24",500013,10089,"APARTMENT","Entire home/apt","lyon","france",7,3,3,176,"MID_RANGE","2019-01-17 04:00:04.000","LAURA DURAND","2018-02-20","FALSE","ELITE","2018-03-02 05:03:16.000"
"BK2023000808","2023-09-20 10:09:28.000",2023,9,38,366,3,122.00,40,51,91,457,275,"CANCELLED","2023-09-21 02:10:10.000","2026-08-06T10:58:24",500009,10076,"HOUSE","Private room","bordeaux","france",12,5,3,122,"MID_RANGE","2019-12-27 12:14:31.000","CLARA GARNIER","2019-02-22","FALSE","LOW","2019-03-19 18:50:02.000"
"BK2023000809","2023-12-12 08:21:03.000",2023,12,50,162,1,162.00,58,23,81,243,81,"CONFIRMED","2023-12-12 10:32:31.000","2026-08-06T10:58:24",500207,10051,"HOUSE","Entire home/apt","marseille","france",11,5,3,162,"MID_RANGE","2021-08-11 10:39:00.000","JADE LEFEBVRE","2020-11-09","TRUE","ELITE","2020-11-09 16:59:51.000"
"BK2023000814","2023-04-13 14:15:51.000",2023,4,15,153,3,51.00,11,21,32,185,121,"CONFIRMED","2023-04-13 22:09:03.000","2026-08-06T10:58:24",500068,10048,"APARTMENT","Private room","bordeaux","france",2,1,1,51,"BUDGET","2021-07-17 12:51:06.000","ANTOINE BERNARD","2021-02-15","FALSE","GOOD","2021-02-27 21:53:34.000"
"BK2023000817","2023-08-23 08:19:37.000",2023,8,34,840,7,120.00,24,118,142,982,698,"CONFIRMED","2023-08-23 10:52:26.000","2026-08-06T10:58:24",500223,10018,"HOUSE","Entire home/apt","nantes","france",7,3,3,120,"MID_RANGE","2021-09-11 11:27:54.000","MALIK ROBERT","2021-06-13","TRUE","GOOD","2021-07-11 18:05:05.000"
"BK2023000820","2023-09-10 11:59:19.000",2023,9,36,278,2,139.00,53,39,92,370,186,"CONFIRMED","2023-09-11 05:11:07.000","2026-08-06T10:58:24",500244,10045,"APARTMENT","Entire home/apt","bordeaux","france",7,3,2,139,"MID_RANGE","2019-12-10 01:17:22.000","ZOE DAVID","2019-10-28","FALSE","LOW","2019-11-02 23:59:21.000"
"BK2023000824","2023-08-22 07:16:05.000",2023,8,34,546,7,78.00,14,76,90,636,456,"CONFIRMED","2023-08-22 12:45:05.000","2026-08-06T10:58:24",500067,10037,"APARTMENT","Entire home/apt","nantes","france",1,1,1,78,"MID_RANGE","2019-11-27 06:10:46.000","ETHAN MARTIN","2019-10-09","TRUE","ELITE","2019-10-31 09:39:51.000"
"BK2023000835","2023-09-07 17:05:30.000",2023,9,36,595,7,85.00,14,83,97,692,498,"CONFIRMED","2023-09-07 23:38:22.000","2026-08-06T10:58:24",500092,10088,"APARTMENT","Private room","marseille","france",7,3,2,85,"MID_RANGE","2021-04-21 23:17:06.000","MALIK PETIT","2021-01-28","TRUE","GOOD","2021-02-14 09:44:08.000"
"BK2023000836","2023-05-19 03:48:34.000",2023,5,20,136,1,136.00,50,19,69,205,67,"CONFIRMED","2023-05-19 23:31:57.000","2026-08-06T10:58:24",500233,10100,"STUDIO","Entire home/apt","paris","france",2,0,1,136,"MID_RANGE","2018-07-03 02:19:16.000","ENZO DUBOIS","2018-04-16","TRUE","ELITE","2018-05-12 18:37:01.000"
"BK2023000851","2023-08-09 22:39:17.000",2023,8,32,1218,14,87.00,25,171,196,1414,1022,"CONFIRMED","2023-08-10 22:04:52.000","2026-08-06T10:58:24",500064,10005,"STUDIO","Entire home/apt","nice","france",2,0,1,87,"MID_RANGE","2023-01-23 10:26:04.000","NINA RICHARD","2022-01-10","FALSE","LOW","2022-02-02 14:34:07.000"
"BK2023000856","2023-03-10 10:23:27.000",2023,3,10,428,2,214.00,66,60,126,554,302,"CONFIRMED","2023-03-10 11:11:05.000","2026-08-06T10:58:24",500210,10078,"HOUSE","Entire home/apt","paris","france",6,3,2,214,"LUXURY","2023-01-22 23:44:12.000","ENZO LEGRAND","2022-01-23","FALSE","GOOD","2022-01-28 23:33:41.000"
"BK2023000868","2023-03-09 17:57:49.000",2023,3,10,770,7,110.00,33,108,141,911,629,"CONFIRMED","2023-03-10 02:21:35.000","2026-08-06T10:58:24",500197,10086,"APARTMENT","Entire home/apt","strasbourg","france",5,2,1,110,"MID_RANGE","2020-04-19 21:43:48.000","ETHAN VINCENT","2020-02-24","TRUE","ELITE","2020-03-03 23:37:48.000"
"BK2023000875","2023-01-23 07:37:30.000",2023,1,4,202,2,101.00,21,28,49,251,153,"CONFIRMED","2023-01-23 21:44:04.000","2026-08-06T10:58:24",500033,10017,"STUDIO","Entire home/apt","paris","france",2,0,1,101,"MID_RANGE","2022-04-26 15:18:27.000","LOUIS MERCIER","2022-03-12","FALSE","LOW","2022-03-31 10:31:01.000"
"BK2023000876","2023-11-06 06:02:29.000",2023,11,45,324,3,108.00,28,45,73,397,251,"CONFIRMED","2023-11-06 23:39:42.000","2026-08-06T10:58:24",500027,10039,"APARTMENT","Entire home/apt","montpellier","france",5,3,3,108,"MID_RANGE","2022-01-21 09:58:17.000","ANNA PERRIN","2021-01-20","TRUE","GOOD","2021-02-11 10:13:43.000"
"BK2023000889","2023-12-21 20:18:27.000",2023,12,51,315,3,105.00,18,44,62,377,253,"CONFIRMED","2023-12-22 13:41:55.000","2026-08-06T10:58:24",500250,10050,"STUDIO","Entire home/apt","paris","france",2,0,1,105,"MID_RANGE","2022-07-28 11:39:50.000","LINA LEFEBVRE","2021-11-16","FALSE","GOOD","2021-12-02 03:24:57.000"
"BK2023000894","2023-02-12 22:08:57.000",2023,2,6,552,3,184.00,65,77,142,694,410,"CONFIRMED","2023-02-13 14:31:58.000","2026-08-06T10:58:24",500012,10057,"VILLA","Entire home/apt","paris","france",7,3,2,184,"MID_RANGE","2022-05-01 18:27:31.000","RAPHAEL FOURNIER","2021-03-08","TRUE","ELITE","2021-03-27 10:05:52.000"
"BK2023000895","2023-07-27 02:00:35.000",2023,7,30,469,7,67.00,23,66,89,558,380,"CONFIRMED","2023-07-27 22:05:22.000","2026-08-06T10:58:24",500290,10095,"STUDIO","Private room","paris","france",1,0,1,67,"BUDGET","2018-09-01 00:27:40.000","LEA BERTRAND","2018-05-14","TRUE","GOOD","2018-06-05 14:04:43.000"
"BK2023000921","2023-11-06 02:47:57.000",2023,11,45,238,2,119.00,42,33,75,313,163,"CONFIRMED","2023-11-06 23:54:39.000","2026-08-06T10:58:24",500264,10061,"APARTMENT","Entire home/apt","bordeaux","france",5,2,1,119,"MID_RANGE","2020-01-24 15:50:46.000","SOFIA GARNIER","2019-07-01","FALSE","ELITE","2019-07-11 14:39:52.000"
"BK2023000924","2023-08-05 05:25:05.000",2023,8,31,104,2,52.00,8,15,23,127,81,"CONFIRMED","2023-08-05 22:03:54.000","2026-08-06T10:58:24",500262,10068,"APARTMENT","Entire home/apt","lille","france",1,1,1,52,"BUDGET","2022-07-02 00:31:22.000","YANIS LEROY","2022-05-12","TRUE","ELITE","2022-06-06 12:46:10.000"
"BK2023000927","2023-02-02 00:40:44.000",2023,2,5,1120,14,80.00,30,157,187,1307,933,"CONFIRMED","2023-02-02 23:59:44.000","2026-08-06T10:58:24",500206,10088,"APARTMENT","Hotel room","paris","france",1,1,1,80,"MID_RANGE","2021-06-04 11:43:11.000","MALIK PETIT","2021-01-28","TRUE","GOOD","2021-02-14 09:44:08.000"
"BK2023000940","2023-11-08 18:47:17.000",2023,11,45,1610,7,230.00,67,225,292,1902,1318,"CONFIRMED","2023-11-09 15:35:06.000","2026-08-06T10:58:24",500021,10046,"APARTMENT","Entire home/apt","paris","france",7,3,2,230,"LUXURY","2021-11-26 21:56:49.000","LEA LEFEBVRE","2020-12-28","TRUE","GOOD","2021-01-09 01:54:30.000"
"BK2023000942","2023-04-07 11:14:24.000",2023,4,14,132,3,44.00,17,18,35,167,97,"CONFIRMED","2023-04-07 12:34:53.000","2026-08-06T10:58:24",500234,10035,"STUDIO","Private room","bordeaux","france",1,0,1,44,"BUDGET","2021-11-03 23:21:41.000","JADE MICHEL","2021-07-19","FALSE","GOOD","2021-08-07 18:06:04.000"
"BK2023000950","2023-11-13 19:44:02.000",2023,11,46,595,7,85.00,22,83,105,700,490,"CONFIRMED","2023-11-13 20:02:17.000","2026-08-06T10:58:24",500254,10017,"APARTMENT","Private room","paris","france",3,1,1,85,"MID_RANGE","2022-08-10 21:29:47.000","LOUIS MERCIER","2022-03-12","FALSE","LOW","2022-03-31 10:31:01.000"
"BK2023000961","2023-04-12 07:34:53.000",2023,4,15,850,10,85.00,25,119,144,994,706,"CANCELLED","2023-04-12 20:59:37.000","2026-08-06T10:58:24",500254,10017,"APARTMENT","Private room","paris","france",3,1,1,85,"MID_RANGE","2022-08-10 21:29:47.000","LOUIS MERCIER","2022-03-12","FALSE","LOW","2022-03-31 10:31:01.000"
"BK2023000963","2023-09-14 20:29:07.000",2023,9,37,3122,14,223.00,69,437,506,3628,2616,"CONFIRMED","2023-09-15 12:45:08.000","2026-08-06T10:58:24",500134,10097,"APARTMENT","Entire home/apt","paris","france",6,3,3,223,"LUXURY","2019-03-15 14:14:45.000","MARIE CHEVALIER","2018-10-20","TRUE","GOOD","2018-11-08 23:52:36.000"
"BK2023000980","2023-01-15 08:33:43.000",2023,1,2,402,3,134.00,43,56,99,501,303,"CONFIRMED","2023-01-15 20:51:36.000","2026-08-06T10:58:24",500159,10046,"APARTMENT","Entire home/apt","bordeaux","france",7,3,3,134,"MID_RANGE","2021-11-21 11:45:45.000","LEA LEFEBVRE","2020-12-28","TRUE","GOOD","2021-01-09 01:54:30.000"
"BK2024000001","2024-06-29 14:23:52.000",2024,6,26,370,2,185.00,58,52,110,480,260,"CONFIRMED","2024-06-30 11:15:10.000","2026-08-06T10:58:24",500243,10045,"APARTMENT","Entire home/apt","paris","france",4,2,2,185,"MID_RANGE","2020-06-01 15:55:45.000","ZOE DAVID","2019-10-28","FALSE","LOW","2019-11-02 23:59:21.000"
"BK2024000003","2024-12-31 08:22:59.000",2024,12,1,288,3,96.00,25,40,65,353,223,"CONFIRMED","2024-12-31 12:11:25.000","2026-08-06T10:58:24",500101,10064,"CONDOMINIUM","Entire home/apt","paris","france",1,1,1,96,"MID_RANGE","2024-06-22 04:23:05.000","ADAM ROBERT","2024-01-22","TRUE","GOOD","2024-01-29 12:44:09.000"
"BK2024000010","2024-11-29 21:08:57.000",2024,11,48,1533,7,219.00,49,215,264,1797,1269,"CONFIRMED","2024-11-30 13:14:58.000","2026-08-06T10:58:24",500293,10076,"HOUSE","Entire home/apt","marseille","france",11,5,2,219,"LUXURY","2020-03-25 23:21:00.000","CLARA GARNIER","2019-02-22","FALSE","LOW","2019-03-19 18:50:02.000"
"BK2024000016","2024-05-30 14:05:21.000",2024,5,22,156,2,78.00,12,22,34,190,122,"CONFIRMED","2024-05-30 18:15:58.000","2026-08-06T10:58:24",500039,10013,"APARTMENT","Entire home/apt","lyon","france",3,1,1,78,"MID_RANGE","2023-11-21 08:17:49.000","SIMON ROBERT","2023-09-19","FALSE","LOW","2023-10-09 05:50:43.000"
"BK2024000017","2024-10-31 03:55:05.000",2024,10,44,600,10,60.00,10,84,94,694,506,"CANCELLED","2024-11-01 00:34:58.000","2026-08-06T10:58:24",500131,10006,"LOFT","Entire home/apt","marseille","france",1,1,1,60,"BUDGET","2024-10-25 17:25:20.000","CHLOE DUBOIS","2024-03-11","TRUE","ELITE","2024-03-30 11:36:12.000"
"BK2024000018","2024-06-16 20:40:49.000",2024,6,24,86,1,86.00,28,12,40,126,46,"CONFIRMED","2024-06-17 12:45:39.000","2026-08-06T10:58:24",500155,10089,"APARTMENT","Entire home/apt","lille","france",3,1,1,86,"MID_RANGE","2018-12-16 02:05:27.000","LAURA DURAND","2018-02-20","FALSE","ELITE","2018-03-02 05:03:16.000"
"BK2024000021","2024-11-03 21:28:16.000",2024,11,44,444,4,111.00,43,62,105,549,339,"CONFIRMED","2024-11-04 10:27:06.000","2026-08-06T10:58:24",500229,10056,"APARTMENT","Entire home/apt","nantes","france",6,3,2,111,"MID_RANGE","2023-06-30 00:48:18.000","INES RICHARD","2023-03-20","TRUE","ELITE","2023-03-26 16:30:50.000"
"BK2024000028","2024-07-12 18:59:13.000",2024,7,28,530,5,106.00,32,74,106,636,424,"CONFIRMED","2024-07-13 07:25:05.000","2026-08-06T10:58:24",500184,10046,"APARTMENT","Entire home/apt","montpellier","france",5,2,2,106,"MID_RANGE","2021-09-17 15:40:23.000","LEA LEFEBVRE","2020-12-28","TRUE","GOOD","2021-01-09 01:54:30.000"
"BK2024000032","2024-02-15 05:51:34.000",2024,2,7,315,7,45.00,16,44,60,375,255,"CANCELLED","2024-02-16 02:26:38.000","2026-08-06T10:58:24",500130,10072,"STUDIO","Private room","marseille","france",2,0,1,45,"BUDGET","2023-01-14 02:39:52.000","LUCAS DAVID","2021-12-04","TRUE","GOOD","2021-12-28 20:02:48.000"
"BK2024000043","2024-03-01 11:15:10.000",2024,3,9,469,7,67.00,11,66,77,546,392,"CONFIRMED","2024-03-02 09:48:50.000","2026-08-06T10:58:24",500185,10057,"APARTMENT","Entire home/apt","marseille","france",2,1,1,67,"BUDGET","2021-12-27 19:16:41.000","RAPHAEL FOURNIER","2021-03-08","TRUE","ELITE","2021-03-27 10:05:52.000"
"BK2024000044","2024-05-17 17:36:52.000",2024,5,20,164,2,82.00,26,23,49,213,115,"CONFIRMED","2024-05-18 09:53:16.000","2026-08-06T10:58:24",500141,10072,"APARTMENT","Entire home/apt","lyon","france",3,2,2,82,"MID_RANGE","2022-11-24 23:02:16.000","LUCAS DAVID","2021-12-04","TRUE","GOOD","2021-12-28 20:02:48.000"
"BK2024000051","2024-07-26 22:47:52.000",2024,7,30,810,10,81.00,24,113,137,947,673,"CONFIRMED","2024-07-27 10:55:58.000","2026-08-06T10:58:24",500136,10013,"APARTMENT","Entire home/apt","bordeaux","france",1,1,1,81,"MID_RANGE","2024-02-05 23:04:31.000","SIMON ROBERT","2023-09-19","FALSE","LOW","2023-10-09 05:50:43.000"
"BK2024000055","2024-07-24 20:23:45.000",2024,7,30,93,3,31.00,6,13,19,112,74,"CANCELLED","2024-07-25 16:20:19.000","2026-08-06T10:58:24",500295,10074,"APARTMENT","Shared room","toulouse","france",5,2,1,31,"BUDGET","2024-04-15 07:15:29.000","INES FOURNIER","2023-03-20","FALSE","GOOD","2023-04-08 23:45:07.000"
"BK2024000056","2024-07-03 05:44:57.000",2024,7,27,1284,6,214.00,32,180,212,1496,1072,"CONFIRMED","2024-07-03 18:26:10.000","2026-08-06T10:58:24",500210,10078,"HOUSE","Entire home/apt","paris","france",6,3,2,214,"LUXURY","2023-01-22 23:44:12.000","ENZO LEGRAND","2022-01-23","FALSE","GOOD","2022-01-28 23:33:41.000"
"BK2024000059","2024-10-03 21:02:41.000",2024,10,40,225,5,45.00,15,32,47,272,178,"CANCELLED","2024-10-04 20:17:09.000","2026-08-06T10:58:24",500130,10072,"STUDIO","Private room","marseille","france",2,0,1,45,"BUDGET","2023-01-14 02:39:52.000","LUCAS DAVID","2021-12-04","TRUE","GOOD","2021-12-28 20:02:48.000"
"BK2024000062","2024-12-16 12:00:39.000",2024,12,51,460,4,115.00,38,64,102,562,358,"CONFIRMED","2024-12-17 08:32:07.000","2026-08-06T10:58:24",500020,10073,"LOFT","Hotel room","lille","france",7,3,3,115,"MID_RANGE","2020-08-24 23:20:58.000","LINA MICHEL","2020-03-27","FALSE","LOW","2020-03-31 15:42:07.000"
"BK2024000063","2024-05-29 21:51:03.000",2024,5,22,492,4,123.00,24,69,93,585,399,"CONFIRMED","2024-05-30 17:01:46.000","2026-08-06T10:58:24",500006,10029,"VILLA","Entire home/apt","montpellier","france",6,2,1,123,"MID_RANGE","2023-04-11 23:51:12.000","NOAH GAUTHIER","2022-04-02","TRUE","ELITE","2022-04-10 14:18:27.000"
"BK2024000068","2024-12-28 05:43:53.000",2024,12,52,124,4,31.00,11,17,28,152,96,"CONFIRMED","2024-12-29 03:13:50.000","2026-08-06T10:58:24",500295,10074,"APARTMENT","Shared room","toulouse","france",5,2,1,31,"BUDGET","2024-04-15 07:15:29.000","INES FOURNIER","2023-03-20","FALSE","GOOD","2023-04-08 23:45:07.000"
"BK2024000069","2024-12-09 00:55:59.000",2024,12,50,246,3,82.00,28,34,62,308,184,"CONFIRMED","2024-12-09 11:22:21.000","2026-08-06T10:58:24",500015,10098,"STUDIO","Entire home/apt","nice","france",2,0,1,82,"MID_RANGE","2019-07-14 21:39:55.000","JADE GAUTHIER","2019-05-25","TRUE","GOOD","2019-06-16 12:17:32.000"
"BK2024000076","2024-03-29 23:02:52.000",2024,3,13,291,3,97.00,31,41,72,363,219,"CONFIRMED","2024-03-30 11:39:58.000","2026-08-06T10:58:24",500090,10031,"APARTMENT","Entire home/apt","nantes","france",4,2,1,97,"MID_RANGE","2021-09-05 19:18:19.000","ETHAN SIMON","2021-07-08","TRUE","ELITE","2021-07-23 16:58:54.000"
"BK2024000077","2024-01-03 18:29:14.000",2024,1,1,320,2,160.00,35,45,80,400,240,"CONFIRMED","2024-01-04 05:40:45.000","2026-08-06T10:58:24",500167,10023,"CONDOMINIUM","Entire home/apt","montpellier","france",7,3,3,160,"MID_RANGE","2019-12-13 22:33:58.000","SARAH LEGRAND","2018-10-18","TRUE","GOOD","2018-11-08 15:13:34.000"
"BK2024000097","2024-04-12 05:41:20.000",2024,4,15,62,1,62.00,18,9,27,89,35,"CONFIRMED","2024-04-12 14:58:28.000","2026-08-06T10:58:24",500252,10008,"STUDIO","Entire home/apt","lille","france",2,0,1,62,"BUDGET","2023-03-24 19:40:11.000","CHLOE SIMON","2023-02-01","FALSE","GOOD","2023-02-12 06:42:17.000"
"BK2024000098","2024-10-05 11:03:43.000",2024,10,40,57,1,57.00,12,8,20,77,37,"CONFIRMED","2024-10-05 22:33:27.000","2026-08-06T10:58:24",500225,10042,"LOFT","Shared room","paris","france",5,2,1,57,"BUDGET","2024-09-27 03:58:34.000","JADE DUBOIS","2024-04-16","TRUE","GOOD","2024-05-16 22:57:09.000"
"BK2024000103","2024-11-09 05:50:47.000",2024,11,45,980,7,140.00,41,137,178,1158,802,"CONFIRMED","2024-11-09 05:53:24.000","2026-08-06T10:58:24",500121,10037,"HOUSE","Entire home/apt","marseille","france",8,3,3,140,"MID_RANGE","2019-12-27 19:50:37.000","ETHAN MARTIN","2019-10-09","TRUE","ELITE","2019-10-31 09:39:51.000"
"BK2024000106","2024-06-10 06:43:20.000",2024,6,24,142,2,71.00,11,20,31,173,111,"CONFIRMED","2024-06-11 00:27:51.000","2026-08-06T10:58:24",500011,10049,"HOUSE","Private room","lyon","france",7,3,2,71,"BUDGET","2020-03-15 18:57:12.000","ROSE GARNIER","2019-04-18","FALSE","GOOD","2019-05-18 08:02:06.000"
"BK2024000108","2024-09-03 10:21:50.000",2024,9,36,348,3,116.00,40,49,89,437,259,"CONFIRMED","2024-09-03 11:01:44.000","2026-08-06T10:58:24",500231,10050,"APARTMENT","Private room","paris","france",5,3,2,116,"MID_RANGE","2023-01-07 01:47:27.000","LINA LEFEBVRE","2021-11-16","FALSE","GOOD","2021-12-02 03:24:57.000"
"BK2024000110","2024-08-14 12:57:39.000",2024,8,33,597,3,199.00,46,84,130,727,467,"CONFIRMED","2024-08-14 14:50:47.000","2026-08-06T10:58:24",500283,10016,"HOUSE","Entire home/apt","lyon","france",10,4,2,199,"MID_RANGE","2023-10-03 17:39:19.000","JULIE MOREAU","2023-08-13","FALSE","GOOD","2023-09-08 20:32:38.000"
"BK2024000121","2024-12-16 18:17:34.000",2024,12,51,1090,10,109.00,36,153,189,1279,901,"CONFIRMED","2024-12-16 23:49:26.000","2026-08-06T10:58:24",500154,10002,"APARTMENT","Private room","nice","france",6,3,2,109,"MID_RANGE","2024-09-12 23:51:58.000","NOAH LEFEBVRE","2024-08-15","FALSE","LOW","2024-08-22 16:38:01.000"
"BK2024000123","2024-01-12 15:23:43.000",2024,1,2,240,2,120.00,38,34,72,312,168,"CONFIRMED","2024-01-13 12:13:23.000","2026-08-06T10:58:24",500223,10018,"HOUSE","Entire home/apt","nantes","france",7,3,3,120,"MID_RANGE","2021-09-11 11:27:54.000","MALIK ROBERT","2021-06-13","TRUE","GOOD","2021-07-11 18:05:05.000"
"BK2024000125","2024-07-24 08:05:12.000",2024,7,30,144,2,72.00,19,20,39,183,105,"CONFIRMED","2024-07-24 12:26:17.000","2026-08-06T10:58:24",500202,10076,"APARTMENT","Entire home/apt","toulouse","france",1,1,1,72,"BUDGET","2019-07-25 12:28:40.000","CLARA GARNIER","2019-02-22","FALSE","LOW","2019-03-19 18:50:02.000"
"BK2024000137","2024-12-25 13:11:16.000",2024,12,52,978,3,326.00,130,137,267,1245,711,"CANCELLED","2024-12-25 14:51:32.000","2026-08-06T10:58:24",500178,10051,"HOUSE","Entire home/apt","paris","france",11,5,2,326,"LUXURY","2021-02-23 01:48:36.000","JADE LEFEBVRE","2020-11-09","TRUE","ELITE","2020-11-09 16:59:51.000"
"BK2024000149","2024-05-28 14:40:41.000",2024,5,22,616,4,154.00,43,86,129,745,487,"CONFIRMED","2024-05-28 20:59:09.000","2026-08-06T10:58:24",500266,10100,"HOUSE","Entire home/apt","montpellier","france",8,3,2,154,"MID_RANGE","2018-05-17 01:53:39.000","ENZO DUBOIS","2018-04-16","TRUE","ELITE","2018-05-12 18:37:01.000"
"BK2024000151","2024-03-03 04:59:37.000",2024,3,9,162,2,81.00,24,23,47,209,115,"CANCELLED","2024-03-03 17:25:57.000","2026-08-06T10:58:24",500232,10070,"APARTMENT","Entire home/apt","nantes","france",4,2,2,81,"MID_RANGE","2023-08-30 05:27:30.000","ALICE GIRARD","2023-03-07","TRUE","GOOD","2023-03-19 10:13:29.000"
"BK2024000157","2024-10-20 19:50:06.000",2024,10,42,357,3,119.00,31,50,81,438,276,"CONFIRMED","2024-10-21 03:46:41.000","2026-08-06T10:58:24",500122,10059,"LOFT","Entire home/apt","nice","france",4,2,1,119,"MID_RANGE","2023-08-03 01:07:36.000","CAMILLE PETIT","2022-08-25","FALSE","GOOD","2022-09-09 12:15:09.000"
"BK2024000165","2024-04-05 00:50:11.000",2024,4,14,1056,6,176.00,36,148,184,1240,872,"CONFIRMED","2024-04-05 13:52:32.000","2026-08-06T10:58:24",500013,10089,"APARTMENT","Entire home/apt","lyon","france",7,3,3,176,"MID_RANGE","2019-01-17 04:00:04.000","LAURA DURAND","2018-02-20","FALSE","ELITE","2018-03-02 05:03:16.000"
"BK2024000168","2024-09-14 14:34:50.000",2024,9,37,485,5,97.00,26,68,94,579,391,"CONFIRMED","2024-09-15 05:25:42.000","2026-08-06T10:58:24",500174,10076,"APARTMENT","Hotel room","nice","france",3,2,2,97,"MID_RANGE","2019-05-01 22:43:48.000","CLARA GARNIER","2019-02-22","FALSE","LOW","2019-03-19 18:50:02.000"
"BK2024000170","2024-02-10 20:48:20.000",2024,2,6,399,7,57.00,13,56,69,468,330,"CONFIRMED","2024-02-11 15:26:44.000","2026-08-06T10:58:24",500170,10033,"LOFT","Private room","nice","france",2,1,1,57,"BUDGET","2020-02-23 18:39:03.000","ZOE ROBIN","2019-05-07","FALSE","GOOD","2019-05-26 01:39:05.000"
"BK2024000188","2024-09-15 10:03:48.000",2024,9,37,306,3,102.00,23,43,66,372,240,"CONFIRMED","2024-09-16 07:56:26.000","2026-08-06T10:58:24",500238,10068,"CONDOMINIUM","Entire home/apt","lille","france",6,3,2,102,"MID_RANGE","2022-11-18 16:56:56.000","YANIS LEROY","2022-05-12","TRUE","ELITE","2022-06-06 12:46:10.000"
"BK2024000197","2024-01-15 11:58:01.000",2024,1,3,444,4,111.00,37,62,99,543,345,"CONFIRMED","2024-01-16 01:57:35.000","2026-08-06T10:58:24",500096,10027,"APARTMENT","Entire home/apt","toulouse","france",5,2,2,111,"MID_RANGE","2019-04-11 16:57:25.000","CAMILLE RICHARD","2018-11-05","TRUE","ELITE","2018-11-08 01:41:34.000"
"BK2024000202","2024-11-13 00:29:15.000",2024,11,46,728,14,52.00,18,102,120,848,608,"CONFIRMED","2024-11-13 15:34:23.000","2026-08-06T10:58:24",500297,10064,"APARTMENT","Entire home/apt","lille","france",2,1,1,52,"BUDGET","2024-05-23 06:25:33.000","ADAM ROBERT","2024-01-22","TRUE","GOOD","2024-01-29 12:44:09.000"
"BK2024000211","2024-09-20 09:37:05.000",2024,9,38,59,1,59.00,10,8,18,77,41,"CONFIRMED","2024-09-21 07:05:27.000","2026-08-06T10:58:24",500093,10008,"APARTMENT","Entire home/apt","lille","france",2,1,1,59,"BUDGET","2023-11-04 16:36:22.000","CHLOE SIMON","2023-02-01","FALSE","GOOD","2023-02-12 06:42:17.000"
"BK2024000214","2024-09-08 17:22:51.000",2024,9,36,45,1,45.00,12,6,18,63,27,"CANCELLED","2024-09-09 16:20:33.000","2026-08-06T10:58:24",500130,10072,"STUDIO","Private room","marseille","france",2,0,1,45,"BUDGET","2023-01-14 02:39:52.000","LUCAS DAVID","2021-12-04","TRUE","GOOD","2021-12-28 20:02:48.000"
"BK2024000215","2024-12-04 04:50:14.000",2024,12,49,162,3,54.00,9,23,32,194,130,"CONFIRMED","2024-12-04 13:42:30.000","2026-08-06T10:58:24",500166,10056,"STUDIO","Hotel room","nantes","france",1,0,1,54,"BUDGET","2024-03-15 23:01:10.000","INES RICHARD","2023-03-20","TRUE","ELITE","2023-03-26 16:30:50.000"
"BK2024000218","2024-06-07 17:15:08.000",2024,6,23,76,2,38.00,12,11,23,99,53,"CANCELLED","2024-06-08 01:24:52.000","2026-08-06T10:58:24",500129,10027,"APARTMENT","Private room","toulouse","france",3,2,2,38,"BUDGET","2019-06-08 16:17:37.000","CAMILLE RICHARD","2018-11-05","TRUE","ELITE","2018-11-08 01:41:34.000"
"BK2024000228","2024-12-18 13:26:49.000",2024,12,51,232,4,58.00,10,32,42,274,190,"CONFIRMED","2024-12-19 13:10:14.000","2026-08-06T10:58:24",500055,10009,"HOUSE","Private room","marseille","france",5,2,1,58,"BUDGET","2024-08-23 21:47:58.000","LEA MOREL","2023-12-28","FALSE","GOOD","2024-01-05 20:44:35.000"
"BK2024000244","2024-02-20 12:33:21.000",2024,2,8,100,4,25.00,9,14,23,123,77,"CONFIRMED","2024-02-21 07:30:21.000","2026-08-06T10:58:24",500220,10068,"APARTMENT","Shared room","montpellier","france",3,1,1,25,"BUDGET","2022-10-03 05:12:54.000","YANIS LEROY","2022-05-12","TRUE","ELITE","2022-06-06 12:46:10.000"
"BK2024000248","2024-02-05 04:44:40.000",2024,2,6,294,3,98.00,26,41,67,361,227,"CONFIRMED","2024-02-05 17:42:24.000","2026-08-06T10:58:24",500071,10061,"APARTMENT","Private room","nice","france",5,2,1,98,"MID_RANGE","2019-07-20 22:53:45.000","SOFIA GARNIER","2019-07-01","FALSE","ELITE","2019-07-11 14:39:52.000"
"BK2024000249","2024-06-20 04:04:05.000",2024,6,25,228,6,38.00,12,32,44,272,184,"CONFIRMED","2024-06-21 01:09:44.000","2026-08-06T10:58:24",500171,10089,"APARTMENT","Shared room","lyon","france",7,3,2,38,"BUDGET","2018-07-08 02:45:38.000","LAURA DURAND","2018-02-20","FALSE","ELITE","2018-03-02 05:03:16.000"
"BK2024000253","2024-08-21 12:16:28.000",2024,8,34,180,3,60.00,16,25,41,221,139,"CONFIRMED","2024-08-22 04:02:02.000","2026-08-06T10:58:24",500217,10060,"LOFT","Entire home/apt","lille","france",3,1,1,60,"BUDGET","2023-02-01 11:12:05.000","LOUIS FRANCOIS","2022-10-08","TRUE","ELITE","2022-10-22 01:35:15.000"
"BK2024000263","2024-10-08 09:02:00.000",2024,10,41,1722,14,123.00,29,241,270,1992,1452,"CONFIRMED","2024-10-08 18:50:36.000","2026-08-06T10:58:24",500164,10019,"APARTMENT","Entire home/apt","paris","france",3,2,2,123,"MID_RANGE","2024-05-02 08:14:26.000","ROSE GARNIER","2023-12-22","FALSE","ELITE","2023-12-27 08:33:55.000"
"BK2024000272","2024-09-12 15:27:02.000",2024,9,37,1421,7,203.00,46,199,245,1666,1176,"CONFIRMED","2024-09-13 09:14:31.000","2026-08-06T10:58:24",500196,10055,"HOUSE","Entire home/apt","paris","france",8,4,3,203,"LUXURY","2023-01-28 21:56:00.000","ROSE MOREL","2022-07-22","FALSE","GOOD","2022-07-28 13:50:37.000"
"BK2024000273","2024-05-11 15:35:45.000",2024,5,19,285,3,95.00,29,40,69,354,216,"CONFIRMED","2024-05-12 12:18:42.000","2026-08-06T10:58:24",500115,10019,"APARTMENT","Private room","paris","france",4,2,2,95,"MID_RANGE","2024-04-14 15:26:29.000","ROSE GARNIER","2023-12-22","FALSE","ELITE","2023-12-27 08:33:55.000"
"BK2024000276","2024-05-02 15:26:06.000",2024,5,18,31,1,31.00,7,4,11,42,20,"CANCELLED","2024-05-03 02:36:09.000","2026-08-06T10:58:24",500295,10074,"APARTMENT","Shared room","toulouse","france",5,2,1,31,"BUDGET","2024-04-15 07:15:29.000","INES FOURNIER","2023-03-20","FALSE","GOOD","2023-04-08 23:45:07.000"
"BK2024000277","2024-09-08 01:02:29.000",2024,9,36,1310,10,131.00,21,183,204,1514,1106,"CONFIRMED","2024-09-08 17:15:18.000","2026-08-06T10:58:24",500140,10020,"APARTMENT","Entire home/apt","paris","france",1,1,1,131,"MID_RANGE","2020-08-20 11:21:31.000","ETHAN CHEVALIER","2020-05-17","FALSE","GOOD","2020-06-07 20:23:28.000"
"BK2024000280","2024-10-14 02:08:03.000",2024,10,42,240,2,120.00,24,34,58,298,182,"CANCELLED","2024-10-14 15:38:01.000","2026-08-06T10:58:24",500084,10019,"HOUSE","Entire home/apt","lille","france",6,3,2,120,"MID_RANGE","2024-07-01 19:58:31.000","ROSE GARNIER","2023-12-22","FALSE","ELITE","2023-12-27 08:33:55.000"
"BK2024000287","2024-11-21 00:10:10.000",2024,11,47,742,14,53.00,10,104,114,856,628,"CONFIRMED","2024-11-21 23:17:09.000","2026-08-06T10:58:24",500008,10018,"APARTMENT","Private room","lille","france",4,2,2,53,"BUDGET","2021-12-03 17:24:58.000","MALIK ROBERT","2021-06-13","TRUE","GOOD","2021-07-11 18:05:05.000"
"BK2024000289","2024-06-07 09:18:46.000",2024,6,23,261,3,87.00,30,37,67,328,194,"CONFIRMED","2024-06-07 12:51:54.000","2026-08-06T10:58:24",500195,10098,"APARTMENT","Private room","paris","france",3,2,1,87,"MID_RANGE","2019-09-05 02:46:32.000","JADE GAUTHIER","2019-05-25","TRUE","GOOD","2019-06-16 12:17:32.000"
"BK2024000290","2024-08-19 19:48:22.000",2024,8,34,425,5,85.00,14,60,74,499,351,"CONFIRMED","2024-08-20 05:18:00.000","2026-08-06T10:58:24",500254,10017,"APARTMENT","Private room","paris","france",3,1,1,85,"MID_RANGE","2022-08-10 21:29:47.000","LOUIS MERCIER","2022-03-12","FALSE","LOW","2022-03-31 10:31:01.000"
"BK2024000295","2024-06-22 16:49:39.000",2024,6,25,278,2,139.00,37,39,76,354,202,"CONFIRMED","2024-06-23 08:04:19.000","2026-08-06T10:58:24",500244,10045,"APARTMENT","Entire home/apt","bordeaux","france",7,3,2,139,"MID_RANGE","2019-12-10 01:17:22.000","ZOE DAVID","2019-10-28","FALSE","LOW","2019-11-02 23:59:21.000"
"BK2024000296","2024-08-16 04:44:13.000",2024,8,33,322,7,46.00,13,45,58,380,264,"CONFIRMED","2024-08-16 17:22:56.000","2026-08-06T10:58:24",500069,10019,"APARTMENT","Private room","lille","france",4,2,1,46,"BUDGET","2024-07-17 00:57:10.000","ROSE GARNIER","2023-12-22","FALSE","ELITE","2023-12-27 08:33:55.000"
"BK2024000297","2024-12-12 13:22:23.000",2024,12,50,224,2,112.00,19,31,50,274,174,"CONFIRMED","2024-12-13 03:34:41.000","2026-08-06T10:58:24",500168,10036,"APARTMENT","Entire home/apt","nantes","france",5,3,2,112,"MID_RANGE","2024-07-09 03:42:44.000","MAXIME VINCENT","2023-09-04","TRUE","ELITE","2023-10-02 02:56:15.000"
"BK2024000317","2024-08-07 03:01:09.000",2024,8,32,707,7,101.00,25,99,124,831,583,"CONFIRMED","2024-08-07 10:08:45.000","2026-08-06T10:58:24",500033,10017,"STUDIO","Entire home/apt","paris","france",2,0,1,101,"MID_RANGE","2022-04-26 15:18:27.000","LOUIS MERCIER","2022-03-12","FALSE","LOW","2022-03-31 10:31:01.000"
"BK2024000321","2024-09-17 15:20:11.000",2024,9,38,1876,14,134.00,50,263,313,2189,1563,"CANCELLED","2024-09-18 07:05:34.000","2026-08-06T10:58:24",500280,10029,"APARTMENT","Entire home/apt","nice","france",5,2,2,134,"MID_RANGE","2022-05-03 23:36:56.000","NOAH GAUTHIER","2022-04-02","TRUE","ELITE","2022-04-10 14:18:27.000"
"BK2024000324","2024-08-14 08:06:36.000",2024,8,33,1950,10,195.00,74,273,347,2297,1603,"CONFIRMED","2024-08-14 17:20:31.000","2026-08-06T10:58:24",500227,10052,"HOUSE","Entire home/apt","lyon","france",8,4,2,195,"MID_RANGE","2022-06-11 07:08:11.000","LOUIS FOURNIER","2022-01-31","TRUE","ELITE","2022-03-01 10:39:20.000"
"BK2024000332","2024-09-19 11:34:58.000",2024,9,38,198,3,66.00,14,28,42,240,156,"CONFIRMED","2024-09-19 17:11:05.000","2026-08-06T10:58:24",500135,10036,"STUDIO","Private room","paris","france",1,0,1,66,"BUDGET","2023-10-10 10:09:19.000","MAXIME VINCENT","2023-09-04","TRUE","ELITE","2023-10-02 02:56:15.000"
"BK2024000340","2024-08-22 06:47:35.000",2024,8,34,1134,14,81.00,22,159,181,1315,953,"CANCELLED","2024-08-23 06:11:34.000","2026-08-06T10:58:24",500073,10080,"APARTMENT","Private room","marseille","france",7,3,2,81,"MID_RANGE","2023-11-30 03:27:33.000","ANTOINE BERNARD","2023-01-21","TRUE","ELITE","2023-02-08 19:42:24.000"
"BK2024000344","2024-05-30 16:41:45.000",2024,5,22,532,7,76.00,14,74,88,620,444,"CONFIRMED","2024-05-30 22:34:55.000","2026-08-06T10:58:24",500235,10041,"HOUSE","Private room","nantes","france",6,2,2,76,"MID_RANGE","2018-11-19 12:46:59.000","EVA GARNIER","2018-01-15","TRUE","GOOD","2018-02-04 08:10:47.000"
"BK2024000348","2024-09-05 06:37:21.000",2024,9,36,204,3,68.00,23,29,52,256,152,"CONFIRMED","2024-09-05 13:32:24.000","2026-08-06T10:58:24",500169,10091,"STUDIO","Private room","paris","france",1,0,1,68,"BUDGET","2024-07-22 09:57:53.000","SACHA GARCIA","2024-04-24","FALSE","LOW","2024-05-11 13:38:38.000"
"BK2024000351","2024-05-14 15:13:21.000",2024,5,20,498,3,166.00,29,70,99,597,399,"CONFIRMED","2024-05-15 06:42:17.000","2026-08-06T10:58:24",500222,10017,"APARTMENT","Entire home/apt","paris","france",5,2,2,166,"MID_RANGE","2022-08-17 17:35:13.000","LOUIS MERCIER","2022-03-12","FALSE","LOW","2022-03-31 10:31:01.000"
"BK2024000357","2024-09-21 21:36:47.000",2024,9,38,65,1,65.00,17,9,26,91,39,"CONFIRMED","2024-09-22 16:23:16.000","2026-08-06T10:58:24",500237,10079,"APARTMENT","Private room","paris","france",3,2,1,65,"BUDGET","2024-03-22 15:43:22.000","HUGO ROUX","2023-03-20","TRUE","ELITE","2023-03-28 10:54:15.000"
"BK2024000360","2024-04-09 07:32:29.000",2024,4,15,315,3,105.00,33,44,77,392,238,"CONFIRMED","2024-04-09 16:37:37.000","2026-08-06T10:58:24",500250,10050,"STUDIO","Entire home/apt","paris","france",2,0,1,105,"MID_RANGE","2022-07-28 11:39:50.000","LINA LEFEBVRE","2021-11-16","FALSE","GOOD","2021-12-02 03:24:57.000"
"BK2024000372","2024-11-05 09:05:38.000",2024,11,45,200,2,100.00,21,28,49,249,151,"CONFIRMED","2024-11-05 10:55:34.000","2026-08-06T10:58:24",500059,10044,"APARTMENT","Entire home/apt","nice","france",3,2,2,100,"MID_RANGE","2021-05-21 01:58:03.000","THEO DAVID","2020-05-10","FALSE","GOOD","2020-06-07 13:39:47.000"
"BK2024000373","2024-09-19 13:12:48.000",2024,9,38,910,7,130.00,39,127,166,1076,744,"CONFIRMED","2024-09-20 04:04:17.000","2026-08-06T10:58:24",500286,10016,"STUDIO","Entire home/apt","paris","france",1,0,1,130,"MID_RANGE","2023-12-21 08:18:04.000","JULIE MOREAU","2023-08-13","FALSE","GOOD","2023-09-08 20:32:38.000"
"BK2024000374","2024-05-05 17:30:29.000",2024,5,18,595,7,85.00,15,83,98,693,497,"CONFIRMED","2024-05-05 23:10:36.000","2026-08-06T10:58:24",500057,10074,"APARTMENT","Entire home/apt","nice","france",1,1,1,85,"MID_RANGE","2023-10-01 21:50:39.000","INES FOURNIER","2023-03-20","FALSE","GOOD","2023-04-08 23:45:07.000"
"BK2024000414","2024-10-22 00:25:11.000",2024,10,43,680,10,68.00,18,95,113,793,567,"CONFIRMED","2024-10-22 09:09:09.000","2026-08-06T10:58:24",500091,10092,"APARTMENT","Private room","toulouse","france",5,3,2,68,"BUDGET","2024-10-13 20:55:48.000","LINA THOMAS","2023-11-11","TRUE","ELITE","2023-11-20 18:27:19.000"
"BK2024000417","2024-08-06 18:31:13.000",2024,8,32,1044,6,174.00,55,146,201,1245,843,"CONFIRMED","2024-08-06 21:08:21.000","2026-08-06T10:58:24",500253,10092,"HOUSE","Entire home/apt","paris","france",6,3,3,174,"MID_RANGE","2024-02-14 01:18:31.000","LINA THOMAS","2023-11-11","TRUE","ELITE","2023-11-20 18:27:19.000"
"BK2024000421","2024-06-02 00:24:55.000",2024,6,22,380,4,95.00,22,53,75,455,305,"CONFIRMED","2024-06-02 03:21:31.000","2026-08-06T10:58:24",500115,10019,"APARTMENT","Private room","paris","france",4,2,2,95,"MID_RANGE","2024-04-14 15:26:29.000","ROSE GARNIER","2023-12-22","FALSE","ELITE","2023-12-27 08:33:55.000"
"BK2024000423","2024-11-30 11:30:56.000",2024,11,48,328,4,82.00,25,46,71,399,257,"CONFIRMED","2024-11-30 18:37:26.000","2026-08-06T10:58:24",500015,10098,"STUDIO","Entire home/apt","nice","france",2,0,1,82,"MID_RANGE","2019-07-14 21:39:55.000","JADE GAUTHIER","2019-05-25","TRUE","GOOD","2019-06-16 12:17:32.000"
"BK2024000425","2024-09-27 08:29:31.000",2024,9,39,52,1,52.00,12,7,19,71,33,"CONFIRMED","2024-09-27 12:33:29.000","2026-08-06T10:58:24",500297,10064,"APARTMENT","Entire home/apt","lille","france",2,1,1,52,"BUDGET","2024-05-23 06:25:33.000","ADAM ROBERT","2024-01-22","TRUE","GOOD","2024-01-29 12:44:09.000"
"BK2024000430","2024-03-16 10:14:57.000",2024,3,11,342,3,114.00,24,48,72,414,270,"CONFIRMED","2024-03-16 14:34:34.000","2026-08-06T10:58:24",500182,10048,"APARTMENT","Entire home/apt","nice","france",3,1,1,114,"MID_RANGE","2021-11-04 18:28:18.000","ANTOINE BERNARD","2021-02-15","FALSE","GOOD","2021-02-27 21:53:34.000"
"BK2024000443","2024-03-20 08:40:55.000",2024,3,12,158,2,79.00,26,22,48,206,110,"CONFIRMED","2024-03-21 07:12:25.000","2026-08-06T10:58:24",500261,10098,"APARTMENT","Entire home/apt","marseille","france",1,1,1,79,"MID_RANGE","2020-01-08 17:07:26.000","JADE GAUTHIER","2019-05-25","TRUE","GOOD","2019-06-16 12:17:32.000"
"BK2024000446","2024-01-13 14:38:30.000",2024,1,2,200,2,100.00,16,28,44,244,156,"CONFIRMED","2024-01-14 04:06:59.000","2026-08-06T10:58:24",500044,10045,"STUDIO","Entire home/apt","paris","france",2,0,1,100,"MID_RANGE","2020-09-22 00:05:08.000","ZOE DAVID","2019-10-28","FALSE","LOW","2019-11-02 23:59:21.000"
"BK2024000447","2024-12-02 05:26:44.000",2024,12,49,498,3,166.00,41,70,111,609,387,"CONFIRMED","2024-12-02 14:07:48.000","2026-08-06T10:58:24",500222,10017,"APARTMENT","Entire home/apt","paris","france",5,2,2,166,"MID_RANGE","2022-08-17 17:35:13.000","LOUIS MERCIER","2022-03-12","FALSE","LOW","2022-03-31 10:31:01.000"
"BK2024000463","2024-01-04 02:30:16.000",2024,1,1,388,4,97.00,25,54,79,467,309,"CONFIRMED","2024-01-05 01:06:22.000","2026-08-06T10:58:24",500090,10031,"APARTMENT","Entire home/apt","nantes","france",4,2,1,97,"MID_RANGE","2021-09-05 19:18:19.000","ETHAN SIMON","2021-07-08","TRUE","ELITE","2021-07-23 16:58:54.000"
"BK2024000466","2024-07-19 12:44:14.000",2024,7,29,320,2,160.00,26,45,71,391,249,"CONFIRMED","2024-07-20 01:06:01.000","2026-08-06T10:58:24",500167,10023,"CONDOMINIUM","Entire home/apt","montpellier","france",7,3,3,160,"MID_RANGE","2019-12-13 22:33:58.000","SARAH LEGRAND","2018-10-18","TRUE","GOOD","2018-11-08 15:13:34.000"
"BK2024000469","2024-04-25 10:29:49.000",2024,4,17,304,2,152.00,48,43,91,395,213,"CONFIRMED","2024-04-25 14:58:11.000","2026-08-06T10:58:24",500151,10053,"APARTMENT","Entire home/apt","paris","france",3,2,2,152,"MID_RANGE","2023-12-19 16:42:24.000","NOAH LEROY","2023-09-09","TRUE","ELITE","2023-09-19 12:44:18.000"
"BK2024000472","2024-09-18 12:14:52.000",2024,9,38,854,7,122.00,39,120,159,1013,695,"CONFIRMED","2024-09-19 09:25:38.000","2026-08-06T10:58:24",500009,10076,"HOUSE","Private room","bordeaux","france",12,5,3,122,"MID_RANGE","2019-12-27 12:14:31.000","CLARA GARNIER","2019-02-22","FALSE","LOW","2019-03-19 18:50:02.000"
"BK2024000479","2024-10-16 18:13:31.000",2024,10,42,522,6,87.00,27,73,100,622,422,"CONFIRMED","2024-10-17 09:31:43.000","2026-08-06T10:58:24",500064,10005,"STUDIO","Entire home/apt","nice","france",2,0,1,87,"MID_RANGE","2023-01-23 10:26:04.000","NINA RICHARD","2022-01-10","FALSE","LOW","2022-02-02 14:34:07.000"
"BK2024000480","2024-12-16 12:31:11.000",2024,12,51,232,2,116.00,38,32,70,302,162,"CANCELLED","2024-12-17 12:27:32.000","2026-08-06T10:58:24",500078,10005,"APARTMENT","Entire home/apt","paris","france",2,1,1,116,"MID_RANGE","2022-11-08 05:50:09.000","NINA RICHARD","2022-01-10","FALSE","LOW","2022-02-02 14:34:07.000"
"BK2024000485","2024-06-30 19:39:53.000",2024,6,26,495,3,165.00,50,69,119,614,376,"CONFIRMED","2024-07-01 15:52:10.000","2026-08-06T10:58:24",500160,10092,"APARTMENT","Entire home/apt","paris","france",5,3,3,165,"MID_RANGE","2024-01-13 20:27:38.000","LINA THOMAS","2023-11-11","TRUE","ELITE","2023-11-20 18:27:19.000"
"BK2024000489","2024-11-27 10:23:05.000",2024,11,48,672,7,96.00,32,94,126,798,546,"CONFIRMED","2024-11-27 23:48:52.000","2026-08-06T10:58:24",500101,10064,"CONDOMINIUM","Entire home/apt","paris","france",1,1,1,96,"MID_RANGE","2024-06-22 04:23:05.000","ADAM ROBERT","2024-01-22","TRUE","GOOD","2024-01-29 12:44:09.000"
"BK2024000490","2024-03-14 13:53:07.000",2024,3,11,938,14,67.00,11,131,142,1080,796,"CANCELLED","2024-03-15 02:52:43.000","2026-08-06T10:58:24",500192,10049,"HOUSE","Private room","marseille","france",5,2,2,67,"BUDGET","2019-11-22 22:33:26.000","ROSE GARNIER","2019-04-18","FALSE","GOOD","2019-05-18 08:02:06.000"
"BK2024000508","2024-12-01 05:28:01.000",2024,12,48,522,3,174.00,65,73,138,660,384,"CANCELLED","2024-12-02 03:02:16.000","2026-08-06T10:58:24",500045,10068,"APARTMENT","Entire home/apt","paris","france",4,2,2,174,"MID_RANGE","2023-03-24 07:52:06.000","YANIS LEROY","2022-05-12","TRUE","ELITE","2022-06-06 12:46:10.000"
"BK2024000511","2024-08-26 18:05:55.000",2024,8,35,644,7,92.00,21,90,111,755,533,"CONFIRMED","2024-08-27 14:27:19.000","2026-08-06T10:58:24",500274,10054,"APARTMENT","Entire home/apt","nantes","france",4,2,1,92,"MID_RANGE","2021-02-05 18:34:50.000","SACHA FOURNIER","2020-02-25","TRUE","ELITE","2020-03-17 23:57:11.000"
"BK2024000519","2024-03-10 09:42:26.000",2024,3,10,290,2,145.00,23,41,64,354,226,"CONFIRMED","2024-03-11 07:12:48.000","2026-08-06T10:58:24",500201,10028,"APARTMENT","Entire home/apt","nice","france",6,3,2,145,"MID_RANGE","2020-10-31 11:43:32.000","NATHAN SIMON","2020-08-26","TRUE","ELITE","2020-09-10 06:55:25.000"
"BK2024000525","2024-12-11 16:28:40.000",2024,12,50,270,5,54.00,19,38,57,327,213,"CONFIRMED","2024-12-12 12:52:57.000","2026-08-06T10:58:24",500089,10039,"LOFT","Private room","lille","france",5,3,3,54,"BUDGET","2021-04-14 17:03:51.000","ANNA PERRIN","2021-01-20","TRUE","GOOD","2021-02-11 10:13:43.000"
"BK2024000526","2024-05-16 16:37:44.000",2024,5,20,148,2,74.00,20,21,41,189,107,"CONFIRMED","2024-05-16 17:15:20.000","2026-08-06T10:58:24",500228,10017,"STUDIO","Private room","paris","france",1,0,1,74,"BUDGET","2022-04-25 16:30:37.000","LOUIS MERCIER","2022-03-12","FALSE","LOW","2022-03-31 10:31:01.000"
"BK2024000529","2024-11-08 05:42:11.000",2024,11,45,854,7,122.00,35,120,155,1009,699,"CONFIRMED","2024-11-08 12:25:08.000","2026-08-06T10:58:24",500275,10010,"APARTMENT","Entire home/apt","marseille","france",6,3,3,122,"MID_RANGE","2018-11-28 14:37:38.000","CHLOE MICHEL","2018-08-18","TRUE","GOOD","2018-09-12 10:25:17.000"
"BK2024000533","2024-11-19 10:50:27.000",2024,11,47,320,4,80.00,26,45,71,391,249,"CONFIRMED","2024-11-19 17:52:39.000","2026-08-06T10:58:24",500161,10057,"APARTMENT","Entire home/apt","lyon","france",2,1,1,80,"MID_RANGE","2021-12-14 23:11:53.000","RAPHAEL FOURNIER","2021-03-08","TRUE","ELITE","2021-03-27 10:05:52.000"
"BK2024000534","2024-10-01 09:36:11.000",2024,10,40,324,4,81.00,24,45,69,393,255,"CONFIRMED","2024-10-01 12:11:27.000","2026-08-06T10:58:24",500073,10080,"APARTMENT","Private room","marseille","france",7,3,2,81,"MID_RANGE","2023-11-30 03:27:33.000","ANTOINE BERNARD","2023-01-21","TRUE","ELITE","2023-02-08 19:42:24.000"
"BK2024000536","2024-11-06 21:49:21.000",2024,11,45,1750,14,125.00,41,245,286,2036,1464,"CONFIRMED","2024-11-07 16:32:02.000","2026-08-06T10:58:24",500105,10019,"APARTMENT","Entire home/apt","paris","france",1,1,1,125,"MID_RANGE","2024-08-26 01:03:04.000","ROSE GARNIER","2023-12-22","FALSE","ELITE","2023-12-27 08:33:55.000"
"BK2024000539","2024-04-24 20:04:41.000",2024,4,17,285,3,95.00,37,40,77,362,208,"CONFIRMED","2024-04-24 23:16:14.000","2026-08-06T10:58:24",500075,10065,"APARTMENT","Entire home/apt","nantes","france",3,2,2,95,"MID_RANGE","2023-01-18 12:04:35.000","ZOE BLANC","2022-08-27","TRUE","ELITE","2022-09-10 13:03:13.000"
"BK2024000550","2024-09-15 22:43:11.000",2024,9,37,760,5,152.00,38,106,144,904,616,"CANCELLED","2024-09-16 13:40:50.000","2026-08-06T10:58:24",500151,10053,"APARTMENT","Entire home/apt","paris","france",3,2,2,152,"MID_RANGE","2023-12-19 16:42:24.000","NOAH LEROY","2023-09-09","TRUE","ELITE","2023-09-19 12:44:18.000"
"BK2024000553","2024-04-30 06:07:01.000",2024,4,18,489,3,163.00,40,68,108,597,381,"CONFIRMED","2024-04-30 23:58:18.000","2026-08-06T10:58:24",500004,10025,"HOUSE","Entire home/apt","marseille","france",10,5,2,163,"MID_RANGE","2023-06-16 08:50:47.000","MANON DAVID","2023-03-28","FALSE","LOW","2023-04-09 23:21:51.000"
"BK2024000562","2024-06-06 21:22:42.000",2024,6,23,340,4,85.00,26,48,74,414,266,"CONFIRMED","2024-06-07 08:40:04.000","2026-08-06T10:58:24",500114,10072,"STUDIO","Entire home/apt","strasbourg","france",1,0,1,85,"MID_RANGE","2022-07-19 07:52:39.000","LUCAS DAVID","2021-12-04","TRUE","GOOD","2021-12-28 20:02:48.000"
"BK2024000563","2024-06-25 11:49:02.000",2024,6,26,204,2,102.00,15,29,44,248,160,"CONFIRMED","2024-06-25 18:07:32.000","2026-08-06T10:58:24",500215,10005,"VILLA","Private room","bordeaux","france",10,5,3,102,"MID_RANGE","2023-02-06 00:51:59.000","NINA RICHARD","2022-01-10","FALSE","LOW","2022-02-02 14:34:07.000"
"BK2024000565","2024-06-26 04:03:06.000",2024,6,26,1393,7,199.00,67,195,262,1655,1131,"CONFIRMED","2024-06-26 11:44:23.000","2026-08-06T10:58:24",500283,10016,"HOUSE","Entire home/apt","lyon","france",10,4,2,199,"MID_RANGE","2023-10-03 17:39:19.000","JULIE MOREAU","2023-08-13","FALSE","GOOD","2023-09-08 20:32:38.000"
"BK2024000569","2024-02-19 03:56:13.000",2024,2,8,232,4,58.00,23,32,55,287,177,"CONFIRMED","2024-02-19 23:13:57.000","2026-08-06T10:58:24",500061,10090,"APARTMENT","Private room","nice","france",2,1,1,58,"BUDGET","2019-03-31 01:25:47.000","THEO MOREAU","2018-09-25","TRUE","GOOD","2018-10-13 20:43:03.000"
"BK2024000571","2024-08-24 03:53:14.000",2024,8,34,336,4,84.00,24,47,71,407,265,"CONFIRMED","2024-08-24 10:04:14.000","2026-08-06T10:58:24",500263,10036,"APARTMENT","Entire home/apt","lyon","france",3,1,1,84,"MID_RANGE","2024-06-08 22:24:26.000","MAXIME VINCENT","2023-09-04","TRUE","ELITE","2023-10-02 02:56:15.000"
"BK2024000573","2024-07-02 20:29:35.000",2024,7,27,264,2,132.00,37,37,74,338,190,"CONFIRMED","2024-07-03 05:28:43.000","2026-08-06T10:58:24",500152,10068,"APARTMENT","Entire home/apt","paris","france",4,2,2,132,"MID_RANGE","2022-12-31 03:22:25.000","YANIS LEROY","2022-05-12","TRUE","ELITE","2022-06-06 12:46:10.000"
"BK2024000577","2024-07-09 18:36:38.000",2024,7,28,812,4,203.00,72,114,186,998,626,"CONFIRMED","2024-07-10 01:14:18.000","2026-08-06T10:58:24",500196,10055,"HOUSE","Entire home/apt","paris","france",8,4,3,203,"LUXURY","2023-01-28 21:56:00.000","ROSE MOREL","2022-07-22","FALSE","GOOD","2022-07-28 13:50:37.000"
"BK2024000585","2024-10-29 04:32:20.000",2024,10,44,104,2,52.00,11,15,26,130,78,"CONFIRMED","2024-10-30 00:50:34.000","2026-08-06T10:58:24",500262,10068,"APARTMENT","Entire home/apt","lille","france",1,1,1,52,"BUDGET","2022-07-02 00:31:22.000","YANIS LEROY","2022-05-12","TRUE","ELITE","2022-06-06 12:46:10.000"
"BK2024000589","2024-09-12 01:56:07.000",2024,9,37,180,2,90.00,24,25,49,229,131,"CONFIRMED","2024-09-12 04:03:43.000","2026-08-06T10:58:24",500002,10053,"HOUSE","Private room","lyon","france",9,4,3,90,"MID_RANGE","2024-04-12 05:46:47.000","NOAH LEROY","2023-09-09","TRUE","ELITE","2023-09-19 12:44:18.000"
"BK2024000595","2024-06-11 14:34:36.000",2024,6,24,1330,14,95.00,31,186,217,1547,1113,"CONFIRMED","2024-06-12 13:01:59.000","2026-08-06T10:58:24",500115,10019,"APARTMENT","Private room","paris","france",4,2,2,95,"MID_RANGE","2024-04-14 15:26:29.000","ROSE GARNIER","2023-12-22","FALSE","ELITE","2023-12-27 08:33:55.000"
"BK2024000601","2024-11-22 12:57:36.000",2024,11,47,160,2,80.00,27,22,49,209,111,"CONFIRMED","2024-11-23 11:27:06.000","2026-08-06T10:58:24",500206,10088,"APARTMENT","Hotel room","paris","france",1,1,1,80,"MID_RANGE","2021-06-04 11:43:11.000","MALIK PETIT","2021-01-28","TRUE","GOOD","2021-02-14 09:44:08.000"
"BK2024000603","2024-09-02 06:09:34.000",2024,9,36,497,7,71.00,11,70,81,578,416,"CONFIRMED","2024-09-02 08:23:12.000","2026-08-06T10:58:24",500054,10081,"LOFT","Private room","marseille","france",5,2,2,71,"BUDGET","2024-06-14 18:30:45.000","ROSE ROUX","2023-07-18","FALSE","LOW","2023-07-29 08:21:17.000"
"BK2024000606","2024-10-27 16:28:15.000",2024,10,43,290,2,145.00,37,41,78,368,212,"CONFIRMED","2024-10-28 09:20:04.000","2026-08-06T10:58:24",500201,10028,"APARTMENT","Entire home/apt","nice","france",6,3,2,145,"MID_RANGE","2020-10-31 11:43:32.000","NATHAN SIMON","2020-08-26","TRUE","ELITE","2020-09-10 06:55:25.000"
"BK2024000614","2024-11-05 17:43:40.000",2024,11,45,312,4,78.00,18,44,62,374,250,"CONFIRMED","2024-11-06 10:11:56.000","2026-08-06T10:58:24",500067,10037,"APARTMENT","Entire home/apt","nantes","france",1,1,1,78,"MID_RANGE","2019-11-27 06:10:46.000","ETHAN MARTIN","2019-10-09","TRUE","ELITE","2019-10-31 09:39:51.000"
"BK2024000615","2024-11-26 00:06:02.000",2024,11,48,966,7,138.00,45,135,180,1146,786,"CONFIRMED","2024-11-26 03:24:26.000","2026-08-06T10:58:24",500022,10057,"APARTMENT","Entire home/apt","paris","france",4,2,2,138,"MID_RANGE","2021-06-03 04:02:15.000","RAPHAEL FOURNIER","2021-03-08","TRUE","ELITE","2021-03-27 10:05:52.000"
"BK2024000618","2024-09-26 20:19:31.000",2024,9,39,272,4,68.00,22,38,60,332,212,"CONFIRMED","2024-09-27 10:22:05.000","2026-08-06T10:58:24",500169,10091,"STUDIO","Private room","paris","france",1,0,1,68,"BUDGET","2024-07-22 09:57:53.000","SACHA GARCIA","2024-04-24","FALSE","LOW","2024-05-11 13:38:38.000"
"BK2024000623","2024-09-01 09:03:46.000",2024,9,35,322,2,161.00,52,45,97,419,225,"CONFIRMED","2024-09-01 09:39:36.000","2026-08-06T10:58:24",500247,10090,"VILLA","Entire home/apt","bordeaux","france",9,4,2,161,"MID_RANGE","2019-05-03 15:18:56.000","THEO MOREAU","2018-09-25","TRUE","GOOD","2018-10-13 20:43:03.000"
"BK2024000631","2024-02-28 14:53:30.000",2024,2,9,175,1,175.00,67,25,92,267,83,"CONFIRMED","2024-02-29 11:22:02.000","2026-08-06T10:58:24",500051,10080,"HOUSE","Entire home/apt","marseille","france",10,5,2,175,"MID_RANGE","2023-09-02 11:47:49.000","ANTOINE BERNARD","2023-01-21","TRUE","ELITE","2023-02-08 19:42:24.000"
"BK2024000640","2024-03-18 14:27:32.000",2024,3,12,170,2,85.00,29,24,53,223,117,"CONFIRMED","2024-03-19 11:30:49.000","2026-08-06T10:58:24",500114,10072,"STUDIO","Entire home/apt","strasbourg","france",1,0,1,85,"MID_RANGE","2022-07-19 07:52:39.000","LUCAS DAVID","2021-12-04","TRUE","GOOD","2021-12-28 20:02:48.000"
"BK2024000642","2024-10-13 12:13:50.000",2024,10,41,462,7,66.00,25,65,90,552,372,"CONFIRMED","2024-10-14 04:03:51.000","2026-08-06T10:58:24",500135,10036,"STUDIO","Private room","paris","france",1,0,1,66,"BUDGET","2023-10-10 10:09:19.000","MAXIME VINCENT","2023-09-04","TRUE","ELITE","2023-10-02 02:56:15.000"
"BK2024000643","2024-09-14 08:17:13.000",2024,9,37,106,2,53.00,14,15,29,135,77,"CANCELLED","2024-09-14 13:28:32.000","2026-08-06T10:58:24",500212,10016,"APARTMENT","Private room","nantes","france",5,2,1,53,"BUDGET","2024-06-30 16:37:09.000","JULIE MOREAU","2023-08-13","FALSE","GOOD","2023-09-08 20:32:38.000"
"BK2024000644","2024-04-11 21:27:52.000",2024,4,15,492,4,123.00,19,69,88,580,404,"CANCELLED","2024-04-12 13:07:30.000","2026-08-06T10:58:24",500006,10029,"VILLA","Entire home/apt","montpellier","france",6,2,1,123,"MID_RANGE","2023-04-11 23:51:12.000","NOAH GAUTHIER","2022-04-02","TRUE","ELITE","2022-04-10 14:18:27.000"
"BK2024000649","2024-07-01 03:14:09.000",2024,7,27,495,3,165.00,43,69,112,607,383,"CONFIRMED","2024-07-01 13:53:15.000","2026-08-06T10:58:24",500160,10092,"APARTMENT","Entire home/apt","paris","france",5,3,3,165,"MID_RANGE","2024-01-13 20:27:38.000","LINA THOMAS","2023-11-11","TRUE","ELITE","2023-11-20 18:27:19.000"
"BK2024000651","2024-09-15 19:37:08.000",2024,9,37,1070,5,214.00,84,150,234,1304,836,"CONFIRMED","2024-09-15 22:48:59.000","2026-08-06T10:58:24",500210,10078,"HOUSE","Entire home/apt","paris","france",6,3,2,214,"LUXURY","2023-01-22 23:44:12.000","ENZO LEGRAND","2022-01-23","FALSE","GOOD","2022-01-28 23:33:41.000"
"BK2024000657","2024-04-19 21:33:37.000",2024,4,16,217,7,31.00,8,30,38,255,179,"CANCELLED","2024-04-20 08:14:38.000","2026-08-06T10:58:24",500295,10074,"APARTMENT","Shared room","toulouse","france",5,2,1,31,"BUDGET","2024-04-15 07:15:29.000","INES FOURNIER","2023-03-20","FALSE","GOOD","2023-04-08 23:45:07.000"
"BK2024000658","2024-09-09 07:45:03.000",2024,9,37,363,3,121.00,27,51,78,441,285,"CONFIRMED","2024-09-09 19:50:38.000","2026-08-06T10:58:24",500036,10057,"APARTMENT","Entire home/apt","paris","france",1,1,1,121,"MID_RANGE","2022-01-21 03:51:12.000","RAPHAEL FOURNIER","2021-03-08","TRUE","ELITE","2021-03-27 10:05:52.000"
"BK2024000659","2024-09-21 18:15:18.000",2024,9,38,240,3,80.00,32,34,66,306,174,"CONFIRMED","2024-09-22 05:54:24.000","2026-08-06T10:58:24",500161,10057,"APARTMENT","Entire home/apt","lyon","france",2,1,1,80,"MID_RANGE","2021-12-14 23:11:53.000","RAPHAEL FOURNIER","2021-03-08","TRUE","ELITE","2021-03-27 10:05:52.000"
"BK2024000662","2024-08-17 19:02:28.000",2024,8,33,546,7,78.00,19,76,95,641,451,"CONFIRMED","2024-08-18 13:31:35.000","2026-08-06T10:58:24",500039,10013,"APARTMENT","Entire home/apt","lyon","france",3,1,1,78,"MID_RANGE","2023-11-21 08:17:49.000","SIMON ROBERT","2023-09-19","FALSE","LOW","2023-10-09 05:50:43.000"
"BK2024000671","2024-10-20 09:24:44.000",2024,10,42,285,3,95.00,17,40,57,342,228,"CONFIRMED","2024-10-20 15:42:56.000","2026-08-06T10:58:24",500221,10048,"LOFT","Entire home/apt","marseille","france",5,3,3,95,"MID_RANGE","2021-12-14 23:21:16.000","ANTOINE BERNARD","2021-02-15","FALSE","GOOD","2021-02-27 21:53:34.000"
"BK2024000675","2024-09-19 11:34:14.000",2024,9,38,978,3,326.00,49,137,186,1164,792,"CONFIRMED","2024-09-20 10:54:08.000","2026-08-06T10:58:24",500178,10051,"HOUSE","Entire home/apt","paris","france",11,5,2,326,"LUXURY","2021-02-23 01:48:36.000","JADE LEFEBVRE","2020-11-09","TRUE","ELITE","2020-11-09 16:59:51.000"
"BK2024000679","2024-10-08 17:26:18.000",2024,10,41,774,6,129.00,34,108,142,916,632,"CONFIRMED","2024-10-09 14:57:34.000","2026-08-06T10:58:24",500076,10009,"LOFT","Entire home/apt","lyon","france",7,3,3,129,"MID_RANGE","2024-07-04 14:06:27.000","LEA MOREL","2023-12-28","FALSE","GOOD","2024-01-05 20:44:35.000"
"BK2024000680","2024-01-17 15:01:20.000",2024,1,3,378,3,126.00,29,53,82,460,296,"CONFIRMED","2024-01-17 18:19:03.000","2026-08-06T10:58:24",500187,10097,"LOFT","Entire home/apt","paris","france",3,2,1,126,"MID_RANGE","2018-11-25 14:08:58.000","MARIE CHEVALIER","2018-10-20","TRUE","GOOD","2018-11-08 23:52:36.000"
"BK2024000684","2024-09-01 20:46:36.000",2024,9,35,966,7,138.00,25,135,160,1126,806,"CONFIRMED","2024-09-02 05:53:36.000","2026-08-06T10:58:24",500022,10057,"APARTMENT","Entire home/apt","paris","france",4,2,2,138,"MID_RANGE","2021-06-03 04:02:15.000","RAPHAEL FOURNIER","2021-03-08","TRUE","ELITE","2021-03-27 10:05:52.000"
"BK2024000686","2024-05-23 08:17:58.000",2024,5,21,350,2,175.00,62,49,111,461,239,"CONFIRMED","2024-05-23 17:18:25.000","2026-08-06T10:58:24",500034,10068,"APARTMENT","Entire home/apt","paris","france",5,2,1,175,"MID_RANGE","2022-09-28 07:48:56.000","YANIS LEROY","2022-05-12","TRUE","ELITE","2022-06-06 12:46:10.000"
"BK2024000692","2024-10-11 20:57:15.000",2024,10,41,240,3,80.00,21,34,55,295,185,"CONFIRMED","2024-10-12 10:59:13.000","2026-08-06T10:58:24",500161,10057,"APARTMENT","Entire home/apt","lyon","france",2,1,1,80,"MID_RANGE","2021-12-14 23:11:53.000","RAPHAEL FOURNIER","2021-03-08","TRUE","ELITE","2021-03-27 10:05:52.000"
"BK2024000707","2024-09-27 15:26:44.000",2024,9,39,399,3,133.00,21,56,77,476,322,"CANCELLED","2024-09-27 22:33:26.000","2026-08-06T10:58:24",500298,10052,"APARTMENT","Entire home/apt","nantes","france",6,3,2,133,"MID_RANGE","2022-10-15 20:46:51.000","LOUIS FOURNIER","2022-01-31","TRUE","ELITE","2022-03-01 10:39:20.000"
"BK2024000712","2024-05-24 14:26:27.000",2024,5,21,476,7,68.00,16,67,83,559,393,"CONFIRMED","2024-05-25 00:38:10.000","2026-08-06T10:58:24",500050,10059,"STUDIO","Entire home/apt","strasbourg","france",2,0,1,68,"BUDGET","2023-04-04 12:35:19.000","CAMILLE PETIT","2022-08-25","FALSE","GOOD","2022-09-09 12:15:09.000"
"BK2024000713","2024-11-19 12:56:38.000",2024,11,47,496,4,124.00,33,69,102,598,394,"CONFIRMED","2024-11-19 15:25:05.000","2026-08-06T10:58:24",500271,10095,"LOFT","Entire home/apt","paris","france",2,1,1,124,"MID_RANGE","2019-04-28 06:03:25.000","LEA BERTRAND","2018-05-14","TRUE","GOOD","2018-06-05 14:04:43.000"
"BK2024000716","2024-04-29 02:29:23.000",2024,4,18,920,10,92.00,25,129,154,1074,766,"CONFIRMED","2024-04-29 20:14:20.000","2026-08-06T10:58:24",500274,10054,"APARTMENT","Entire home/apt","nantes","france",4,2,1,92,"MID_RANGE","2021-02-05 18:34:50.000","SACHA FOURNIER","2020-02-25","TRUE","ELITE","2020-03-17 23:57:11.000"
"BK2024000723","2024-07-20 13:39:00.000",2024,7,29,861,7,123.00,43,121,164,1025,697,"CONFIRMED","2024-07-21 12:54:52.000","2026-08-06T10:58:24",500006,10029,"VILLA","Entire home/apt","montpellier","france",6,2,1,123,"MID_RANGE","2023-04-11 23:51:12.000","NOAH GAUTHIER","2022-04-02","TRUE","ELITE","2022-04-10 14:18:27.000"
"BK2024000724","2024-10-19 04:08:33.000",2024,10,42,158,2,79.00,13,22,35,193,123,"CONFIRMED","2024-10-19 13:17:11.000","2026-08-06T10:58:24",500030,10036,"APARTMENT","Private room","paris","france",3,2,1,79,"MID_RANGE","2024-08-02 03:00:05.000","MAXIME VINCENT","2023-09-04","TRUE","ELITE","2023-10-02 02:56:15.000"
"BK2024000730","2024-01-14 15:37:37.000",2024,1,2,141,1,141.00,35,20,55,196,86,"CONFIRMED","2024-01-14 22:01:48.000","2026-08-06T10:58:24",500031,10043,"APARTMENT","Entire home/apt","paris","france",3,1,1,141,"MID_RANGE","2022-06-21 20:13:06.000","EMMA ANDRE","2022-02-21","FALSE","LOW","2022-02-22 09:23:57.000"
"BK2024000731","2024-12-09 01:03:35.000",2024,12,50,95,1,95.00,32,13,45,140,50,"CANCELLED","2024-12-09 09:55:23.000","2026-08-06T10:58:24",500221,10048,"LOFT","Entire home/apt","marseille","france",5,3,3,95,"MID_RANGE","2021-12-14 23:21:16.000","ANTOINE BERNARD","2021-02-15","FALSE","GOOD","2021-02-27 21:53:34.000"
"BK2024000734","2024-04-29 01:25:27.000",2024,4,18,595,5,119.00,26,83,109,704,486,"CANCELLED","2024-04-29 12:01:52.000","2026-08-06T10:58:24",500122,10059,"LOFT","Entire home/apt","nice","france",4,2,1,119,"MID_RANGE","2023-08-03 01:07:36.000","CAMILLE PETIT","2022-08-25","FALSE","GOOD","2022-09-09 12:15:09.000"
"BK2024000737","2024-12-10 14:11:33.000",2024,12,50,1930,10,193.00,42,270,312,2242,1618,"CONFIRMED","2024-12-10 16:39:44.000","2026-08-06T10:58:24",500285,10081,"APARTMENT","Entire home/apt","paris","france",6,3,2,193,"MID_RANGE","2023-09-21 01:07:56.000","ROSE ROUX","2023-07-18","FALSE","LOW","2023-07-29 08:21:17.000"
"BK2024000741","2024-01-08 03:25:27.000",2024,1,2,126,2,63.00,15,18,33,159,93,"CONFIRMED","2024-01-08 06:06:54.000","2026-08-06T10:58:24",500260,10057,"APARTMENT","Private room","nantes","france",7,3,2,63,"BUDGET","2021-07-13 23:53:23.000","RAPHAEL FOURNIER","2021-03-08","TRUE","ELITE","2021-03-27 10:05:52.000"
"BK2024000743","2024-08-31 23:16:23.000",2024,8,35,970,10,97.00,37,136,173,1143,797,"CONFIRMED","2024-09-01 09:49:08.000","2026-08-06T10:58:24",500016,10056,"APARTMENT","Entire home/apt","paris","france",1,1,1,97,"MID_RANGE","2023-10-08 12:14:05.000","INES RICHARD","2023-03-20","TRUE","ELITE","2023-03-26 16:30:50.000"
"BK2024000747","2024-09-29 14:10:48.000",2024,9,39,1652,14,118.00,38,231,269,1921,1383,"CONFIRMED","2024-09-30 01:16:10.000","2026-08-06T10:58:24",500186,10059,"LOFT","Entire home/apt","bordeaux","france",5,3,2,118,"MID_RANGE","2023-06-14 23:50:01.000","CAMILLE PETIT","2022-08-25","FALSE","GOOD","2022-09-09 12:15:09.000"
"BK2024000753","2024-08-25 06:36:11.000",2024,8,34,390,3,130.00,46,55,101,491,289,"CONFIRMED","2024-08-26 05:38:15.000","2026-08-06T10:58:24",500286,10016,"STUDIO","Entire home/apt","paris","france",1,0,1,130,"MID_RANGE","2023-12-21 08:18:04.000","JULIE MOREAU","2023-08-13","FALSE","GOOD","2023-09-08 20:32:38.000"
"BK2024000754","2024-05-12 08:08:46.000",2024,5,19,684,6,114.00,30,96,126,810,558,"CONFIRMED","2024-05-13 07:20:32.000","2026-08-06T10:58:24",500182,10048,"APARTMENT","Entire home/apt","nice","france",3,1,1,114,"MID_RANGE","2021-11-04 18:28:18.000","ANTOINE BERNARD","2021-02-15","FALSE","GOOD","2021-02-27 21:53:34.000"
"BK2024000759","2024-12-25 01:06:56.000",2024,12,52,760,10,76.00,24,106,130,890,630,"CONFIRMED","2024-12-25 19:00:28.000","2026-08-06T10:58:24",500148,10063,"LOFT","Entire home/apt","marseille","france",3,1,1,76,"MID_RANGE","2024-04-03 05:18:50.000","ANTOINE MOREL","2023-06-08","FALSE","LOW","2023-06-30 09:15:17.000"
"BK2024000760","2024-07-16 23:47:37.000",2024,7,29,750,10,75.00,21,105,126,876,624,"CONFIRMED","2024-07-17 15:41:29.000","2026-08-06T10:58:24",500087,10091,"CONDOMINIUM","Entire home/apt","marseille","france",3,2,1,75,"MID_RANGE","2024-06-18 03:50:35.000","SACHA GARCIA","2024-04-24","FALSE","LOW","2024-05-11 13:38:38.000"
"BK2024000766","2024-10-27 23:36:52.000",2024,10,43,2289,7,327.00,127,320,447,2736,1842,"CANCELLED","2024-10-28 00:03:56.000","2026-08-06T10:58:24",500255,10009,"HOUSE","Entire home/apt","paris","france",10,4,3,327,"LUXURY","2024-01-12 19:24:12.000","LEA MOREL","2023-12-28","FALSE","GOOD","2024-01-05 20:44:35.000"
"BK2024000769","2024-11-02 05:13:50.000",2024,11,44,290,2,145.00,26,41,67,357,223,"CANCELLED","2024-11-02 18:42:10.000","2026-08-06T10:58:24",500201,10028,"APARTMENT","Entire home/apt","nice","france",6,3,2,145,"MID_RANGE","2020-10-31 11:43:32.000","NATHAN SIMON","2020-08-26","TRUE","ELITE","2020-09-10 06:55:25.000"
"BK2024000772","2024-12-08 20:21:36.000",2024,12,49,162,3,54.00,14,23,37,199,125,"CONFIRMED","2024-12-09 04:53:22.000","2026-08-06T10:58:24",500166,10056,"STUDIO","Hotel room","nantes","france",1,0,1,54,"BUDGET","2024-03-15 23:01:10.000","INES RICHARD","2023-03-20","TRUE","ELITE","2023-03-26 16:30:50.000"
"BK2024000789","2024-06-18 16:09:08.000",2024,6,25,280,4,70.00,13,39,52,332,228,"CANCELLED","2024-06-19 04:09:26.000","2026-08-06T10:58:24",500218,10039,"APARTMENT","Entire home/apt","toulouse","france",3,2,1,70,"BUDGET","2021-09-08 10:28:17.000","ANNA PERRIN","2021-01-20","TRUE","GOOD","2021-02-11 10:13:43.000"
"BK2024000790","2024-02-16 11:12:46.000",2024,2,7,406,7,58.00,13,57,70,476,336,"CONFIRMED","2024-02-17 05:53:56.000","2026-08-06T10:58:24",500061,10090,"APARTMENT","Private room","nice","france",2,1,1,58,"BUDGET","2019-03-31 01:25:47.000","THEO MOREAU","2018-09-25","TRUE","GOOD","2018-10-13 20:43:03.000"
"BK2024000791","2024-09-22 20:10:46.000",2024,9,38,567,7,81.00,31,79,110,677,457,"CONFIRMED","2024-09-23 11:39:59.000","2026-08-06T10:58:24",500073,10080,"APARTMENT","Private room","marseille","france",7,3,2,81,"MID_RANGE","2023-11-30 03:27:33.000","ANTOINE BERNARD","2023-01-21","TRUE","ELITE","2023-02-08 19:42:24.000"
"BK2024000795","2024-06-19 00:20:49.000",2024,6,25,1540,10,154.00,45,216,261,1801,1279,"CONFIRMED","2024-06-19 02:57:58.000","2026-08-06T10:58:24",500157,10050,"APARTMENT","Entire home/apt","nice","france",5,3,2,154,"MID_RANGE","2022-05-28 04:31:24.000","LINA LEFEBVRE","2021-11-16","FALSE","GOOD","2021-12-02 03:24:57.000"
"BK2024000798","2024-11-27 19:37:22.000",2024,11,48,129,1,129.00,22,18,40,169,89,"CANCELLED","2024-11-28 12:28:50.000","2026-08-06T10:58:24",500076,10009,"LOFT","Entire home/apt","lyon","france",7,3,3,129,"MID_RANGE","2024-07-04 14:06:27.000","LEA MOREL","2023-12-28","FALSE","GOOD","2024-01-05 20:44:35.000"
"BK2024000803","2024-05-17 14:14:45.000",2024,5,20,246,2,123.00,36,34,70,316,176,"CONFIRMED","2024-05-17 22:47:43.000","2026-08-06T10:58:24",500006,10029,"VILLA","Entire home/apt","montpellier","france",6,2,1,123,"MID_RANGE","2023-04-11 23:51:12.000","NOAH GAUTHIER","2022-04-02","TRUE","ELITE","2022-04-10 14:18:27.000"
"BK2024000810","2024-08-18 10:08:42.000",2024,8,33,448,4,112.00,22,63,85,533,363,"CONFIRMED","2024-08-18 19:26:17.000","2026-08-06T10:58:24",500023,10068,"APARTMENT","Entire home/apt","marseille","france",4,2,2,112,"MID_RANGE","2023-01-31 14:55:58.000","YANIS LEROY","2022-05-12","TRUE","ELITE","2022-06-06 12:46:10.000"
"BK2024000811","2024-06-19 14:56:45.000",2024,6,25,1358,7,194.00,33,190,223,1581,1135,"CANCELLED","2024-06-19 18:54:50.000","2026-08-06T10:58:24",500180,10063,"HOUSE","Entire home/apt","marseille","france",12,5,2,194,"MID_RANGE","2024-02-20 04:27:09.000","ANTOINE MOREL","2023-06-08","FALSE","LOW","2023-06-30 09:15:17.000"
"BK2024000813","2024-12-22 12:21:26.000",2024,12,51,483,7,69.00,21,68,89,572,394,"CANCELLED","2024-12-23 12:10:13.000","2026-08-06T10:58:24",500236,10064,"APARTMENT","Entire home/apt","bordeaux","france",1,1,1,69,"BUDGET","2024-09-29 13:06:07.000","ADAM ROBERT","2024-01-22","TRUE","GOOD","2024-01-29 12:44:09.000"
"BK2024000821","2024-10-17 13:57:08.000",2024,10,42,736,4,184.00,48,103,151,887,585,"CONFIRMED","2024-10-17 22:43:31.000","2026-08-06T10:58:24",500012,10057,"VILLA","Entire home/apt","paris","france",7,3,2,184,"MID_RANGE","2022-05-01 18:27:31.000","RAPHAEL FOURNIER","2021-03-08","TRUE","ELITE","2021-03-27 10:05:52.000"
"BK2024000827","2024-03-29 20:21:04.000",2024,3,13,306,3,102.00,39,43,82,388,224,"CONFIRMED","2024-03-30 06:13:47.000","2026-08-06T10:58:24",500238,10068,"CONDOMINIUM","Entire home/apt","lille","france",6,3,2,102,"MID_RANGE","2022-11-18 16:56:56.000","YANIS LEROY","2022-05-12","TRUE","ELITE","2022-06-06 12:46:10.000"
"BK2024000845","2024-05-24 13:41:06.000",2024,5,21,1148,14,82.00,19,161,180,1328,968,"CONFIRMED","2024-05-25 12:01:20.000","2026-08-06T10:58:24",500141,10072,"APARTMENT","Entire home/apt","lyon","france",3,2,2,82,"MID_RANGE","2022-11-24 23:02:16.000","LUCAS DAVID","2021-12-04","TRUE","GOOD","2021-12-28 20:02:48.000"
"BK2024000847","2024-01-02 18:39:24.000",2024,1,1,390,3,130.00,34,55,89,479,301,"CONFIRMED","2024-01-03 01:14:08.000","2026-08-06T10:58:24",500286,10016,"STUDIO","Entire home/apt","paris","france",1,0,1,130,"MID_RANGE","2023-12-21 08:18:04.000","JULIE MOREAU","2023-08-13","FALSE","GOOD","2023-09-08 20:32:38.000"
"BK2024000850","2024-04-13 00:09:34.000",2024,4,15,380,4,95.00,26,53,79,459,301,"CONFIRMED","2024-04-13 12:48:28.000","2026-08-06T10:58:24",500221,10048,"LOFT","Entire home/apt","marseille","france",5,3,3,95,"MID_RANGE","2021-12-14 23:21:16.000","ANTOINE BERNARD","2021-02-15","FALSE","GOOD","2021-02-27 21:53:34.000"
"BK2024000858","2024-10-16 19:48:51.000",2024,10,42,1043,7,149.00,30,146,176,1219,867,"CONFIRMED","2024-10-17 17:27:19.000","2026-08-06T10:58:24",500103,10047,"APARTMENT","Entire home/apt","paris","france",5,2,2,149,"MID_RANGE","2023-11-21 15:30:47.000","VICTOR GIRARD","2023-03-01","TRUE","GOOD","2023-03-08 00:42:12.000"
"BK2024000862","2024-02-11 09:06:58.000",2024,2,6,705,5,141.00,23,99,122,827,583,"CONFIRMED","2024-02-11 22:57:05.000","2026-08-06T10:58:24",500031,10043,"APARTMENT","Entire home/apt","paris","france",3,1,1,141,"MID_RANGE","2022-06-21 20:13:06.000","EMMA ANDRE","2022-02-21","FALSE","LOW","2022-02-22 09:23:57.000"
"BK2024000863","2024-11-11 03:19:37.000",2024,11,46,284,4,71.00,25,40,65,349,219,"CONFIRMED","2024-11-11 17:01:58.000","2026-08-06T10:58:24",500054,10081,"LOFT","Private room","marseille","france",5,2,2,71,"BUDGET","2024-06-14 18:30:45.000","ROSE ROUX","2023-07-18","FALSE","LOW","2023-07-29 08:21:17.000"
"BK2024000865","2024-08-07 04:01:29.000",2024,8,32,310,5,62.00,14,43,57,367,253,"CONFIRMED","2024-08-07 22:19:07.000","2026-08-06T10:58:24",500252,10008,"STUDIO","Entire home/apt","lille","france",2,0,1,62,"BUDGET","2023-03-24 19:40:11.000","CHLOE SIMON","2023-02-01","FALSE","GOOD","2023-02-12 06:42:17.000"
"BK2024000871","2024-05-15 13:28:40.000",2024,5,20,186,6,31.00,11,26,37,223,149,"CONFIRMED","2024-05-16 04:58:16.000","2026-08-06T10:58:24",500106,10078,"APARTMENT","Shared room","strasbourg","france",3,2,2,31,"BUDGET","2023-02-11 09:11:02.000","ENZO LEGRAND","2022-01-23","FALSE","GOOD","2022-01-28 23:33:41.000"
"BK2024000877","2024-04-03 05:40:27.000",2024,4,14,315,3,105.00,40,44,84,399,231,"CONFIRMED","2024-04-04 01:53:04.000","2026-08-06T10:58:24",500250,10050,"STUDIO","Entire home/apt","paris","france",2,0,1,105,"MID_RANGE","2022-07-28 11:39:50.000","LINA LEFEBVRE","2021-11-16","FALSE","GOOD","2021-12-02 03:24:57.000"
"BK2024000881","2024-05-13 03:51:45.000",2024,5,20,1365,7,195.00,39,191,230,1595,1135,"CONFIRMED","2024-05-13 10:11:17.000","2026-08-06T10:58:24",500227,10052,"HOUSE","Entire home/apt","lyon","france",8,4,2,195,"MID_RANGE","2022-06-11 07:08:11.000","LOUIS FOURNIER","2022-01-31","TRUE","ELITE","2022-03-01 10:39:20.000"
"BK2024000882","2024-03-13 21:01:30.000",2024,3,11,770,5,154.00,59,108,167,937,603,"CONFIRMED","2024-03-14 07:11:42.000","2026-08-06T10:58:24",500157,10050,"APARTMENT","Entire home/apt","nice","france",5,3,2,154,"MID_RANGE","2022-05-28 04:31:24.000","LINA LEFEBVRE","2021-11-16","FALSE","GOOD","2021-12-02 03:24:57.000"
"BK2024000887","2024-11-26 15:31:47.000",2024,11,48,406,2,203.00,41,57,98,504,308,"CONFIRMED","2024-11-26 18:36:02.000","2026-08-06T10:58:24",500196,10055,"HOUSE","Entire home/apt","paris","france",8,4,3,203,"LUXURY","2023-01-28 21:56:00.000","ROSE MOREL","2022-07-22","FALSE","GOOD","2022-07-28 13:50:37.000"
"BK2024000890","2024-11-05 22:39:40.000",2024,11,45,390,6,65.00,15,55,70,460,320,"CONFIRMED","2024-11-06 03:34:49.000","2026-08-06T10:58:24",500146,10053,"STUDIO","Private room","paris","france",1,0,1,65,"BUDGET","2024-07-15 07:30:44.000","NOAH LEROY","2023-09-09","TRUE","ELITE","2023-09-19 12:44:18.000"
"BK2024000893","2024-09-11 06:08:47.000",2024,9,37,222,2,111.00,27,31,58,280,164,"CONFIRMED","2024-09-11 14:47:34.000","2026-08-06T10:58:24",500229,10056,"APARTMENT","Entire home/apt","nantes","france",6,3,2,111,"MID_RANGE","2023-06-30 00:48:18.000","INES RICHARD","2023-03-20","TRUE","ELITE","2023-03-26 16:30:50.000"
"BK2024000901","2024-02-15 17:11:00.000",2024,2,7,590,10,59.00,9,83,92,682,498,"CONFIRMED","2024-02-15 19:31:55.000","2026-08-06T10:58:24",500093,10008,"APARTMENT","Entire home/apt","lille","france",2,1,1,59,"BUDGET","2023-11-04 16:36:22.000","CHLOE SIMON","2023-02-01","FALSE","GOOD","2023-02-12 06:42:17.000"
"BK2024000903","2024-12-04 01:50:16.000",2024,12,49,1420,10,142.00,22,199,221,1641,1199,"CANCELLED","2024-12-04 13:53:44.000","2026-08-06T10:58:24",500014,10063,"APARTMENT","Entire home/apt","lille","france",7,3,3,142,"MID_RANGE","2024-07-16 11:42:23.000","ANTOINE MOREL","2023-06-08","FALSE","LOW","2023-06-30 09:15:17.000"
"BK2024000905","2024-03-07 21:35:15.000",2024,3,10,146,2,73.00,20,20,40,186,106,"CONFIRMED","2024-03-08 10:47:28.000","2026-08-06T10:58:24",500265,10074,"APARTMENT","Entire home/apt","nantes","france",3,1,1,73,"BUDGET","2023-11-04 15:47:02.000","INES FOURNIER","2023-03-20","FALSE","GOOD","2023-04-08 23:45:07.000"
"BK2024000908","2024-05-15 14:33:08.000",2024,5,20,565,5,113.00,26,79,105,670,460,"CONFIRMED","2024-05-15 20:09:08.000","2026-08-06T10:58:24",500200,10097,"HOUSE","Entire home/apt","lille","france",6,2,1,113,"MID_RANGE","2019-02-01 14:15:22.000","MARIE CHEVALIER","2018-10-20","TRUE","GOOD","2018-11-08 23:52:36.000"
"BK2024000911","2024-11-11 20:26:32.000",2024,11,46,59,1,59.00,12,8,20,79,39,"CONFIRMED","2024-11-12 05:05:52.000","2026-08-06T10:58:24",500093,10008,"APARTMENT","Entire home/apt","lille","france",2,1,1,59,"BUDGET","2023-11-04 16:36:22.000","CHLOE SIMON","2023-02-01","FALSE","GOOD","2023-02-12 06:42:17.000"
"BK2024000915","2024-11-01 22:52:12.000",2024,11,44,214,2,107.00,29,30,59,273,155,"CONFIRMED","2024-11-02 03:06:44.000","2026-08-06T10:58:24",500277,10081,"APARTMENT","Entire home/apt","montpellier","france",4,2,1,107,"MID_RANGE","2023-10-24 03:09:27.000","ROSE ROUX","2023-07-18","FALSE","LOW","2023-07-29 08:21:17.000"
"BK2024000920","2024-12-07 14:47:45.000",2024,12,49,602,14,43.00,11,84,95,697,507,"CONFIRMED","2024-12-07 18:35:02.000","2026-08-06T10:58:24",500097,10088,"APARTMENT","Private room","lyon","france",2,1,1,43,"BUDGET","2021-05-29 20:22:17.000","MALIK PETIT","2021-01-28","TRUE","GOOD","2021-02-14 09:44:08.000"
"BK2024000922","2024-02-24 15:31:10.000",2024,2,8,204,3,68.00,21,29,50,254,154,"CANCELLED","2024-02-24 18:45:39.000","2026-08-06T10:58:24",500176,10041,"APARTMENT","Private room","paris","france",2,1,1,68,"BUDGET","2018-04-30 07:26:20.000","EVA GARNIER","2018-01-15","TRUE","GOOD","2018-02-04 08:10:47.000"
"BK2024000923","2024-06-04 15:35:57.000",2024,6,23,170,2,85.00,20,24,44,214,126,"CONFIRMED","2024-06-05 07:47:22.000","2026-08-06T10:58:24",500057,10074,"APARTMENT","Entire home/apt","nice","france",1,1,1,85,"MID_RANGE","2023-10-01 21:50:39.000","INES FOURNIER","2023-03-20","FALSE","GOOD","2023-04-08 23:45:07.000"
"BK2024000928","2024-08-05 06:53:31.000",2024,8,32,234,3,78.00,30,33,63,297,171,"CONFIRMED","2024-08-05 08:41:57.000","2026-08-06T10:58:24",500039,10013,"APARTMENT","Entire home/apt","lyon","france",3,1,1,78,"MID_RANGE","2023-11-21 08:17:49.000","SIMON ROBERT","2023-09-19","FALSE","LOW","2023-10-09 05:50:43.000"
"BK2024000937","2024-07-04 11:56:59.000",2024,7,27,204,2,102.00,36,29,65,269,139,"CONFIRMED","2024-07-04 19:34:26.000","2026-08-06T10:58:24",500215,10005,"VILLA","Private room","bordeaux","france",10,5,3,102,"MID_RANGE","2023-02-06 00:51:59.000","NINA RICHARD","2022-01-10","FALSE","LOW","2022-02-02 14:34:07.000"
"BK2024000939","2024-03-14 15:36:04.000",2024,3,11,525,3,175.00,56,74,130,655,395,"CANCELLED","2024-03-15 04:21:51.000","2026-08-06T10:58:24",500051,10080,"HOUSE","Entire home/apt","marseille","france",10,5,2,175,"MID_RANGE","2023-09-02 11:47:49.000","ANTOINE BERNARD","2023-01-21","TRUE","ELITE","2023-02-08 19:42:24.000"
"BK2024000943","2024-09-02 16:45:08.000",2024,9,36,462,7,66.00,21,65,86,548,376,"CONFIRMED","2024-09-02 22:39:39.000","2026-08-06T10:58:24",500135,10036,"STUDIO","Private room","paris","france",1,0,1,66,"BUDGET","2023-10-10 10:09:19.000","MAXIME VINCENT","2023-09-04","TRUE","ELITE","2023-10-02 02:56:15.000"
"BK2024000957","2024-08-14 01:38:02.000",2024,8,33,179,1,179.00,54,25,79,258,100,"CONFIRMED","2024-08-14 13:51:44.000","2026-08-06T10:58:24",500142,10048,"LOFT","Entire home/apt","paris","france",4,2,1,179,"MID_RANGE","2021-06-04 16:40:16.000","ANTOINE BERNARD","2021-02-15","FALSE","GOOD","2021-02-27 21:53:34.000"
"BK2024000976","2024-02-27 11:00:50.000",2024,2,9,85,1,85.00,17,12,29,114,56,"CONFIRMED","2024-02-27 18:46:10.000","2026-08-06T10:58:24",500092,10088,"APARTMENT","Private room","marseille","france",7,3,2,85,"MID_RANGE","2021-04-21 23:17:06.000","MALIK PETIT","2021-01-28","TRUE","GOOD","2021-02-14 09:44:08.000"
"BK2024000977","2024-10-06 17:27:42.000",2024,10,40,395,5,79.00,12,55,67,462,328,"CANCELLED","2024-10-07 15:35:41.000","2026-08-06T10:58:24",500038,10099,"STUDIO","Entire home/apt","bordeaux","france",1,0,1,79,"MID_RANGE","2023-08-17 02:14:06.000","ROSE BERTRAND","2022-11-29","TRUE","GOOD","2022-12-27 13:47:20.000"
"BK2024000981","2024-04-16 09:55:07.000",2024,4,16,320,4,80.00,20,45,65,385,255,"CONFIRMED","2024-04-16 14:37:51.000","2026-08-06T10:58:24",500098,10041,"APARTMENT","Hotel room","lille","france",4,2,1,80,"MID_RANGE","2018-10-26 01:17:07.000","EVA GARNIER","2018-01-15","TRUE","GOOD","2018-02-04 08:10:47.000"
"BK2024000982","2024-06-26 11:33:36.000",2024,6,26,190,2,95.00,33,27,60,250,130,"CONFIRMED","2024-06-26 17:20:52.000","2026-08-06T10:58:24",500115,10019,"APARTMENT","Private room","paris","france",4,2,2,95,"MID_RANGE","2024-04-14 15:26:29.000","ROSE GARNIER","2023-12-22","FALSE","ELITE","2023-12-27 08:33:55.000"
"BK2024000984","2024-08-04 23:57:14.000",2024,8,31,981,3,327.00,58,137,195,1176,786,"CONFIRMED","2024-08-05 05:03:02.000","2026-08-06T10:58:24",500255,10009,"HOUSE","Entire home/apt","paris","france",10,4,3,327,"LUXURY","2024-01-12 19:24:12.000","LEA MOREL","2023-12-28","FALSE","GOOD","2024-01-05 20:44:35.000"
"BK2024000990","2024-11-08 14:44:28.000",2024,11,45,275,5,55.00,8,39,47,322,228,"CONFIRMED","2024-11-09 03:34:04.000","2026-08-06T10:58:24",500190,10091,"HOUSE","Shared room","paris","france",4,2,2,55,"BUDGET","2024-09-30 09:47:22.000","SACHA GARCIA","2024-04-24","FALSE","LOW","2024-05-11 13:38:38.000"
"BK2024000996","2024-06-03 03:20:31.000",2024,6,23,320,2,160.00,33,45,78,398,242,"CONFIRMED","2024-06-04 03:03:21.000","2026-08-06T10:58:24",500167,10023,"CONDOMINIUM","Entire home/apt","montpellier","france",7,3,3,160,"MID_RANGE","2019-12-13 22:33:58.000","SARAH LEGRAND","2018-10-18","TRUE","GOOD","2018-11-08 15:13:34.000"
"BK2024000997","2024-02-05 08:04:46.000",2024,2,6,882,7,126.00,31,123,154,1036,728,"CONFIRMED","2024-02-05 12:34:52.000","2026-08-06T10:58:24",500187,10097,"LOFT","Entire home/apt","paris","france",3,2,1,126,"MID_RANGE","2018-11-25 14:08:58.000","MARIE CHEVALIER","2018-10-20","TRUE","GOOD","2018-11-08 23:52:36.000"
"BK2024000999","2024-08-19 15:04:18.000",2024,8,34,796,4,199.00,39,111,150,946,646,"CONFIRMED","2024-08-20 03:41:00.000","2026-08-06T10:58:24",500283,10016,"HOUSE","Entire home/apt","lyon","france",10,4,2,199,"MID_RANGE","2023-10-03 17:39:19.000","JULIE MOREAU","2023-08-13","FALSE","GOOD","2023-09-08 20:32:38.000"
"BK2025000004","2025-11-04 20:29:41.000",2025,11,45,612,6,102.00,27,86,113,725,499,"CONFIRMED","2025-11-05 11:30:14.000","2026-08-06T10:58:24",500024,10029,"LOFT","Hotel room","lille","france",6,3,2,102,"MID_RANGE","2022-04-17 22:52:34.000","NOAH GAUTHIER","2022-04-02","TRUE","ELITE","2022-04-10 14:18:27.000"
"BK2025000008","2025-12-11 23:11:28.000",2025,12,50,400,5,80.00,16,56,72,472,328,"CONFIRMED","2025-12-12 20:34:26.000","2026-08-06T10:58:24",500161,10057,"APARTMENT","Entire home/apt","lyon","france",2,1,1,80,"MID_RANGE","2021-12-14 23:11:53.000","RAPHAEL FOURNIER","2021-03-08","TRUE","ELITE","2021-03-27 10:05:52.000"
"BK2025000009","2025-07-11 09:02:38.000",2025,7,28,204,4,51.00,16,29,45,249,159,"CONFIRMED","2025-07-12 02:33:15.000","2026-08-06T10:58:24",500068,10048,"APARTMENT","Private room","bordeaux","france",2,1,1,51,"BUDGET","2021-07-17 12:51:06.000","ANTOINE BERNARD","2021-02-15","FALSE","GOOD","2021-02-27 21:53:34.000"
"BK2025000014","2025-01-18 00:12:40.000",2025,1,3,160,2,80.00,24,22,46,206,114,"CONFIRMED","2025-01-18 08:11:20.000","2026-08-06T10:58:24",500161,10057,"APARTMENT","Entire home/apt","lyon","france",2,1,1,80,"MID_RANGE","2021-12-14 23:11:53.000","RAPHAEL FOURNIER","2021-03-08","TRUE","ELITE","2021-03-27 10:05:52.000"
"BK2025000019","2025-11-17 02:46:16.000",2025,11,47,279,3,93.00,22,39,61,340,218,"CANCELLED","2025-11-17 13:09:34.000","2026-08-06T10:58:24",500259,10003,"STUDIO","Entire home/apt","lyon","france",2,0,1,93,"MID_RANGE","2025-08-27 13:11:42.000","CAMILLE SIMON","2025-04-15","FALSE","GOOD","2025-05-03 08:51:55.000"
"BK2025000025","2025-04-27 14:15:37.000",2025,4,17,240,2,120.00,32,34,66,306,174,"CONFIRMED","2025-04-27 16:18:48.000","2026-08-06T10:58:24",500223,10018,"HOUSE","Entire home/apt","nantes","france",7,3,3,120,"MID_RANGE","2021-09-11 11:27:54.000","MALIK ROBERT","2021-06-13","TRUE","GOOD","2021-07-11 18:05:05.000"
"BK2025000026","2025-09-09 18:54:29.000",2025,9,37,76,2,38.00,8,11,19,95,57,"CONFIRMED","2025-09-10 08:14:30.000","2026-08-06T10:58:24",500129,10027,"APARTMENT","Private room","toulouse","france",3,2,2,38,"BUDGET","2019-06-08 16:17:37.000","CAMILLE RICHARD","2018-11-05","TRUE","ELITE","2018-11-08 01:41:34.000"
"BK2025000034","2025-05-11 02:55:36.000",2025,5,19,90,2,45.00,12,13,25,115,65,"CONFIRMED","2025-05-12 01:32:45.000","2026-08-06T10:58:24",500052,10040,"APARTMENT","Private room","toulouse","france",3,1,1,45,"BUDGET","2023-10-05 07:50:39.000","ENZO DUBOIS","2023-06-25","TRUE","GOOD","2023-06-27 20:27:53.000"
"BK2025000035","2025-01-08 12:19:00.000",2025,1,2,670,10,67.00,13,94,107,777,563,"CONFIRMED","2025-01-09 11:06:41.000","2026-08-06T10:58:24",500290,10095,"STUDIO","Private room","paris","france",1,0,1,67,"BUDGET","2018-09-01 00:27:40.000","LEA BERTRAND","2018-05-14","TRUE","GOOD","2018-06-05 14:04:43.000"
"BK2025000039","2025-10-27 14:08:14.000",2025,10,44,435,3,145.00,50,61,111,546,324,"CONFIRMED","2025-10-28 08:55:08.000","2026-08-06T10:58:24",500019,10062,"APARTMENT","Entire home/apt","paris","france",5,2,2,145,"MID_RANGE","2025-02-02 20:10:40.000","ENZO ROBIN","2024-02-23","FALSE","ELITE","2024-03-02 07:53:40.000"
"BK2025000045","2025-09-25 03:49:21.000",2025,9,39,665,7,95.00,26,93,119,784,546,"CONFIRMED","2025-09-25 20:45:29.000","2026-08-06T10:58:24",500115,10019,"APARTMENT","Private room","paris","france",4,2,2,95,"MID_RANGE","2024-04-14 15:26:29.000","ROSE GARNIER","2023-12-22","FALSE","ELITE","2023-12-27 08:33:55.000"
"BK2025000054","2025-08-13 22:41:47.000",2025,8,33,625,5,125.00,32,88,120,745,505,"CANCELLED","2025-08-14 11:04:24.000","2026-08-06T10:58:24",500268,10080,"APARTMENT","Entire home/apt","lyon","france",6,3,3,125,"MID_RANGE","2023-04-05 10:46:45.000","ANTOINE BERNARD","2023-01-21","TRUE","ELITE","2023-02-08 19:42:24.000"
"BK2025000058","2025-03-29 05:28:29.000",2025,3,13,537,3,179.00,62,75,137,674,400,"CONFIRMED","2025-03-29 23:03:59.000","2026-08-06T10:58:24",500142,10048,"LOFT","Entire home/apt","paris","france",4,2,1,179,"MID_RANGE","2021-06-04 16:40:16.000","ANTOINE BERNARD","2021-02-15","FALSE","GOOD","2021-02-27 21:53:34.000"
"BK2025000060","2025-06-06 11:28:52.000",2025,6,23,738,6,123.00,43,103,146,884,592,"CONFIRMED","2025-06-06 16:53:32.000","2026-08-06T10:58:24",500083,10082,"CONDOMINIUM","Entire home/apt","montpellier","france",6,3,3,123,"MID_RANGE","2025-04-16 04:56:27.000","MALIK DAVID","2024-03-26","TRUE","GOOD","2024-03-28 07:46:26.000"
"BK2025000070","2025-05-05 16:31:55.000",2025,5,19,219,3,73.00,16,31,47,266,172,"CONFIRMED","2025-05-05 19:07:54.000","2026-08-06T10:58:24",500265,10074,"APARTMENT","Entire home/apt","nantes","france",3,1,1,73,"BUDGET","2023-11-04 15:47:02.000","INES FOURNIER","2023-03-20","FALSE","GOOD","2023-04-08 23:45:07.000"
"BK2025000081","2025-11-17 09:58:27.000",2025,11,47,236,2,118.00,24,33,57,293,179,"CONFIRMED","2025-11-18 00:45:48.000","2026-08-06T10:58:24",500288,10015,"HOUSE","Entire home/apt","lille","france",6,2,1,118,"MID_RANGE","2025-10-23 21:51:43.000","CAMILLE BERTRAND","2025-08-24","FALSE","LOW","2025-09-02 13:10:29.000"
"BK2025000087","2025-10-30 10:24:22.000",2025,10,44,236,2,118.00,45,33,78,314,158,"CONFIRMED","2025-10-30 11:13:47.000","2026-08-06T10:58:24",500041,10093,"APARTMENT","Entire home/apt","paris","france",3,1,1,118,"MID_RANGE","2025-07-15 04:59:16.000","RAPHAEL LAURENT","2024-11-02","FALSE","LOW","2024-11-10 21:05:10.000"
"BK2025000088","2025-01-20 14:09:57.000",2025,1,4,172,2,86.00,27,24,51,223,121,"CANCELLED","2025-01-20 21:25:44.000","2026-08-06T10:58:24",500269,10036,"STUDIO","Entire home/apt","nice","france",2,0,1,86,"MID_RANGE","2024-10-27 10:53:18.000","MAXIME VINCENT","2023-09-04","TRUE","ELITE","2023-10-02 02:56:15.000"
"BK2025000089","2025-10-12 03:38:52.000",2025,10,41,260,4,65.00,13,36,49,309,211,"CONFIRMED","2025-10-12 14:34:22.000","2026-08-06T10:58:24",500146,10053,"STUDIO","Private room","paris","france",1,0,1,65,"BUDGET","2024-07-15 07:30:44.000","NOAH LEROY","2023-09-09","TRUE","ELITE","2023-09-19 12:44:18.000"
"BK2025000091","2025-08-20 02:16:16.000",2025,8,34,324,4,81.00,31,45,76,400,248,"CONFIRMED","2025-08-20 04:44:35.000","2026-08-06T10:58:24",500289,10059,"APARTMENT","Entire home/apt","montpellier","france",1,1,1,81,"MID_RANGE","2023-03-13 09:35:36.000","CAMILLE PETIT","2022-08-25","FALSE","GOOD","2022-09-09 12:15:09.000"
"BK2025000099","2025-08-28 01:21:31.000",2025,8,35,1060,10,106.00,17,148,165,1225,895,"CONFIRMED","2025-08-28 18:51:42.000","2026-08-06T10:58:24",500017,10064,"APARTMENT","Entire home/apt","strasbourg","france",4,2,2,106,"MID_RANGE","2024-09-23 22:27:43.000","ADAM ROBERT","2024-01-22","TRUE","GOOD","2024-01-29 12:44:09.000"
"BK2025000102","2025-08-06 21:35:22.000",2025,8,32,276,2,138.00,43,39,82,358,194,"CONFIRMED","2025-08-07 18:48:29.000","2026-08-06T10:58:24",500022,10057,"APARTMENT","Entire home/apt","paris","france",4,2,2,138,"MID_RANGE","2021-06-03 04:02:15.000","RAPHAEL FOURNIER","2021-03-08","TRUE","ELITE","2021-03-27 10:05:52.000"
"BK2025000107","2025-03-04 06:51:29.000",2025,3,10,240,3,80.00,21,34,55,295,185,"CANCELLED","2025-03-04 09:24:38.000","2026-08-06T10:58:24",500098,10041,"APARTMENT","Hotel room","lille","france",4,2,1,80,"MID_RANGE","2018-10-26 01:17:07.000","EVA GARNIER","2018-01-15","TRUE","GOOD","2018-02-04 08:10:47.000"
"BK2025000109","2025-11-08 21:29:44.000",2025,11,45,126,1,126.00,49,18,67,193,59,"CONFIRMED","2025-11-09 14:13:15.000","2026-08-06T10:58:24",500187,10097,"LOFT","Entire home/apt","paris","france",3,2,1,126,"MID_RANGE","2018-11-25 14:08:58.000","MARIE CHEVALIER","2018-10-20","TRUE","GOOD","2018-11-08 23:52:36.000"
"BK2025000130","2025-06-25 14:06:39.000",2025,6,26,414,6,69.00,25,58,83,497,331,"CONFIRMED","2025-06-25 21:46:38.000","2026-08-06T10:58:24",500120,10064,"LOFT","Private room","paris","france",3,2,1,69,"BUDGET","2024-12-02 16:43:30.000","ADAM ROBERT","2024-01-22","TRUE","GOOD","2024-01-29 12:44:09.000"
"BK2025000131","2025-04-24 14:28:11.000",2025,4,17,903,7,129.00,29,126,155,1058,748,"CONFIRMED","2025-04-24 21:15:45.000","2026-08-06T10:58:24",500076,10009,"LOFT","Entire home/apt","lyon","france",7,3,3,129,"MID_RANGE","2024-07-04 14:06:27.000","LEA MOREL","2023-12-28","FALSE","GOOD","2024-01-05 20:44:35.000"
"BK2025000133","2025-12-12 09:40:49.000",2025,12,50,244,4,61.00,13,34,47,291,197,"CONFIRMED","2025-12-13 08:20:06.000","2026-08-06T10:58:24",500010,10042,"CONDOMINIUM","Entire home/apt","lille","france",3,2,2,61,"BUDGET","2025-06-02 14:43:07.000","JADE DUBOIS","2024-04-16","TRUE","GOOD","2024-05-16 22:57:09.000"
"BK2025000134","2025-10-25 21:41:38.000",2025,10,43,222,3,74.00,16,31,47,269,175,"CANCELLED","2025-10-26 00:42:56.000","2026-08-06T10:58:24",500028,10054,"LOFT","Private room","bordeaux","france",5,3,3,74,"BUDGET","2020-08-08 01:41:34.000","SACHA FOURNIER","2020-02-25","TRUE","ELITE","2020-03-17 23:57:11.000"
"BK2025000136","2025-03-04 10:48:01.000",2025,3,10,152,2,76.00,21,21,42,194,110,"CONFIRMED","2025-03-05 09:58:02.000","2026-08-06T10:58:24",500235,10041,"HOUSE","Private room","nantes","france",6,2,2,76,"MID_RANGE","2018-11-19 12:46:59.000","EVA GARNIER","2018-01-15","TRUE","GOOD","2018-02-04 08:10:47.000"
"BK2025000142","2025-06-29 21:33:54.000",2025,6,26,738,6,123.00,44,103,147,885,591,"CONFIRMED","2025-06-30 02:23:06.000","2026-08-06T10:58:24",500164,10019,"APARTMENT","Entire home/apt","paris","france",3,2,2,123,"MID_RANGE","2024-05-02 08:14:26.000","ROSE GARNIER","2023-12-22","FALSE","ELITE","2023-12-27 08:33:55.000"
"BK2025000143","2025-01-05 02:49:46.000",2025,1,1,812,14,58.00,18,114,132,944,680,"CONFIRMED","2025-01-05 22:04:00.000","2026-08-06T10:58:24",500055,10009,"HOUSE","Private room","marseille","france",5,2,1,58,"BUDGET","2024-08-23 21:47:58.000","LEA MOREL","2023-12-28","FALSE","GOOD","2024-01-05 20:44:35.000"
"BK2025000144","2025-07-18 14:27:12.000",2025,7,29,426,3,142.00,39,60,99,525,327,"CONFIRMED","2025-07-18 20:21:36.000","2026-08-06T10:58:24",500014,10063,"APARTMENT","Entire home/apt","lille","france",7,3,3,142,"MID_RANGE","2024-07-16 11:42:23.000","ANTOINE MOREL","2023-06-08","FALSE","LOW","2023-06-30 09:15:17.000"
"BK2025000145","2025-11-18 23:50:23.000",2025,11,47,124,2,62.00,16,17,33,157,91,"CANCELLED","2025-11-19 13:05:10.000","2026-08-06T10:58:24",500252,10008,"STUDIO","Entire home/apt","lille","france",2,0,1,62,"BUDGET","2023-03-24 19:40:11.000","CHLOE SIMON","2023-02-01","FALSE","GOOD","2023-02-12 06:42:17.000"
"BK2025000154","2025-01-16 09:19:12.000",2025,1,3,498,6,83.00,31,70,101,599,397,"CONFIRMED","2025-01-16 15:14:21.000","2026-08-06T10:58:24",500082,10040,"LOFT","Entire home/apt","marseille","france",4,2,2,83,"MID_RANGE","2023-12-25 15:55:10.000","ENZO DUBOIS","2023-06-25","TRUE","GOOD","2023-06-27 20:27:53.000"
"BK2025000155","2025-08-14 21:20:32.000",2025,8,33,255,3,85.00,28,36,64,319,191,"CANCELLED","2025-08-15 17:31:39.000","2026-08-06T10:58:24",500092,10088,"APARTMENT","Private room","marseille","france",7,3,2,85,"MID_RANGE","2021-04-21 23:17:06.000","MALIK PETIT","2021-01-28","TRUE","GOOD","2021-02-14 09:44:08.000"
"BK2025000162","2025-05-30 09:06:57.000",2025,5,22,86,1,86.00,25,12,37,123,49,"CANCELLED","2025-05-31 00:53:41.000","2026-08-06T10:58:24",500269,10036,"STUDIO","Entire home/apt","nice","france",2,0,1,86,"MID_RANGE","2024-10-27 10:53:18.000","MAXIME VINCENT","2023-09-04","TRUE","ELITE","2023-10-02 02:56:15.000"
"BK2025000163","2025-06-15 01:13:10.000",2025,6,24,152,2,76.00,22,21,43,195,109,"CONFIRMED","2025-06-15 20:49:41.000","2026-08-06T10:58:24",500148,10063,"LOFT","Entire home/apt","marseille","france",3,1,1,76,"MID_RANGE","2024-04-03 05:18:50.000","ANTOINE MOREL","2023-06-08","FALSE","LOW","2023-06-30 09:15:17.000"
"BK2025000166","2025-09-16 00:40:09.000",2025,9,38,970,5,194.00,63,136,199,1169,771,"CONFIRMED","2025-09-16 09:59:41.000","2026-08-06T10:58:24",500180,10063,"HOUSE","Entire home/apt","marseille","france",12,5,2,194,"MID_RANGE","2024-02-20 04:27:09.000","ANTOINE MOREL","2023-06-08","FALSE","LOW","2023-06-30 09:15:17.000"
"BK2025000171","2025-12-12 20:53:15.000",2025,12,50,666,6,111.00,36,93,129,795,537,"CONFIRMED","2025-12-13 05:19:20.000","2026-08-06T10:58:24",500096,10027,"APARTMENT","Entire home/apt","toulouse","france",5,2,2,111,"MID_RANGE","2019-04-11 16:57:25.000","CAMILLE RICHARD","2018-11-05","TRUE","ELITE","2018-11-08 01:41:34.000"
"BK2025000174","2025-09-09 21:03:07.000",2025,9,37,602,7,86.00,31,84,115,717,487,"CANCELLED","2025-09-10 03:49:09.000","2026-08-06T10:58:24",500269,10036,"STUDIO","Entire home/apt","nice","france",2,0,1,86,"MID_RANGE","2024-10-27 10:53:18.000","MAXIME VINCENT","2023-09-04","TRUE","ELITE","2023-10-02 02:56:15.000"
"BK2025000175","2025-10-31 12:01:40.000",2025,10,44,138,2,69.00,16,19,35,173,103,"CONFIRMED","2025-10-31 22:31:36.000","2026-08-06T10:58:24",500236,10064,"APARTMENT","Entire home/apt","bordeaux","france",1,1,1,69,"BUDGET","2024-09-29 13:06:07.000","ADAM ROBERT","2024-01-22","TRUE","GOOD","2024-01-29 12:44:09.000"
"BK2025000180","2025-08-13 20:03:51.000",2025,8,33,696,4,174.00,52,97,149,845,547,"CONFIRMED","2025-08-14 15:26:10.000","2026-08-06T10:58:24",500045,10068,"APARTMENT","Entire home/apt","paris","france",4,2,2,174,"MID_RANGE","2023-03-24 07:52:06.000","YANIS LEROY","2022-05-12","TRUE","ELITE","2022-06-06 12:46:10.000"
"BK2025000182","2025-06-10 23:06:32.000",2025,6,24,590,5,118.00,40,83,123,713,467,"CONFIRMED","2025-06-11 04:02:29.000","2026-08-06T10:58:24",500240,10094,"APARTMENT","Private room","nice","france",7,3,3,118,"MID_RANGE","2025-04-22 08:46:49.000","LAURA VINCENT","2024-03-10","TRUE","GOOD","2024-03-23 14:44:38.000"
"BK2025000184","2025-05-28 11:11:26.000",2025,5,22,525,3,175.00,34,74,108,633,417,"CONFIRMED","2025-05-29 03:17:51.000","2026-08-06T10:58:24",500034,10068,"APARTMENT","Entire home/apt","paris","france",5,2,1,175,"MID_RANGE","2022-09-28 07:48:56.000","YANIS LEROY","2022-05-12","TRUE","ELITE","2022-06-06 12:46:10.000"
"BK2025000185","2025-07-23 15:29:02.000",2025,7,30,406,7,58.00,16,57,73,479,333,"CONFIRMED","2025-07-23 23:08:17.000","2026-08-06T10:58:24",500055,10009,"HOUSE","Private room","marseille","france",5,2,1,58,"BUDGET","2024-08-23 21:47:58.000","LEA MOREL","2023-12-28","FALSE","GOOD","2024-01-05 20:44:35.000"
"BK2025000186","2025-05-10 17:56:54.000",2025,5,19,405,3,135.00,48,57,105,510,300,"CONFIRMED","2025-05-11 12:47:15.000","2026-08-06T10:58:24",500281,10094,"APARTMENT","Entire home/apt","marseille","france",5,3,3,135,"MID_RANGE","2024-11-29 02:32:50.000","LAURA VINCENT","2024-03-10","TRUE","GOOD","2024-03-23 14:44:38.000"
"BK2025000187","2025-09-14 02:34:38.000",2025,9,37,145,1,145.00,55,20,75,220,70,"CONFIRMED","2025-09-14 06:12:16.000","2026-08-06T10:58:24",500279,10069,"APARTMENT","Entire home/apt","paris","france",5,2,1,145,"MID_RANGE","2025-01-15 20:51:56.000","SIMON LEROY","2024-12-23","FALSE","ELITE","2025-01-13 00:05:41.000"
"BK2025000190","2025-04-17 18:07:06.000",2025,4,16,243,3,81.00,16,34,50,293,193,"CANCELLED","2025-04-18 12:58:04.000","2026-08-06T10:58:24",500232,10070,"APARTMENT","Entire home/apt","nantes","france",4,2,2,81,"MID_RANGE","2023-08-30 05:27:30.000","ALICE GIRARD","2023-03-07","TRUE","GOOD","2023-03-19 10:13:29.000"
"BK2025000194","2025-11-16 13:01:22.000",2025,11,46,386,2,193.00,77,54,131,517,255,"CONFIRMED","2025-11-16 13:06:03.000","2026-08-06T10:58:24",500285,10081,"APARTMENT","Entire home/apt","paris","france",6,3,2,193,"MID_RANGE","2023-09-21 01:07:56.000","ROSE ROUX","2023-07-18","FALSE","LOW","2023-07-29 08:21:17.000"
"BK2025000200","2025-04-08 01:29:30.000",2025,4,15,156,3,52.00,18,22,40,196,116,"CONFIRMED","2025-04-08 20:15:51.000","2026-08-06T10:58:24",500297,10064,"APARTMENT","Entire home/apt","lille","france",2,1,1,52,"BUDGET","2024-05-23 06:25:33.000","ADAM ROBERT","2024-01-22","TRUE","GOOD","2024-01-29 12:44:09.000"
"BK2025000203","2025-10-05 21:27:50.000",2025,10,40,372,4,93.00,20,52,72,444,300,"CONFIRMED","2025-10-06 16:39:48.000","2026-08-06T10:58:24",500259,10003,"STUDIO","Entire home/apt","lyon","france",2,0,1,93,"MID_RANGE","2025-08-27 13:11:42.000","CAMILLE SIMON","2025-04-15","FALSE","GOOD","2025-05-03 08:51:55.000"
"BK2025000206","2025-09-14 18:58:19.000",2025,9,37,372,4,93.00,34,52,86,458,286,"CONFIRMED","2025-09-14 22:01:29.000","2026-08-06T10:58:24",500226,10058,"HOUSE","Entire home/apt","bordeaux","france",4,2,1,93,"MID_RANGE","2021-08-19 22:48:06.000","CHLOE FRANCOIS","2020-07-09","FALSE","LOW","2020-07-16 15:39:54.000"
"BK2025000207","2025-02-12 08:16:26.000",2025,2,7,612,6,102.00,34,86,120,732,492,"CONFIRMED","2025-02-13 06:01:50.000","2026-08-06T10:58:24",500238,10068,"CONDOMINIUM","Entire home/apt","lille","france",6,3,2,102,"MID_RANGE","2022-11-18 16:56:56.000","YANIS LEROY","2022-05-12","TRUE","ELITE","2022-06-06 12:46:10.000"
"BK2025000210","2025-02-06 08:25:14.000",2025,2,6,525,3,175.00,56,74,130,655,395,"CONFIRMED","2025-02-07 00:46:57.000","2026-08-06T10:58:24",500051,10080,"HOUSE","Entire home/apt","marseille","france",10,5,2,175,"MID_RANGE","2023-09-02 11:47:49.000","ANTOINE BERNARD","2023-01-21","TRUE","ELITE","2023-02-08 19:42:24.000"
"BK2025000212","2025-11-13 06:00:17.000",2025,11,46,191,1,191.00,58,27,85,276,106,"CONFIRMED","2025-11-14 01:40:24.000","2026-08-06T10:58:24",500113,10039,"CONDOMINIUM","Entire home/apt","paris","france",5,2,1,191,"MID_RANGE","2021-10-19 20:44:05.000","ANNA PERRIN","2021-01-20","TRUE","GOOD","2021-02-11 10:13:43.000"
"BK2025000219","2025-08-27 03:58:25.000",2025,8,35,340,5,68.00,23,48,71,411,269,"CONFIRMED","2025-08-28 03:48:16.000","2026-08-06T10:58:24",500169,10091,"STUDIO","Private room","paris","france",1,0,1,68,"BUDGET","2024-07-22 09:57:53.000","SACHA GARCIA","2024-04-24","FALSE","LOW","2024-05-11 13:38:38.000"
"BK2025000220","2025-01-31 10:51:36.000",2025,1,5,1210,10,121.00,43,169,212,1422,998,"CONFIRMED","2025-01-31 21:34:55.000","2026-08-06T10:58:24",500036,10057,"APARTMENT","Entire home/apt","paris","france",1,1,1,121,"MID_RANGE","2022-01-21 03:51:12.000","RAPHAEL FOURNIER","2021-03-08","TRUE","ELITE","2021-03-27 10:05:52.000"
"BK2025000223","2025-04-09 08:00:46.000",2025,4,15,57,1,57.00,23,8,31,88,26,"CONFIRMED","2025-04-09 10:51:20.000","2026-08-06T10:58:24",500225,10042,"LOFT","Shared room","paris","france",5,2,1,57,"BUDGET","2024-09-27 03:58:34.000","JADE DUBOIS","2024-04-16","TRUE","GOOD","2024-05-16 22:57:09.000"
"BK2025000224","2025-10-21 10:02:52.000",2025,10,43,147,3,49.00,20,21,41,188,106,"CONFIRMED","2025-10-21 20:53:38.000","2026-08-06T10:58:24",500158,10030,"APARTMENT","Private room","lille","france",6,3,3,49,"BUDGET","2020-03-14 16:09:01.000","JADE THOMAS","2019-09-27","TRUE","GOOD","2019-10-27 01:37:47.000"
"BK2025000237","2025-06-19 10:13:03.000",2025,6,25,1140,6,190.00,72,160,232,1372,908,"CONFIRMED","2025-06-20 01:45:10.000","2026-08-06T10:58:24",500172,10022,"APARTMENT","Hotel room","nice","france",7,3,3,190,"MID_RANGE","2018-07-19 20:10:57.000","EMMA GIRARD","2018-01-30","TRUE","ELITE","2018-01-31 07:04:57.000"
"BK2025000240","2025-06-28 05:55:33.000",2025,6,26,296,4,74.00,14,41,55,351,241,"CONFIRMED","2025-06-29 05:08:13.000","2026-08-06T10:58:24",500028,10054,"LOFT","Private room","bordeaux","france",5,3,3,74,"BUDGET","2020-08-08 01:41:34.000","SACHA FOURNIER","2020-02-25","TRUE","ELITE","2020-03-17 23:57:11.000"
"BK2025000242","2025-08-14 19:42:34.000",2025,8,33,268,4,67.00,23,38,61,329,207,"CONFIRMED","2025-08-15 14:18:28.000","2026-08-06T10:58:24",500088,10092,"APARTMENT","Private room","marseille","france",5,2,2,67,"BUDGET","2024-08-28 11:46:16.000","LINA THOMAS","2023-11-11","TRUE","ELITE","2023-11-20 18:27:19.000"
"BK2025000256","2025-11-24 19:01:40.000",2025,11,48,516,4,129.00,40,72,112,628,404,"CONFIRMED","2025-11-25 10:24:06.000","2026-08-06T10:58:24",500076,10009,"LOFT","Entire home/apt","lyon","france",7,3,3,129,"MID_RANGE","2024-07-04 14:06:27.000","LEA MOREL","2023-12-28","FALSE","GOOD","2024-01-05 20:44:35.000"
"BK2025000258","2025-11-18 22:25:28.000",2025,11,47,448,4,112.00,32,63,95,543,353,"CONFIRMED","2025-11-19 07:36:18.000","2026-08-06T10:58:24",500168,10036,"APARTMENT","Entire home/apt","nantes","france",5,3,2,112,"MID_RANGE","2024-07-09 03:42:44.000","MAXIME VINCENT","2023-09-04","TRUE","ELITE","2023-10-02 02:56:15.000"
"BK2025000262","2025-07-21 04:40:37.000",2025,7,30,516,4,129.00,23,72,95,611,421,"CONFIRMED","2025-07-21 09:10:36.000","2026-08-06T10:58:24",500076,10009,"LOFT","Entire home/apt","lyon","france",7,3,3,129,"MID_RANGE","2024-07-04 14:06:27.000","LEA MOREL","2023-12-28","FALSE","GOOD","2024-01-05 20:44:35.000"
"BK2025000265","2025-12-03 08:50:30.000",2025,12,49,455,7,65.00,17,64,81,536,374,"CONFIRMED","2025-12-04 04:31:42.000","2026-08-06T10:58:24",500060,10093,"CONDOMINIUM","Entire home/apt","lille","france",2,1,1,65,"BUDGET","2025-01-22 08:24:51.000","RAPHAEL LAURENT","2024-11-02","FALSE","LOW","2024-11-10 21:05:10.000"
"BK2025000267","2025-07-17 04:55:46.000",2025,7,29,336,4,84.00,23,47,70,406,266,"CONFIRMED","2025-07-17 17:05:31.000","2026-08-06T10:58:24",500263,10036,"APARTMENT","Entire home/apt","lyon","france",3,1,1,84,"MID_RANGE","2024-06-08 22:24:26.000","MAXIME VINCENT","2023-09-04","TRUE","ELITE","2023-10-02 02:56:15.000"
"BK2025000268","2025-01-01 21:28:34.000",2025,1,1,705,3,235.00,56,99,155,860,550,"CANCELLED","2025-01-02 04:15:30.000","2026-08-06T10:58:24",500219,10045,"HOUSE","Entire home/apt","nice","france",8,4,3,235,"LUXURY","2020-11-09 09:05:34.000","ZOE DAVID","2019-10-28","FALSE","LOW","2019-11-02 23:59:21.000"
"BK2025000274","2025-06-04 10:50:48.000",2025,6,23,380,5,76.00,16,53,69,449,311,"CONFIRMED","2025-06-05 01:55:26.000","2026-08-06T10:58:24",500148,10063,"LOFT","Entire home/apt","marseille","france",3,1,1,76,"MID_RANGE","2024-04-03 05:18:50.000","ANTOINE MOREL","2023-06-08","FALSE","LOW","2023-06-30 09:15:17.000"
"BK2025000288","2025-07-11 15:11:56.000",2025,7,28,560,5,112.00,22,78,100,660,460,"CONFIRMED","2025-07-11 21:05:18.000","2026-08-06T10:58:24",500110,10090,"APARTMENT","Entire home/apt","paris","france",2,1,1,112,"MID_RANGE","2019-11-14 16:41:33.000","THEO MOREAU","2018-09-25","TRUE","GOOD","2018-10-13 20:43:03.000"
"BK2025000291","2025-12-17 10:42:13.000",2025,12,51,495,3,165.00,65,69,134,629,361,"CONFIRMED","2025-12-18 02:25:36.000","2026-08-06T10:58:24",500160,10092,"APARTMENT","Entire home/apt","paris","france",5,3,3,165,"MID_RANGE","2024-01-13 20:27:38.000","LINA THOMAS","2023-11-11","TRUE","ELITE","2023-11-20 18:27:19.000"
"BK2025000293","2025-04-28 05:49:58.000",2025,4,18,800,10,80.00,32,112,144,944,656,"CONFIRMED","2025-04-28 16:02:36.000","2026-08-06T10:58:24",500206,10088,"APARTMENT","Hotel room","paris","france",1,1,1,80,"MID_RANGE","2021-06-04 11:43:11.000","MALIK PETIT","2021-01-28","TRUE","GOOD","2021-02-14 09:44:08.000"
"BK2025000298","2025-05-29 11:40:46.000",2025,5,22,981,3,327.00,119,137,256,1237,725,"CONFIRMED","2025-05-30 01:37:44.000","2026-08-06T10:58:24",500255,10009,"HOUSE","Entire home/apt","paris","france",10,4,3,327,"LUXURY","2024-01-12 19:24:12.000","LEA MOREL","2023-12-28","FALSE","GOOD","2024-01-05 20:44:35.000"
"BK2025000301","2025-10-03 02:52:12.000",2025,10,40,276,4,69.00,27,39,66,342,210,"CONFIRMED","2025-10-03 12:12:15.000","2026-08-06T10:58:24",500081,10094,"APARTMENT","Hotel room","marseille","france",3,1,1,69,"BUDGET","2024-05-03 01:26:56.000","LAURA VINCENT","2024-03-10","TRUE","GOOD","2024-03-23 14:44:38.000"
"BK2025000308","2025-12-28 00:37:57.000",2025,12,52,328,4,82.00,32,46,78,406,250,"CONFIRMED","2025-12-28 18:59:14.000","2026-08-06T10:58:24",500153,10090,"HOUSE","Private room","paris","france",4,2,2,82,"MID_RANGE","2019-07-23 11:46:43.000","THEO MOREAU","2018-09-25","TRUE","GOOD","2018-10-13 20:43:03.000"
"BK2025000312","2025-10-02 09:57:43.000",2025,10,40,470,5,94.00,16,66,82,552,388,"CONFIRMED","2025-10-02 14:12:52.000","2026-08-06T10:58:24",500273,10072,"APARTMENT","Entire home/apt","toulouse","france",5,2,1,94,"MID_RANGE","2022-04-22 19:58:07.000","LUCAS DAVID","2021-12-04","TRUE","GOOD","2021-12-28 20:02:48.000"
"BK2025000313","2025-12-02 13:12:53.000",2025,12,49,763,7,109.00,18,107,125,888,638,"CONFIRMED","2025-12-02 22:05:11.000","2026-08-06T10:58:24",500154,10002,"APARTMENT","Private room","nice","france",6,3,2,109,"MID_RANGE","2024-09-12 23:51:58.000","NOAH LEFEBVRE","2024-08-15","FALSE","LOW","2024-08-22 16:38:01.000"
"BK2025000314","2025-08-26 02:34:42.000",2025,8,35,369,3,123.00,22,52,74,443,295,"CONFIRMED","2025-08-26 12:04:13.000","2026-08-06T10:58:24",500083,10082,"CONDOMINIUM","Entire home/apt","montpellier","france",6,3,3,123,"MID_RANGE","2025-04-16 04:56:27.000","MALIK DAVID","2024-03-26","TRUE","GOOD","2024-03-28 07:46:26.000"
"BK2025000318","2025-08-04 04:58:13.000",2025,8,32,208,4,52.00,18,29,47,255,161,"CONFIRMED","2025-08-04 07:13:51.000","2026-08-06T10:58:24",500257,10069,"STUDIO","Entire home/apt","lille","france",2,0,1,52,"BUDGET","2025-06-03 12:15:20.000","SIMON LEROY","2024-12-23","FALSE","ELITE","2025-01-13 00:05:41.000"
"BK2025000319","2025-07-03 00:37:30.000",2025,7,27,444,6,74.00,26,62,88,532,356,"CONFIRMED","2025-07-03 06:46:36.000","2026-08-06T10:58:24",500063,10099,"APARTMENT","Entire home/apt","marseille","france",2,1,1,74,"BUDGET","2023-09-30 13:43:53.000","ROSE BERTRAND","2022-11-29","TRUE","GOOD","2022-12-27 13:47:20.000"
"BK2025000323","2025-04-24 02:10:53.000",2025,4,17,460,5,92.00,30,64,94,554,366,"CANCELLED","2025-04-24 20:06:08.000","2026-08-06T10:58:24",500123,10066,"APARTMENT","Entire home/apt","lyon","france",2,1,1,92,"MID_RANGE","2024-08-07 08:46:34.000","NINA BOYER","2024-07-20","FALSE","ELITE","2024-08-04 00:22:19.000"
"BK2025000326","2025-11-13 19:07:10.000",2025,11,46,434,7,62.00,20,61,81,515,353,"CANCELLED","2025-11-14 00:51:26.000","2026-08-06T10:58:24",500252,10008,"STUDIO","Entire home/apt","lille","france",2,0,1,62,"BUDGET","2023-03-24 19:40:11.000","CHLOE SIMON","2023-02-01","FALSE","GOOD","2023-02-12 06:42:17.000"
"BK2025000329","2025-01-13 18:12:45.000",2025,1,3,483,7,69.00,24,68,92,575,391,"CONFIRMED","2025-01-14 04:41:15.000","2026-08-06T10:58:24",500081,10094,"APARTMENT","Hotel room","marseille","france",3,1,1,69,"BUDGET","2024-05-03 01:26:56.000","LAURA VINCENT","2024-03-10","TRUE","GOOD","2024-03-23 14:44:38.000"
"BK2025000330","2025-04-09 06:40:47.000",2025,4,15,322,7,46.00,16,45,61,383,261,"CONFIRMED","2025-04-09 17:52:12.000","2026-08-06T10:58:24",500069,10019,"APARTMENT","Private room","lille","france",4,2,1,46,"BUDGET","2024-07-17 00:57:10.000","ROSE GARNIER","2023-12-22","FALSE","ELITE","2023-12-27 08:33:55.000"
"BK2025000333","2025-12-14 09:52:47.000",2025,12,50,530,10,53.00,14,74,88,618,442,"CONFIRMED","2025-12-14 17:38:00.000","2026-08-06T10:58:24",500008,10018,"APARTMENT","Private room","lille","france",4,2,2,53,"BUDGET","2021-12-03 17:24:58.000","MALIK ROBERT","2021-06-13","TRUE","GOOD","2021-07-11 18:05:05.000"
"BK2025000342","2025-12-21 03:31:00.000",2025,12,51,348,3,116.00,23,49,72,420,276,"CONFIRMED","2025-12-21 05:01:16.000","2026-08-06T10:58:24",500078,10005,"APARTMENT","Entire home/apt","paris","france",2,1,1,116,"MID_RANGE","2022-11-08 05:50:09.000","NINA RICHARD","2022-01-10","FALSE","LOW","2022-02-02 14:34:07.000"
"BK2025000347","2025-07-21 01:49:03.000",2025,7,30,174,3,58.00,19,24,43,217,131,"CONFIRMED","2025-07-21 21:31:03.000","2026-08-06T10:58:24",500055,10009,"HOUSE","Private room","marseille","france",5,2,1,58,"BUDGET","2024-08-23 21:47:58.000","LEA MOREL","2023-12-28","FALSE","GOOD","2024-01-05 20:44:35.000"
"BK2025000353","2025-07-23 22:01:27.000",2025,7,30,160,5,32.00,10,22,32,192,128,"CONFIRMED","2025-07-24 14:42:08.000","2026-08-06T10:58:24",500048,10077,"APARTMENT","Shared room","paris","france",2,1,1,32,"BUDGET","2025-07-03 05:39:58.000","MANON GARNIER","2025-06-02","FALSE","LOW","2025-06-29 13:52:31.000"
"BK2025000354","2025-01-20 20:22:45.000",2025,1,4,86,1,86.00,30,12,42,128,44,"CONFIRMED","2025-01-21 18:20:04.000","2026-08-06T10:58:24",500269,10036,"STUDIO","Entire home/apt","nice","france",2,0,1,86,"MID_RANGE","2024-10-27 10:53:18.000","MAXIME VINCENT","2023-09-04","TRUE","ELITE","2023-10-02 02:56:15.000"
"BK2025000356","2025-02-07 14:27:11.000",2025,2,6,1288,7,184.00,44,180,224,1512,1064,"CONFIRMED","2025-02-07 18:14:53.000","2026-08-06T10:58:24",500049,10023,"APARTMENT","Entire home/apt","paris","france",7,3,3,184,"MID_RANGE","2019-11-22 16:40:35.000","SARAH LEGRAND","2018-10-18","TRUE","GOOD","2018-11-08 15:13:34.000"
"BK2025000363","2025-07-11 13:12:35.000",2025,7,28,195,3,65.00,18,27,45,240,150,"CONFIRMED","2025-07-12 07:27:47.000","2026-08-06T10:58:24",500060,10093,"CONDOMINIUM","Entire home/apt","lille","france",2,1,1,65,"BUDGET","2025-01-22 08:24:51.000","RAPHAEL LAURENT","2024-11-02","FALSE","LOW","2024-11-10 21:05:10.000"
"BK2025000364","2025-07-25 04:45:45.000",2025,7,30,152,1,152.00,47,21,68,220,84,"CONFIRMED","2025-07-25 20:33:22.000","2026-08-06T10:58:24",500151,10053,"APARTMENT","Entire home/apt","paris","france",3,2,2,152,"MID_RANGE","2023-12-19 16:42:24.000","NOAH LEROY","2023-09-09","TRUE","ELITE","2023-09-19 12:44:18.000"
"BK2025000365","2025-12-15 17:08:03.000",2025,12,51,540,4,135.00,40,76,116,656,424,"CONFIRMED","2025-12-16 00:53:06.000","2026-08-06T10:58:24",500284,10003,"APARTMENT","Entire home/apt","paris","france",3,1,1,135,"MID_RANGE","2025-07-20 15:36:38.000","CAMILLE SIMON","2025-04-15","FALSE","GOOD","2025-05-03 08:51:55.000"
"BK2025000375","2025-02-20 14:57:20.000",2025,2,8,155,5,31.00,11,22,33,188,122,"CONFIRMED","2025-02-20 19:38:43.000","2026-08-06T10:58:24",500106,10078,"APARTMENT","Shared room","strasbourg","france",3,2,2,31,"BUDGET","2023-02-11 09:11:02.000","ENZO LEGRAND","2022-01-23","FALSE","GOOD","2022-01-28 23:33:41.000"
"BK2025000377","2025-11-22 15:29:05.000",2025,11,47,465,5,93.00,24,65,89,554,376,"CONFIRMED","2025-11-22 20:17:53.000","2026-08-06T10:58:24",500259,10003,"STUDIO","Entire home/apt","lyon","france",2,0,1,93,"MID_RANGE","2025-08-27 13:11:42.000","CAMILLE SIMON","2025-04-15","FALSE","GOOD","2025-05-03 08:51:55.000"
"BK2025000381","2025-12-23 15:23:58.000",2025,12,52,945,7,135.00,21,132,153,1098,792,"CONFIRMED","2025-12-24 13:49:26.000","2026-08-06T10:58:24",500284,10003,"APARTMENT","Entire home/apt","paris","france",3,1,1,135,"MID_RANGE","2025-07-20 15:36:38.000","CAMILLE SIMON","2025-04-15","FALSE","GOOD","2025-05-03 08:51:55.000"
"BK2025000384","2025-07-04 10:01:07.000",2025,7,27,995,5,199.00,31,139,170,1165,825,"CANCELLED","2025-07-04 17:54:56.000","2026-08-06T10:58:24",500283,10016,"HOUSE","Entire home/apt","lyon","france",10,4,2,199,"MID_RANGE","2023-10-03 17:39:19.000","JULIE MOREAU","2023-08-13","FALSE","GOOD","2023-09-08 20:32:38.000"
"BK2025000386","2025-07-30 20:02:51.000",2025,7,31,87,1,87.00,20,12,32,119,55,"CONFIRMED","2025-07-31 07:22:09.000","2026-08-06T10:58:24",500064,10005,"STUDIO","Entire home/apt","nice","france",2,0,1,87,"MID_RANGE","2023-01-23 10:26:04.000","NINA RICHARD","2022-01-10","FALSE","LOW","2022-02-02 14:34:07.000"
"BK2025000393","2025-12-02 10:47:30.000",2025,12,49,448,4,112.00,18,63,81,529,367,"CANCELLED","2025-12-02 16:59:22.000","2026-08-06T10:58:24",500249,10038,"APARTMENT","Entire home/apt","montpellier","france",4,2,2,112,"MID_RANGE","2025-11-18 06:37:40.000","NOAH MOREAU","2025-06-28","FALSE","LOW","2025-07-06 03:56:06.000"
"BK2025000398","2025-08-25 07:41:38.000",2025,8,35,392,4,98.00,16,55,71,463,321,"CONFIRMED","2025-08-25 23:14:35.000","2026-08-06T10:58:24",500287,10038,"APARTMENT","Private room","paris","france",6,3,3,98,"MID_RANGE","2025-07-13 01:02:04.000","NOAH MOREAU","2025-06-28","FALSE","LOW","2025-07-06 03:56:06.000"
"BK2025000399","2025-08-03 12:42:41.000",2025,8,31,122,2,61.00,9,17,26,148,96,"CONFIRMED","2025-08-04 11:36:37.000","2026-08-06T10:58:24",500010,10042,"CONDOMINIUM","Entire home/apt","lille","france",3,2,2,61,"BUDGET","2025-06-02 14:43:07.000","JADE DUBOIS","2024-04-16","TRUE","GOOD","2024-05-16 22:57:09.000"
"BK2025000400","2025-08-20 09:17:07.000",2025,8,34,208,4,52.00,13,29,42,250,166,"CONFIRMED","2025-08-20 19:44:18.000","2026-08-06T10:58:24",500297,10064,"APARTMENT","Entire home/apt","lille","france",2,1,1,52,"BUDGET","2024-05-23 06:25:33.000","ADAM ROBERT","2024-01-22","TRUE","GOOD","2024-01-29 12:44:09.000"
"BK2025000402","2025-01-24 21:44:46.000",2025,1,4,300,5,60.00,10,42,52,352,248,"CANCELLED","2025-01-24 22:29:49.000","2026-08-06T10:58:24",500131,10006,"LOFT","Entire home/apt","marseille","france",1,1,1,60,"BUDGET","2024-10-25 17:25:20.000","CHLOE DUBOIS","2024-03-11","TRUE","ELITE","2024-03-30 11:36:12.000"
"BK2025000408","2025-03-05 04:51:22.000",2025,3,10,987,7,141.00,35,138,173,1160,814,"CONFIRMED","2025-03-05 23:44:54.000","2026-08-06T10:58:24",500031,10043,"APARTMENT","Entire home/apt","paris","france",3,1,1,141,"MID_RANGE","2022-06-21 20:13:06.000","EMMA ANDRE","2022-02-21","FALSE","LOW","2022-02-22 09:23:57.000"
"BK2025000410","2025-11-29 05:07:53.000",2025,11,48,1090,10,109.00,25,153,178,1268,912,"CONFIRMED","2025-11-30 01:24:41.000","2026-08-06T10:58:24",500144,10062,"HOUSE","Private room","strasbourg","france",10,5,3,109,"MID_RANGE","2024-09-12 22:28:21.000","ENZO ROBIN","2024-02-23","FALSE","ELITE","2024-03-02 07:53:40.000"
"BK2025000411","2025-03-11 13:09:50.000",2025,3,11,243,3,81.00,21,34,55,298,188,"CONFIRMED","2025-03-12 11:18:31.000","2026-08-06T10:58:24",500232,10070,"APARTMENT","Entire home/apt","nantes","france",4,2,2,81,"MID_RANGE","2023-08-30 05:27:30.000","ALICE GIRARD","2023-03-07","TRUE","GOOD","2023-03-19 10:13:29.000"
"BK2025000412","2025-12-26 20:47:44.000",2025,12,52,90,1,90.00,17,13,30,120,60,"CONFIRMED","2025-12-27 09:21:49.000","2026-08-06T10:58:24",500002,10053,"HOUSE","Private room","lyon","france",9,4,3,90,"MID_RANGE","2024-04-12 05:46:47.000","NOAH LEROY","2023-09-09","TRUE","ELITE","2023-09-19 12:44:18.000"
"BK2025000424","2025-07-21 10:38:55.000",2025,7,30,368,4,92.00,19,52,71,439,297,"CONFIRMED","2025-07-21 14:19:23.000","2026-08-06T10:58:24",500123,10066,"APARTMENT","Entire home/apt","lyon","france",2,1,1,92,"MID_RANGE","2024-08-07 08:46:34.000","NINA BOYER","2024-07-20","FALSE","ELITE","2024-08-04 00:22:19.000"
"BK2025000431","2025-08-01 17:32:09.000",2025,8,31,135,3,45.00,17,19,36,171,99,"CONFIRMED","2025-08-02 08:51:47.000","2026-08-06T10:58:24",500224,10027,"APARTMENT","Private room","marseille","france",1,1,1,45,"BUDGET","2019-10-30 20:43:47.000","CAMILLE RICHARD","2018-11-05","TRUE","ELITE","2018-11-08 01:41:34.000"
"BK2025000433","2025-09-06 22:20:51.000",2025,9,36,447,3,149.00,47,63,110,557,337,"CONFIRMED","2025-09-07 18:05:12.000","2026-08-06T10:58:24",500103,10047,"APARTMENT","Entire home/apt","paris","france",5,2,2,149,"MID_RANGE","2023-11-21 15:30:47.000","VICTOR GIRARD","2023-03-01","TRUE","GOOD","2023-03-08 00:42:12.000"
"BK2025000434","2025-12-23 17:04:52.000",2025,12,52,156,3,52.00,10,22,32,188,124,"CONFIRMED","2025-12-24 08:19:50.000","2026-08-06T10:58:24",500297,10064,"APARTMENT","Entire home/apt","lille","france",2,1,1,52,"BUDGET","2024-05-23 06:25:33.000","ADAM ROBERT","2024-01-22","TRUE","GOOD","2024-01-29 12:44:09.000"
"BK2025000438","2025-11-22 20:48:39.000",2025,11,47,270,2,135.00,29,38,67,337,203,"CONFIRMED","2025-11-23 09:30:29.000","2026-08-06T10:58:24",500284,10003,"APARTMENT","Entire home/apt","paris","france",3,1,1,135,"MID_RANGE","2025-07-20 15:36:38.000","CAMILLE SIMON","2025-04-15","FALSE","GOOD","2025-05-03 08:51:55.000"
"BK2025000439","2025-08-25 04:10:08.000",2025,8,35,170,2,85.00,30,24,54,224,116,"CONFIRMED","2025-08-26 02:14:15.000","2026-08-06T10:58:24",500057,10074,"APARTMENT","Entire home/apt","nice","france",1,1,1,85,"MID_RANGE","2023-10-01 21:50:39.000","INES FOURNIER","2023-03-20","FALSE","GOOD","2023-04-08 23:45:07.000"
"BK2025000444","2025-08-08 00:36:39.000",2025,8,32,504,7,72.00,22,71,93,597,411,"CONFIRMED","2025-08-08 15:31:54.000","2026-08-06T10:58:24",500138,10031,"APARTMENT","Entire home/apt","lyon","france",2,1,1,72,"BUDGET","2022-05-05 11:55:41.000","ETHAN SIMON","2021-07-08","TRUE","ELITE","2021-07-23 16:58:54.000"
"BK2025000445","2025-11-17 13:20:31.000",2025,11,47,240,3,80.00,15,34,49,289,191,"CONFIRMED","2025-11-18 06:25:39.000","2026-08-06T10:58:24",500203,10093,"LOFT","Private room","bordeaux","france",6,3,2,80,"MID_RANGE","2025-07-29 03:52:35.000","RAPHAEL LAURENT","2024-11-02","FALSE","LOW","2024-11-10 21:05:10.000"
"BK2025000450","2025-08-22 06:54:34.000",2025,8,34,294,3,98.00,35,41,76,370,218,"CONFIRMED","2025-08-22 19:47:11.000","2026-08-06T10:58:24",500071,10061,"APARTMENT","Private room","nice","france",5,2,1,98,"MID_RANGE","2019-07-20 22:53:45.000","SOFIA GARNIER","2019-07-01","FALSE","ELITE","2019-07-11 14:39:52.000"
"BK2025000451","2025-02-01 07:26:48.000",2025,2,5,1160,10,116.00,42,162,204,1364,956,"CONFIRMED","2025-02-01 22:41:21.000","2026-08-06T10:58:24",500007,10035,"APARTMENT","Entire home/apt","lyon","france",5,2,1,116,"MID_RANGE","2022-06-10 10:54:00.000","JADE MICHEL","2021-07-19","FALSE","GOOD","2021-08-07 18:06:04.000"
"BK2025000453","2025-12-31 20:59:57.000",2025,12,1,114,2,57.00,21,16,37,151,77,"CONFIRMED","2026-01-01 12:51:39.000","2026-08-06T10:58:24",500225,10042,"LOFT","Shared room","paris","france",5,2,1,57,"BUDGET","2024-09-27 03:58:34.000","JADE DUBOIS","2024-04-16","TRUE","GOOD","2024-05-16 22:57:09.000"
"BK2025000456","2025-04-25 03:30:57.000",2025,4,17,202,2,101.00,30,28,58,260,144,"CONFIRMED","2025-04-25 05:41:03.000","2026-08-06T10:58:24",500033,10017,"STUDIO","Entire home/apt","paris","france",2,0,1,101,"MID_RANGE","2022-04-26 15:18:27.000","LOUIS MERCIER","2022-03-12","FALSE","LOW","2022-03-31 10:31:01.000"
"BK2025000457","2025-10-18 17:29:22.000",2025,10,42,540,4,135.00,21,76,97,637,443,"CONFIRMED","2025-10-19 02:42:36.000","2026-08-06T10:58:24",500284,10003,"APARTMENT","Entire home/apt","paris","france",3,1,1,135,"MID_RANGE","2025-07-20 15:36:38.000","CAMILLE SIMON","2025-04-15","FALSE","GOOD","2025-05-03 08:51:55.000"
"BK2025000459","2025-12-02 19:41:33.000",2025,12,49,78,1,78.00,30,11,41,119,37,"CANCELLED","2025-12-03 02:01:00.000","2026-08-06T10:58:24",500067,10037,"APARTMENT","Entire home/apt","nantes","france",1,1,1,78,"MID_RANGE","2019-11-27 06:10:46.000","ETHAN MARTIN","2019-10-09","TRUE","ELITE","2019-10-31 09:39:51.000"
"BK2025000473","2025-09-14 12:08:57.000",2025,9,37,938,7,134.00,31,131,162,1100,776,"CONFIRMED","2025-09-15 05:34:24.000","2026-08-06T10:58:24",500086,10084,"CONDOMINIUM","Entire home/apt","paris","france",2,1,1,134,"MID_RANGE","2025-08-22 22:36:51.000","ANTOINE ANDRE","2025-06-12","FALSE","ELITE","2025-06-23 13:47:35.000"
"BK2025000476","2025-02-25 09:42:35.000",2025,2,9,2114,14,151.00,55,296,351,2465,1763,"CONFIRMED","2025-02-26 05:03:15.000","2026-08-06T10:58:24",500256,10067,"APARTMENT","Entire home/apt","nantes","france",7,3,2,151,"MID_RANGE","2024-11-12 11:07:45.000","MALIK BERNARD","2024-01-14","FALSE","LOW","2024-01-29 07:17:27.000"
"BK2025000478","2025-11-08 23:30:48.000",2025,11,45,1278,6,213.00,59,179,238,1516,1040,"CONFIRMED","2025-11-09 06:32:27.000","2026-08-06T10:58:24",500300,10066,"HOUSE","Entire home/apt","bordeaux","france",9,4,2,213,"LUXURY","2025-03-24 10:58:08.000","NINA BOYER","2024-07-20","FALSE","ELITE","2024-08-04 00:22:19.000"
"BK2025000481","2025-04-27 11:39:00.000",2025,4,17,276,6,46.00,13,39,52,328,224,"CANCELLED","2025-04-27 11:53:54.000","2026-08-06T10:58:24",500069,10019,"APARTMENT","Private room","lille","france",4,2,1,46,"BUDGET","2024-07-17 00:57:10.000","ROSE GARNIER","2023-12-22","FALSE","ELITE","2023-12-27 08:33:55.000"
"BK2025000483","2025-01-15 11:40:06.000",2025,1,3,84,1,84.00,31,12,43,127,41,"CONFIRMED","2025-01-15 13:20:15.000","2026-08-06T10:58:24",500267,10040,"LOFT","Entire home/apt","toulouse","france",4,2,2,84,"MID_RANGE","2024-02-21 06:11:26.000","ENZO DUBOIS","2023-06-25","TRUE","GOOD","2023-06-27 20:27:53.000"
"BK2025000484","2025-01-01 03:14:41.000",2025,1,1,500,4,125.00,44,70,114,614,386,"CONFIRMED","2025-01-01 17:01:10.000","2026-08-06T10:58:24",500105,10019,"APARTMENT","Entire home/apt","paris","france",1,1,1,125,"MID_RANGE","2024-08-26 01:03:04.000","ROSE GARNIER","2023-12-22","FALSE","ELITE","2023-12-27 08:33:55.000"
"BK2025000488","2025-08-26 16:12:32.000",2025,8,35,138,3,46.00,13,19,32,170,106,"CONFIRMED","2025-08-26 20:58:02.000","2026-08-06T10:58:24",500132,10099,"LOFT","Shared room","nice","france",4,2,2,46,"BUDGET","2023-07-09 01:53:03.000","ROSE BERTRAND","2022-11-29","TRUE","GOOD","2022-12-27 13:47:20.000"
"BK2025000491","2025-01-16 09:15:20.000",2025,1,3,1200,10,120.00,40,168,208,1408,992,"CONFIRMED","2025-01-17 05:59:43.000","2026-08-06T10:58:24",500084,10019,"HOUSE","Entire home/apt","lille","france",6,3,2,120,"MID_RANGE","2024-07-01 19:58:31.000","ROSE GARNIER","2023-12-22","FALSE","ELITE","2023-12-27 08:33:55.000"
"BK2025000502","2025-07-25 04:24:35.000",2025,7,30,489,3,163.00,44,68,112,601,377,"CONFIRMED","2025-07-25 14:48:18.000","2026-08-06T10:58:24",500004,10025,"HOUSE","Entire home/apt","marseille","france",10,5,2,163,"MID_RANGE","2023-06-16 08:50:47.000","MANON DAVID","2023-03-28","FALSE","LOW","2023-04-09 23:21:51.000"
"BK2025000504","2025-06-28 15:44:49.000",2025,6,26,160,2,80.00,23,22,45,205,115,"CANCELLED","2025-06-29 03:13:28.000","2026-08-06T10:58:24",500206,10088,"APARTMENT","Hotel room","paris","france",1,1,1,80,"MID_RANGE","2021-06-04 11:43:11.000","MALIK PETIT","2021-01-28","TRUE","GOOD","2021-02-14 09:44:08.000"
"BK2025000505","2025-09-18 14:59:34.000",2025,9,38,139,1,139.00,43,19,62,201,77,"CANCELLED","2025-09-18 15:39:57.000","2026-08-06T10:58:24",500244,10045,"APARTMENT","Entire home/apt","bordeaux","france",7,3,2,139,"MID_RANGE","2019-12-10 01:17:22.000","ZOE DAVID","2019-10-28","FALSE","LOW","2019-11-02 23:59:21.000"
"BK2025000510","2025-08-05 11:57:30.000",2025,8,32,224,2,112.00,30,31,61,285,163,"CANCELLED","2025-08-06 09:06:29.000","2026-08-06T10:58:24",500168,10036,"APARTMENT","Entire home/apt","nantes","france",5,3,2,112,"MID_RANGE","2024-07-09 03:42:44.000","MAXIME VINCENT","2023-09-04","TRUE","ELITE","2023-10-02 02:56:15.000"
"BK2025000513","2025-07-31 23:58:40.000",2025,7,31,86,2,43.00,10,12,22,108,64,"CONFIRMED","2025-08-01 09:02:17.000","2026-08-06T10:58:24",500097,10088,"APARTMENT","Private room","lyon","france",2,1,1,43,"BUDGET","2021-05-29 20:22:17.000","MALIK PETIT","2021-01-28","TRUE","GOOD","2021-02-14 09:44:08.000"
"BK2025000520","2025-03-20 14:17:18.000",2025,3,12,435,3,145.00,47,61,108,543,327,"CONFIRMED","2025-03-20 17:25:38.000","2026-08-06T10:58:24",500201,10028,"APARTMENT","Entire home/apt","nice","france",6,3,2,145,"MID_RANGE","2020-10-31 11:43:32.000","NATHAN SIMON","2020-08-26","TRUE","ELITE","2020-09-10 06:55:25.000"
"BK2025000522","2025-01-07 14:16:54.000",2025,1,2,200,5,40.00,10,28,38,238,162,"CANCELLED","2025-01-08 12:07:48.000","2026-08-06T10:58:24",500108,10040,"LOFT","Private room","nantes","france",3,1,1,40,"BUDGET","2024-05-28 15:04:07.000","ENZO DUBOIS","2023-06-25","TRUE","GOOD","2023-06-27 20:27:53.000"
"BK2025000523","2025-07-25 03:50:20.000",2025,7,30,258,2,129.00,21,36,57,315,201,"CONFIRMED","2025-07-25 08:53:27.000","2026-08-06T10:58:24",500076,10009,"LOFT","Entire home/apt","lyon","france",7,3,3,129,"MID_RANGE","2024-07-04 14:06:27.000","LEA MOREL","2023-12-28","FALSE","GOOD","2024-01-05 20:44:35.000"
"BK2025000527","2025-10-16 10:49:51.000",2025,10,42,290,2,145.00,43,41,84,374,206,"CONFIRMED","2025-10-16 20:25:59.000","2026-08-06T10:58:24",500294,10063,"APARTMENT","Entire home/apt","paris","france",5,2,2,145,"MID_RANGE","2024-06-12 02:05:04.000","ANTOINE MOREL","2023-06-08","FALSE","LOW","2023-06-30 09:15:17.000"
"BK2025000528","2025-06-29 14:33:47.000",2025,6,26,1225,7,175.00,50,172,222,1447,1003,"CONFIRMED","2025-06-30 03:09:39.000","2026-08-06T10:58:24",500051,10080,"HOUSE","Entire home/apt","marseille","france",10,5,2,175,"MID_RANGE","2023-09-02 11:47:49.000","ANTOINE BERNARD","2023-01-21","TRUE","ELITE","2023-02-08 19:42:24.000"
"BK2025000531","2025-05-30 22:13:21.000",2025,5,22,738,6,123.00,21,103,124,862,614,"CONFIRMED","2025-05-31 09:47:31.000","2026-08-06T10:58:24",500083,10082,"CONDOMINIUM","Entire home/apt","montpellier","france",6,3,3,123,"MID_RANGE","2025-04-16 04:56:27.000","MALIK DAVID","2024-03-26","TRUE","GOOD","2024-03-28 07:46:26.000"
"BK2025000537","2025-11-21 05:58:14.000",2025,11,47,104,2,52.00,21,15,36,140,68,"CONFIRMED","2025-11-22 01:13:18.000","2026-08-06T10:58:24",500262,10068,"APARTMENT","Entire home/apt","lille","france",1,1,1,52,"BUDGET","2022-07-02 00:31:22.000","YANIS LEROY","2022-05-12","TRUE","ELITE","2022-06-06 12:46:10.000"
"BK2025000540","2025-09-14 19:37:57.000",2025,9,37,462,3,154.00,45,65,110,572,352,"CONFIRMED","2025-09-15 14:44:54.000","2026-08-06T10:58:24",500157,10050,"APARTMENT","Entire home/apt","nice","france",5,3,2,154,"MID_RANGE","2022-05-28 04:31:24.000","LINA LEFEBVRE","2021-11-16","FALSE","GOOD","2021-12-02 03:24:57.000"
"BK2025000543","2025-06-13 07:25:48.000",2025,6,24,275,5,55.00,11,39,50,325,225,"CANCELLED","2025-06-13 23:44:05.000","2026-08-06T10:58:24",500190,10091,"HOUSE","Shared room","paris","france",4,2,2,55,"BUDGET","2024-09-30 09:47:22.000","SACHA GARCIA","2024-04-24","FALSE","LOW","2024-05-11 13:38:38.000"
"BK2025000544","2025-09-04 04:09:53.000",2025,9,36,175,7,25.00,6,25,31,206,144,"CANCELLED","2025-09-04 17:59:13.000","2026-08-06T10:58:24",500220,10068,"APARTMENT","Shared room","montpellier","france",3,1,1,25,"BUDGET","2022-10-03 05:12:54.000","YANIS LEROY","2022-05-12","TRUE","ELITE","2022-06-06 12:46:10.000"
"BK2025000545","2025-08-02 21:25:15.000",2025,8,31,234,2,117.00,20,33,53,287,181,"CONFIRMED","2025-08-03 20:43:50.000","2026-08-06T10:58:24",500047,10035,"APARTMENT","Entire home/apt","paris","france",2,1,1,117,"MID_RANGE","2022-01-11 19:20:29.000","JADE MICHEL","2021-07-19","FALSE","GOOD","2021-08-07 18:06:04.000"
"BK2025000548","2025-06-14 15:57:41.000",2025,6,24,602,7,86.00,24,84,108,710,494,"CANCELLED","2025-06-15 07:21:51.000","2026-08-06T10:58:24",500269,10036,"STUDIO","Entire home/apt","nice","france",2,0,1,86,"MID_RANGE","2024-10-27 10:53:18.000","MAXIME VINCENT","2023-09-04","TRUE","ELITE","2023-10-02 02:56:15.000"
"BK2025000554","2025-10-14 09:02:17.000",2025,10,42,130,2,65.00,15,18,33,163,97,"CONFIRMED","2025-10-15 07:14:24.000","2026-08-06T10:58:24",500056,10037,"STUDIO","Private room","paris","france",2,0,1,65,"BUDGET","2020-11-12 11:08:49.000","ETHAN MARTIN","2019-10-09","TRUE","ELITE","2019-10-31 09:39:51.000"
"BK2025000561","2025-06-09 12:43:47.000",2025,6,24,190,2,95.00,15,27,42,232,148,"CONFIRMED","2025-06-10 11:24:01.000","2026-08-06T10:58:24",500075,10065,"APARTMENT","Entire home/apt","nantes","france",3,2,2,95,"MID_RANGE","2023-01-18 12:04:35.000","ZOE BLANC","2022-08-27","TRUE","ELITE","2022-09-10 13:03:13.000"
"BK2025000568","2025-09-21 19:29:05.000",2025,9,38,224,2,112.00,29,31,60,284,164,"CONFIRMED","2025-09-22 06:57:45.000","2026-08-06T10:58:24",500104,10036,"HOUSE","Entire home/apt","nantes","france",6,3,3,112,"MID_RANGE","2024-03-23 20:20:03.000","MAXIME VINCENT","2023-09-04","TRUE","ELITE","2023-10-02 02:56:15.000"
"BK2025000572","2025-08-01 22:32:54.000",2025,8,31,83,1,83.00,32,12,44,127,39,"CONFIRMED","2025-08-02 08:27:08.000","2026-08-06T10:58:24",500082,10040,"LOFT","Entire home/apt","marseille","france",4,2,2,83,"MID_RANGE","2023-12-25 15:55:10.000","ENZO DUBOIS","2023-06-25","TRUE","GOOD","2023-06-27 20:27:53.000"
"BK2025000576","2025-03-12 06:29:55.000",2025,3,11,545,5,109.00,40,76,116,661,429,"CANCELLED","2025-03-13 06:17:39.000","2026-08-06T10:58:24",500144,10062,"HOUSE","Private room","strasbourg","france",10,5,3,109,"MID_RANGE","2024-09-12 22:28:21.000","ENZO ROBIN","2024-02-23","FALSE","ELITE","2024-03-02 07:53:40.000"
"BK2025000578","2025-10-16 18:07:21.000",2025,10,42,400,5,80.00,19,56,75,475,325,"CANCELLED","2025-10-17 09:18:50.000","2026-08-06T10:58:24",500203,10093,"LOFT","Private room","bordeaux","france",6,3,2,80,"MID_RANGE","2025-07-29 03:52:35.000","RAPHAEL LAURENT","2024-11-02","FALSE","LOW","2024-11-10 21:05:10.000"
"BK2025000588","2025-12-18 11:28:23.000",2025,12,51,172,2,86.00,33,24,57,229,115,"CONFIRMED","2025-12-19 10:19:27.000","2026-08-06T10:58:24",500155,10089,"APARTMENT","Entire home/apt","lille","france",3,1,1,86,"MID_RANGE","2018-12-16 02:05:27.000","LAURA DURAND","2018-02-20","FALSE","ELITE","2018-03-02 05:03:16.000"
"BK2025000602","2025-08-12 19:37:45.000",2025,8,33,240,3,80.00,13,34,47,287,193,"CONFIRMED","2025-08-13 01:54:51.000","2026-08-06T10:58:24",500161,10057,"APARTMENT","Entire home/apt","lyon","france",2,1,1,80,"MID_RANGE","2021-12-14 23:11:53.000","RAPHAEL FOURNIER","2021-03-08","TRUE","ELITE","2021-03-27 10:05:52.000"
"BK2025000604","2025-01-04 06:26:24.000",2025,1,1,615,5,123.00,19,86,105,720,510,"CONFIRMED","2025-01-05 01:16:54.000","2026-08-06T10:58:24",500006,10029,"VILLA","Entire home/apt","montpellier","france",6,2,1,123,"MID_RANGE","2023-04-11 23:51:12.000","NOAH GAUTHIER","2022-04-02","TRUE","ELITE","2022-04-10 14:18:27.000"
"BK2025000607","2025-11-16 02:54:18.000",2025,11,46,666,3,222.00,82,93,175,841,491,"CONFIRMED","2025-11-16 07:37:47.000","2026-08-06T10:58:24",500077,10083,"LOFT","Entire home/apt","paris","france",6,3,2,222,"LUXURY","2025-11-03 08:03:54.000","RAPHAEL FOURNIER","2025-09-29","FALSE","LOW","2025-10-01 09:14:25.000"
"BK2025000609","2025-03-05 01:36:53.000",2025,3,10,375,3,125.00,30,53,83,458,292,"CANCELLED","2025-03-05 03:34:38.000","2026-08-06T10:58:24",500268,10080,"APARTMENT","Entire home/apt","lyon","france",6,3,3,125,"MID_RANGE","2023-04-05 10:46:45.000","ANTOINE BERNARD","2023-01-21","TRUE","ELITE","2023-02-08 19:42:24.000"
"BK2025000616","2025-07-31 04:49:14.000",2025,7,31,166,2,83.00,31,23,54,220,112,"CONFIRMED","2025-07-31 19:18:55.000","2026-08-06T10:58:24",500082,10040,"LOFT","Entire home/apt","marseille","france",4,2,2,83,"MID_RANGE","2023-12-25 15:55:10.000","ENZO DUBOIS","2023-06-25","TRUE","GOOD","2023-06-27 20:27:53.000"
"BK2025000620","2025-11-11 15:03:04.000",2025,11,46,236,2,118.00,18,33,51,287,185,"CONFIRMED","2025-11-11 23:19:44.000","2026-08-06T10:58:24",500186,10059,"LOFT","Entire home/apt","bordeaux","france",5,3,2,118,"MID_RANGE","2023-06-14 23:50:01.000","CAMILLE PETIT","2022-08-25","FALSE","GOOD","2022-09-09 12:15:09.000"
"BK2025000621","2025-01-07 01:00:05.000",2025,1,2,204,3,68.00,15,29,44,248,160,"CONFIRMED","2025-01-07 17:13:47.000","2026-08-06T10:58:24",500091,10092,"APARTMENT","Private room","toulouse","france",5,3,2,68,"BUDGET","2024-10-13 20:55:48.000","LINA THOMAS","2023-11-11","TRUE","ELITE","2023-11-20 18:27:19.000"
"BK2025000629","2025-07-23 07:41:44.000",2025,7,30,327,3,109.00,42,46,88,415,239,"CONFIRMED","2025-07-23 13:17:22.000","2026-08-06T10:58:24",500181,10087,"APARTMENT","Entire home/apt","nice","france",3,1,1,109,"MID_RANGE","2019-06-23 18:07:56.000","JADE LEROY","2019-02-16","FALSE","GOOD","2019-02-21 09:00:45.000"
"BK2025000634","2025-09-16 00:44:25.000",2025,9,38,475,5,95.00,22,66,88,563,387,"CANCELLED","2025-09-16 21:59:25.000","2026-08-06T10:58:24",500115,10019,"APARTMENT","Private room","paris","france",4,2,2,95,"MID_RANGE","2024-04-14 15:26:29.000","ROSE GARNIER","2023-12-22","FALSE","ELITE","2023-12-27 08:33:55.000"
"BK2025000639","2025-04-06 15:15:57.000",2025,4,14,870,6,145.00,26,122,148,1018,722,"CONFIRMED","2025-04-06 20:31:38.000","2026-08-06T10:58:24",500279,10069,"APARTMENT","Entire home/apt","paris","france",5,2,1,145,"MID_RANGE","2025-01-15 20:51:56.000","SIMON LEROY","2024-12-23","FALSE","ELITE","2025-01-13 00:05:41.000"
"BK2025000650","2025-02-11 04:20:10.000",2025,2,7,330,3,110.00,34,46,80,410,250,"CONFIRMED","2025-02-11 05:52:26.000","2026-08-06T10:58:24",500197,10086,"APARTMENT","Entire home/apt","strasbourg","france",5,2,1,110,"MID_RANGE","2020-04-19 21:43:48.000","ETHAN VINCENT","2020-02-24","TRUE","ELITE","2020-03-03 23:37:48.000"
"BK2025000652","2025-05-29 04:23:25.000",2025,5,22,54,1,54.00,17,8,25,79,29,"CONFIRMED","2025-05-29 07:23:45.000","2026-08-06T10:58:24",500166,10056,"STUDIO","Hotel room","nantes","france",1,0,1,54,"BUDGET","2024-03-15 23:01:10.000","INES RICHARD","2023-03-20","TRUE","ELITE","2023-03-26 16:30:50.000"
"BK2025000653","2025-02-13 06:20:48.000",2025,2,7,861,7,123.00,46,121,167,1028,694,"CONFIRMED","2025-02-13 15:59:01.000","2026-08-06T10:58:24",500006,10029,"VILLA","Entire home/apt","montpellier","france",6,2,1,123,"MID_RANGE","2023-04-11 23:51:12.000","NOAH GAUTHIER","2022-04-02","TRUE","ELITE","2022-04-10 14:18:27.000"
"BK2025000667","2025-01-31 16:51:44.000",2025,1,5,620,5,124.00,39,87,126,746,494,"CONFIRMED","2025-01-31 21:06:42.000","2026-08-06T10:58:24",500271,10095,"LOFT","Entire home/apt","paris","france",2,1,1,124,"MID_RANGE","2019-04-28 06:03:25.000","LEA BERTRAND","2018-05-14","TRUE","GOOD","2018-06-05 14:04:43.000"
"BK2025000670","2025-11-22 15:39:38.000",2025,11,47,278,2,139.00,40,39,79,357,199,"CONFIRMED","2025-11-22 20:05:10.000","2026-08-06T10:58:24",500244,10045,"APARTMENT","Entire home/apt","bordeaux","france",7,3,2,139,"MID_RANGE","2019-12-10 01:17:22.000","ZOE DAVID","2019-10-28","FALSE","LOW","2019-11-02 23:59:21.000"
"BK2025000674","2025-09-27 11:46:10.000",2025,9,39,432,6,72.00,27,60,87,519,345,"CONFIRMED","2025-09-27 17:36:23.000","2026-08-06T10:58:24",500208,10036,"APARTMENT","Private room","paris","france",3,1,1,72,"BUDGET","2024-08-21 23:39:56.000","MAXIME VINCENT","2023-09-04","TRUE","ELITE","2023-10-02 02:56:15.000"
"BK2025000676","2025-01-28 19:29:38.000",2025,1,5,184,2,92.00,21,26,47,231,137,"CONFIRMED","2025-01-29 17:00:05.000","2026-08-06T10:58:24",500123,10066,"APARTMENT","Entire home/apt","lyon","france",2,1,1,92,"MID_RANGE","2024-08-07 08:46:34.000","NINA BOYER","2024-07-20","FALSE","ELITE","2024-08-04 00:22:19.000"
"BK2025000685","2025-04-12 01:50:54.000",2025,4,15,604,4,151.00,34,85,119,723,485,"CONFIRMED","2025-04-12 11:22:12.000","2026-08-06T10:58:24",500256,10067,"APARTMENT","Entire home/apt","nantes","france",7,3,2,151,"MID_RANGE","2024-11-12 11:07:45.000","MALIK BERNARD","2024-01-14","FALSE","LOW","2024-01-29 07:17:27.000"
"BK2025000691","2025-11-30 08:16:17.000",2025,11,48,164,2,82.00,28,23,51,215,113,"CONFIRMED","2025-11-30 12:49:45.000","2026-08-06T10:58:24",500153,10090,"HOUSE","Private room","paris","france",4,2,2,82,"MID_RANGE","2019-07-23 11:46:43.000","THEO MOREAU","2018-09-25","TRUE","GOOD","2018-10-13 20:43:03.000"
"BK2025000693","2025-07-26 14:07:52.000",2025,7,30,196,2,98.00,37,27,64,260,132,"CONFIRMED","2025-07-26 18:47:26.000","2026-08-06T10:58:24",500287,10038,"APARTMENT","Private room","paris","france",6,3,3,98,"MID_RANGE","2025-07-13 01:02:04.000","NOAH MOREAU","2025-06-28","FALSE","LOW","2025-07-06 03:56:06.000"
"BK2025000699","2025-06-06 02:14:04.000",2025,6,23,518,7,74.00,27,73,100,618,418,"CONFIRMED","2025-06-06 23:53:11.000","2026-08-06T10:58:24",500063,10099,"APARTMENT","Entire home/apt","marseille","france",2,1,1,74,"BUDGET","2023-09-30 13:43:53.000","ROSE BERTRAND","2022-11-29","TRUE","GOOD","2022-12-27 13:47:20.000"
"BK2025000705","2025-02-05 00:21:30.000",2025,2,6,486,6,81.00,18,68,86,572,400,"CONFIRMED","2025-02-05 12:26:28.000","2026-08-06T10:58:24",500289,10059,"APARTMENT","Entire home/apt","montpellier","france",1,1,1,81,"MID_RANGE","2023-03-13 09:35:36.000","CAMILLE PETIT","2022-08-25","FALSE","GOOD","2022-09-09 12:15:09.000"
"BK2025000706","2025-08-23 07:04:39.000",2025,8,34,316,2,158.00,52,44,96,412,220,"CONFIRMED","2025-08-23 11:48:59.000","2026-08-06T10:58:24",500248,10063,"APARTMENT","Entire home/apt","paris","france",5,2,2,158,"MID_RANGE","2023-07-13 15:25:57.000","ANTOINE MOREL","2023-06-08","FALSE","LOW","2023-06-30 09:15:17.000"
"BK2025000709","2025-10-06 08:06:45.000",2025,10,41,970,10,97.00,16,136,152,1122,818,"CONFIRMED","2025-10-07 07:11:13.000","2026-08-06T10:58:24",500090,10031,"APARTMENT","Entire home/apt","nantes","france",4,2,1,97,"MID_RANGE","2021-09-05 19:18:19.000","ETHAN SIMON","2021-07-08","TRUE","ELITE","2021-07-23 16:58:54.000"
"BK2025000711","2025-07-16 11:11:21.000",2025,7,29,114,2,57.00,20,16,36,150,78,"CONFIRMED","2025-07-16 13:48:22.000","2026-08-06T10:58:24",500225,10042,"LOFT","Shared room","paris","france",5,2,1,57,"BUDGET","2024-09-27 03:58:34.000","JADE DUBOIS","2024-04-16","TRUE","GOOD","2024-05-16 22:57:09.000"
"BK2025000720","2025-09-01 22:38:54.000",2025,9,36,1254,6,209.00,42,176,218,1472,1036,"CONFIRMED","2025-09-02 20:22:41.000","2026-08-06T10:58:24",500117,10007,"APARTMENT","Entire home/apt","paris","france",5,3,2,209,"LUXURY","2025-08-22 21:37:05.000","NINA ROUX","2025-06-01","TRUE","GOOD","2025-06-03 07:55:06.000"
"BK2025000722","2025-01-25 23:55:57.000",2025,1,4,171,3,57.00,13,24,37,208,134,"CANCELLED","2025-01-26 07:01:34.000","2026-08-06T10:58:24",500225,10042,"LOFT","Shared room","paris","france",5,2,1,57,"BUDGET","2024-09-27 03:58:34.000","JADE DUBOIS","2024-04-16","TRUE","GOOD","2024-05-16 22:57:09.000"
"BK2025000728","2025-05-23 06:13:32.000",2025,5,21,392,4,98.00,18,55,73,465,319,"CONFIRMED","2025-05-23 07:29:16.000","2026-08-06T10:58:24",500071,10061,"APARTMENT","Private room","nice","france",5,2,1,98,"MID_RANGE","2019-07-20 22:53:45.000","SOFIA GARNIER","2019-07-01","FALSE","ELITE","2019-07-11 14:39:52.000"
"BK2025000729","2025-04-12 12:55:07.000",2025,4,15,372,4,93.00,15,52,67,439,305,"CONFIRMED","2025-04-12 22:47:12.000","2026-08-06T10:58:24",500226,10058,"HOUSE","Entire home/apt","bordeaux","france",4,2,1,93,"MID_RANGE","2021-08-19 22:48:06.000","CHLOE FRANCOIS","2020-07-09","FALSE","LOW","2020-07-16 15:39:54.000"
"BK2025000733","2025-10-02 19:46:26.000",2025,10,40,380,5,76.00,26,53,79,459,301,"CONFIRMED","2025-10-03 10:34:25.000","2026-08-06T10:58:24",500148,10063,"LOFT","Entire home/apt","marseille","france",3,1,1,76,"MID_RANGE","2024-04-03 05:18:50.000","ANTOINE MOREL","2023-06-08","FALSE","LOW","2023-06-30 09:15:17.000"
"BK2025000745","2025-08-23 12:35:48.000",2025,8,34,1652,14,118.00,36,231,267,1919,1385,"CONFIRMED","2025-08-24 05:26:51.000","2026-08-06T10:58:24",500041,10093,"APARTMENT","Entire home/apt","paris","france",3,1,1,118,"MID_RANGE","2025-07-15 04:59:16.000","RAPHAEL LAURENT","2024-11-02","FALSE","LOW","2024-11-10 21:05:10.000"
"BK2025000746","2025-10-13 08:28:19.000",2025,10,42,282,3,94.00,19,39,58,340,224,"CONFIRMED","2025-10-13 18:44:10.000","2026-08-06T10:58:24",500242,10041,"STUDIO","Entire home/apt","paris","france",2,0,1,94,"MID_RANGE","2018-05-22 15:54:51.000","EVA GARNIER","2018-01-15","TRUE","GOOD","2018-02-04 08:10:47.000"
"BK2025000749","2025-03-03 14:45:23.000",2025,3,10,330,3,110.00,33,46,79,409,251,"CONFIRMED","2025-03-04 00:06:43.000","2026-08-06T10:58:24",500065,10022,"APARTMENT","Entire home/apt","toulouse","france",5,3,3,110,"MID_RANGE","2019-02-21 06:55:25.000","EMMA GIRARD","2018-01-30","TRUE","ELITE","2018-01-31 07:04:57.000"
"BK2025000761","2025-07-29 18:00:59.000",2025,7,31,426,3,142.00,37,60,97,523,329,"CONFIRMED","2025-07-30 03:59:06.000","2026-08-06T10:58:24",500014,10063,"APARTMENT","Entire home/apt","lille","france",7,3,3,142,"MID_RANGE","2024-07-16 11:42:23.000","ANTOINE MOREL","2023-06-08","FALSE","LOW","2023-06-30 09:15:17.000"
"BK2025000764","2025-07-05 03:20:43.000",2025,7,27,805,7,115.00,26,113,139,944,666,"CONFIRMED","2025-07-06 00:00:43.000","2026-08-06T10:58:24",500020,10073,"LOFT","Hotel room","lille","france",7,3,3,115,"MID_RANGE","2020-08-24 23:20:58.000","LINA MICHEL","2020-03-27","FALSE","LOW","2020-03-31 15:42:07.000"
"BK2025000768","2025-07-12 22:09:41.000",2025,7,28,518,7,74.00,27,73,100,618,418,"CANCELLED","2025-07-13 14:00:21.000","2026-08-06T10:58:24",500179,10009,"STUDIO","Entire home/apt","bordeaux","france",2,0,1,74,"BUDGET","2024-03-04 05:27:30.000","LEA MOREL","2023-12-28","FALSE","GOOD","2024-01-05 20:44:35.000"
"BK2025000770","2025-06-11 05:47:53.000",2025,6,24,580,10,58.00,18,81,99,679,481,"CONFIRMED","2025-06-12 03:56:42.000","2026-08-06T10:58:24",500127,10086,"LOFT","Private room","nantes","france",5,3,3,58,"BUDGET","2020-09-05 02:36:24.000","ETHAN VINCENT","2020-02-24","TRUE","ELITE","2020-03-03 23:37:48.000"
"BK2025000774","2025-08-07 02:29:13.000",2025,8,32,85,1,85.00,28,12,40,125,45,"CONFIRMED","2025-08-08 00:51:11.000","2026-08-06T10:58:24",500057,10074,"APARTMENT","Entire home/apt","nice","france",1,1,1,85,"MID_RANGE","2023-10-01 21:50:39.000","INES FOURNIER","2023-03-20","FALSE","GOOD","2023-04-08 23:45:07.000"
"BK2025000775","2025-09-03 20:48:59.000",2025,9,36,436,4,109.00,26,61,87,523,349,"CONFIRMED","2025-09-04 14:14:54.000","2026-08-06T10:58:24",500181,10087,"APARTMENT","Entire home/apt","nice","france",3,1,1,109,"MID_RANGE","2019-06-23 18:07:56.000","JADE LEROY","2019-02-16","FALSE","GOOD","2019-02-21 09:00:45.000"
"BK2025000777","2025-12-31 19:43:45.000",2025,12,1,444,4,111.00,21,62,83,527,361,"CONFIRMED","2026-01-01 16:33:29.000","2026-08-06T10:58:24",500270,10077,"APARTMENT","Entire home/apt","lyon","france",3,1,1,111,"MID_RANGE","2025-11-09 03:17:55.000","MANON GARNIER","2025-06-02","FALSE","LOW","2025-06-29 13:52:31.000"
"BK2025000782","2025-03-10 06:38:47.000",2025,3,11,636,3,212.00,52,89,141,777,495,"CONFIRMED","2025-03-10 20:53:23.000","2026-08-06T10:58:24",500126,10029,"APARTMENT","Entire home/apt","paris","france",7,3,3,212,"LUXURY","2023-01-17 06:07:01.000","NOAH GAUTHIER","2022-04-02","TRUE","ELITE","2022-04-10 14:18:27.000"
"BK2025000786","2025-05-19 14:22:40.000",2025,5,21,201,3,67.00,14,28,42,243,159,"CONFIRMED","2025-05-20 07:54:00.000","2026-08-06T10:58:24",500290,10095,"STUDIO","Private room","paris","france",1,0,1,67,"BUDGET","2018-09-01 00:27:40.000","LEA BERTRAND","2018-05-14","TRUE","GOOD","2018-06-05 14:04:43.000"
"BK2025000794","2025-12-02 22:23:23.000",2025,12,49,582,3,194.00,30,81,111,693,471,"CONFIRMED","2025-12-03 12:01:09.000","2026-08-06T10:58:24",500180,10063,"HOUSE","Entire home/apt","marseille","france",12,5,2,194,"MID_RANGE","2024-02-20 04:27:09.000","ANTOINE MOREL","2023-06-08","FALSE","LOW","2023-06-30 09:15:17.000"
"BK2025000797","2025-12-14 16:35:55.000",2025,12,50,895,5,179.00,48,125,173,1068,722,"CONFIRMED","2025-12-14 22:41:54.000","2026-08-06T10:58:24",500142,10048,"LOFT","Entire home/apt","paris","france",4,2,1,179,"MID_RANGE","2021-06-04 16:40:16.000","ANTOINE BERNARD","2021-02-15","FALSE","GOOD","2021-02-27 21:53:34.000"
"BK2025000799","2025-06-01 01:48:36.000",2025,6,22,280,4,70.00,13,39,52,332,228,"CONFIRMED","2025-06-01 14:34:06.000","2026-08-06T10:58:24",500218,10039,"APARTMENT","Entire home/apt","toulouse","france",3,2,1,70,"BUDGET","2021-09-08 10:28:17.000","ANNA PERRIN","2021-01-20","TRUE","GOOD","2021-02-11 10:13:43.000"
"BK2025000804","2025-11-03 18:56:41.000",2025,11,45,348,3,116.00,31,49,80,428,268,"CONFIRMED","2025-11-04 03:36:44.000","2026-08-06T10:58:24",500007,10035,"APARTMENT","Entire home/apt","lyon","france",5,2,1,116,"MID_RANGE","2022-06-10 10:54:00.000","JADE MICHEL","2021-07-19","FALSE","GOOD","2021-08-07 18:06:04.000"
"BK2025000816","2025-10-12 07:30:38.000",2025,10,41,250,2,125.00,48,35,83,333,167,"CONFIRMED","2025-10-13 01:06:51.000","2026-08-06T10:58:24",500268,10080,"APARTMENT","Entire home/apt","lyon","france",6,3,3,125,"MID_RANGE","2023-04-05 10:46:45.000","ANTOINE BERNARD","2023-01-21","TRUE","ELITE","2023-02-08 19:42:24.000"
"BK2025000818","2025-02-16 21:33:23.000",2025,2,7,40,1,40.00,7,6,13,53,27,"CONFIRMED","2025-02-17 12:41:52.000","2026-08-06T10:58:24",500108,10040,"LOFT","Private room","nantes","france",3,1,1,40,"BUDGET","2024-05-28 15:04:07.000","ENZO DUBOIS","2023-06-25","TRUE","GOOD","2023-06-27 20:27:53.000"
"BK2025000819","2025-04-01 17:25:52.000",2025,4,14,216,4,54.00,9,30,39,255,177,"CONFIRMED","2025-04-01 17:36:18.000","2026-08-06T10:58:24",500166,10056,"STUDIO","Hotel room","nantes","france",1,0,1,54,"BUDGET","2024-03-15 23:01:10.000","INES RICHARD","2023-03-20","TRUE","ELITE","2023-03-26 16:30:50.000"
"BK2025000822","2025-09-03 18:05:45.000",2025,9,36,215,1,215.00,82,30,112,327,103,"CONFIRMED","2025-09-04 07:33:34.000","2026-08-06T10:58:24",500173,10013,"APARTMENT","Entire home/apt","paris","france",7,3,2,215,"LUXURY","2024-04-26 20:40:26.000","SIMON ROBERT","2023-09-19","FALSE","LOW","2023-10-09 05:50:43.000"
"BK2025000823","2025-07-31 00:32:42.000",2025,7,31,144,2,72.00,14,20,34,178,110,"CONFIRMED","2025-07-31 19:20:50.000","2026-08-06T10:58:24",500138,10031,"APARTMENT","Entire home/apt","lyon","france",2,1,1,72,"BUDGET","2022-05-05 11:55:41.000","ETHAN SIMON","2021-07-08","TRUE","ELITE","2021-07-23 16:58:54.000"
"BK2025000825","2025-01-25 19:25:46.000",2025,1,4,258,2,129.00,27,36,63,321,195,"CONFIRMED","2025-01-26 18:40:55.000","2026-08-06T10:58:24",500076,10009,"LOFT","Entire home/apt","lyon","france",7,3,3,129,"MID_RANGE","2024-07-04 14:06:27.000","LEA MOREL","2023-12-28","FALSE","GOOD","2024-01-05 20:44:35.000"
"BK2025000826","2025-10-26 01:38:06.000",2025,10,43,579,3,193.00,52,81,133,712,446,"CONFIRMED","2025-10-26 17:20:30.000","2026-08-06T10:58:24",500285,10081,"APARTMENT","Entire home/apt","paris","france",6,3,2,193,"MID_RANGE","2023-09-21 01:07:56.000","ROSE ROUX","2023-07-18","FALSE","LOW","2023-07-29 08:21:17.000"
"BK2025000828","2025-01-12 23:02:21.000",2025,1,2,210,3,70.00,22,29,51,261,159,"CANCELLED","2025-01-13 06:58:59.000","2026-08-06T10:58:24",500218,10039,"APARTMENT","Entire home/apt","toulouse","france",3,2,1,70,"BUDGET","2021-09-08 10:28:17.000","ANNA PERRIN","2021-01-20","TRUE","GOOD","2021-02-11 10:13:43.000"
"BK2025000829","2025-08-11 06:40:29.000",2025,8,33,255,3,85.00,30,36,66,321,189,"CONFIRMED","2025-08-11 09:21:43.000","2026-08-06T10:58:24",500092,10088,"APARTMENT","Private room","marseille","france",7,3,2,85,"MID_RANGE","2021-04-21 23:17:06.000","MALIK PETIT","2021-01-28","TRUE","GOOD","2021-02-14 09:44:08.000"
"BK2025000830","2025-02-26 04:55:58.000",2025,2,9,294,3,98.00,17,41,58,352,236,"CONFIRMED","2025-02-26 18:05:16.000","2026-08-06T10:58:24",500071,10061,"APARTMENT","Private room","nice","france",5,2,1,98,"MID_RANGE","2019-07-20 22:53:45.000","SOFIA GARNIER","2019-07-01","FALSE","ELITE","2019-07-11 14:39:52.000"
"BK2025000831","2025-02-13 18:20:08.000",2025,2,7,165,1,165.00,64,23,87,252,78,"CONFIRMED","2025-02-14 07:03:41.000","2026-08-06T10:58:24",500160,10092,"APARTMENT","Entire home/apt","paris","france",5,3,3,165,"MID_RANGE","2024-01-13 20:27:38.000","LINA THOMAS","2023-11-11","TRUE","ELITE","2023-11-20 18:27:19.000"
"BK2025000832","2025-12-13 00:10:41.000",2025,12,50,348,6,58.00,18,49,67,415,281,"CONFIRMED","2025-12-13 05:30:49.000","2026-08-06T10:58:24",500055,10009,"HOUSE","Private room","marseille","france",5,2,1,58,"BUDGET","2024-08-23 21:47:58.000","LEA MOREL","2023-12-28","FALSE","GOOD","2024-01-05 20:44:35.000"
"BK2025000833","2025-09-16 19:58:58.000",2025,9,38,31,1,31.00,10,4,14,45,17,"CONFIRMED","2025-09-16 21:18:25.000","2026-08-06T10:58:24",500295,10074,"APARTMENT","Shared room","toulouse","france",5,2,1,31,"BUDGET","2024-04-15 07:15:29.000","INES FOURNIER","2023-03-20","FALSE","GOOD","2023-04-08 23:45:07.000"
"BK2025000837","2025-06-03 13:23:10.000",2025,6,23,270,6,45.00,7,38,45,315,225,"CONFIRMED","2025-06-04 00:49:11.000","2026-08-06T10:58:24",500130,10072,"STUDIO","Private room","marseille","france",2,0,1,45,"BUDGET","2023-01-14 02:39:52.000","LUCAS DAVID","2021-12-04","TRUE","GOOD","2021-12-28 20:02:48.000"
"BK2025000838","2025-04-24 10:28:20.000",2025,4,17,444,4,111.00,27,62,89,533,355,"CONFIRMED","2025-04-24 17:39:25.000","2026-08-06T10:58:24",500229,10056,"APARTMENT","Entire home/apt","nantes","france",6,3,2,111,"MID_RANGE","2023-06-30 00:48:18.000","INES RICHARD","2023-03-20","TRUE","ELITE","2023-03-26 16:30:50.000"
"BK2025000844","2025-09-07 11:50:45.000",2025,9,36,510,5,102.00,22,71,93,603,417,"CONFIRMED","2025-09-08 01:32:53.000","2026-08-06T10:58:24",500024,10029,"LOFT","Hotel room","lille","france",6,3,2,102,"MID_RANGE","2022-04-17 22:52:34.000","NOAH GAUTHIER","2022-04-02","TRUE","ELITE","2022-04-10 14:18:27.000"
"BK2025000846","2025-09-30 01:05:12.000",2025,9,40,404,4,101.00,27,57,84,488,320,"CONFIRMED","2025-09-30 18:29:42.000","2026-08-06T10:58:24",500033,10017,"STUDIO","Entire home/apt","paris","france",2,0,1,101,"MID_RANGE","2022-04-26 15:18:27.000","LOUIS MERCIER","2022-03-12","FALSE","LOW","2022-03-31 10:31:01.000"
"BK2025000849","2025-09-15 01:48:38.000",2025,9,38,144,3,48.00,15,20,35,179,109,"CONFIRMED","2025-09-15 21:11:14.000","2026-08-06T10:58:24",500107,10065,"APARTMENT","Private room","nantes","france",4,2,1,48,"BUDGET","2023-08-20 16:29:50.000","ZOE BLANC","2022-08-27","TRUE","ELITE","2022-09-10 13:03:13.000"
"BK2025000852","2025-01-12 06:11:09.000",2025,1,2,856,4,214.00,49,120,169,1025,687,"CONFIRMED","2025-01-13 04:07:52.000","2026-08-06T10:58:24",500210,10078,"HOUSE","Entire home/apt","paris","france",6,3,2,214,"LUXURY","2023-01-22 23:44:12.000","ENZO LEGRAND","2022-01-23","FALSE","GOOD","2022-01-28 23:33:41.000"
"BK2025000853","2025-03-08 22:54:44.000",2025,3,10,152,2,76.00,19,21,40,192,112,"CONFIRMED","2025-03-09 13:05:43.000","2026-08-06T10:58:24",500163,10072,"CONDOMINIUM","Entire home/apt","strasbourg","france",3,1,1,76,"MID_RANGE","2022-05-15 05:20:19.000","LUCAS DAVID","2021-12-04","TRUE","GOOD","2021-12-28 20:02:48.000"
"BK2025000854","2025-11-27 05:56:22.000",2025,11,48,476,7,68.00,23,67,90,566,386,"CONFIRMED","2025-11-27 18:34:03.000","2026-08-06T10:58:24",500091,10092,"APARTMENT","Private room","toulouse","france",5,3,2,68,"BUDGET","2024-10-13 20:55:48.000","LINA THOMAS","2023-11-11","TRUE","ELITE","2023-11-20 18:27:19.000"
"BK2025000855","2025-06-11 14:04:39.000",2025,6,24,102,1,102.00,21,14,35,137,67,"CONFIRMED","2025-06-12 09:41:25.000","2026-08-06T10:58:24",500215,10005,"VILLA","Private room","bordeaux","france",10,5,3,102,"MID_RANGE","2023-02-06 00:51:59.000","NINA RICHARD","2022-01-10","FALSE","LOW","2022-02-02 14:34:07.000"
"BK2025000857","2025-04-12 07:10:34.000",2025,4,15,791,7,113.00,22,111,133,924,658,"CONFIRMED","2025-04-12 12:41:33.000","2026-08-06T10:58:24",500200,10097,"HOUSE","Entire home/apt","lille","france",6,2,1,113,"MID_RANGE","2019-02-01 14:15:22.000","MARIE CHEVALIER","2018-10-20","TRUE","GOOD","2018-11-08 23:52:36.000"
"BK2025000859","2025-07-06 19:24:29.000",2025,7,27,590,5,118.00,41,83,124,714,466,"CONFIRMED","2025-07-07 02:54:15.000","2026-08-06T10:58:24",500124,10058,"CONDOMINIUM","Entire home/apt","toulouse","france",7,3,2,118,"MID_RANGE","2021-01-17 13:54:57.000","CHLOE FRANCOIS","2020-07-09","FALSE","LOW","2020-07-16 15:39:54.000"
"BK2025000861","2025-03-23 18:00:34.000",2025,3,12,892,4,223.00,89,125,214,1106,678,"CONFIRMED","2025-03-24 09:53:20.000","2026-08-06T10:58:24",500134,10097,"APARTMENT","Entire home/apt","paris","france",6,3,3,223,"LUXURY","2019-03-15 14:14:45.000","MARIE CHEVALIER","2018-10-20","TRUE","GOOD","2018-11-08 23:52:36.000"
"BK2025000866","2025-06-26 00:43:58.000",2025,6,26,145,1,145.00,54,20,74,219,71,"CONFIRMED","2025-06-26 10:29:08.000","2026-08-06T10:58:24",500019,10062,"APARTMENT","Entire home/apt","paris","france",5,2,2,145,"MID_RANGE","2025-02-02 20:10:40.000","ENZO ROBIN","2024-02-23","FALSE","ELITE","2024-03-02 07:53:40.000"
"BK2025000867","2025-05-08 09:54:30.000",2025,5,19,138,3,46.00,10,19,29,167,109,"CONFIRMED","2025-05-08 14:32:48.000","2026-08-06T10:58:24",500291,10057,"APARTMENT","Private room","montpellier","france",4,2,1,46,"BUDGET","2021-10-18 00:23:45.000","RAPHAEL FOURNIER","2021-03-08","TRUE","ELITE","2021-03-27 10:05:52.000"
"BK2025000869","2025-10-25 05:38:05.000",2025,10,43,553,7,79.00,31,77,108,661,445,"CONFIRMED","2025-10-25 22:01:29.000","2026-08-06T10:58:24",500261,10098,"APARTMENT","Entire home/apt","marseille","france",1,1,1,79,"MID_RANGE","2020-01-08 17:07:26.000","JADE GAUTHIER","2019-05-25","TRUE","GOOD","2019-06-16 12:17:32.000"
"BK2025000872","2025-05-18 18:41:12.000",2025,5,20,348,3,116.00,18,49,67,415,281,"CONFIRMED","2025-05-19 10:45:29.000","2026-08-06T10:58:24",500007,10035,"APARTMENT","Entire home/apt","lyon","france",5,2,1,116,"MID_RANGE","2022-06-10 10:54:00.000","JADE MICHEL","2021-07-19","FALSE","GOOD","2021-08-07 18:06:04.000"
"BK2025000879","2025-06-10 17:07:19.000",2025,6,24,327,3,109.00,32,46,78,405,249,"CONFIRMED","2025-06-10 20:55:30.000","2026-08-06T10:58:24",500154,10002,"APARTMENT","Private room","nice","france",6,3,2,109,"MID_RANGE","2024-09-12 23:51:58.000","NOAH LEFEBVRE","2024-08-15","FALSE","LOW","2024-08-22 16:38:01.000"
"BK2025000883","2025-10-24 09:32:17.000",2025,10,43,160,2,80.00,31,22,53,213,107,"CANCELLED","2025-10-25 08:49:31.000","2026-08-06T10:58:24",500203,10093,"LOFT","Private room","bordeaux","france",6,3,2,80,"MID_RANGE","2025-07-29 03:52:35.000","RAPHAEL LAURENT","2024-11-02","FALSE","LOW","2024-11-10 21:05:10.000"
"BK2025000885","2025-05-26 22:36:24.000",2025,5,22,810,10,81.00,13,113,126,936,684,"CONFIRMED","2025-05-27 13:25:41.000","2026-08-06T10:58:24",500289,10059,"APARTMENT","Entire home/apt","montpellier","france",1,1,1,81,"MID_RANGE","2023-03-13 09:35:36.000","CAMILLE PETIT","2022-08-25","FALSE","GOOD","2022-09-09 12:15:09.000"
"BK2025000888","2025-09-30 04:27:13.000",2025,9,40,492,4,123.00,48,69,117,609,375,"CANCELLED","2025-10-01 03:25:58.000","2026-08-06T10:58:24",500083,10082,"CONDOMINIUM","Entire home/apt","montpellier","france",6,3,3,123,"MID_RANGE","2025-04-16 04:56:27.000","MALIK DAVID","2024-03-26","TRUE","GOOD","2024-03-28 07:46:26.000"
"BK2025000896","2025-06-21 10:53:38.000",2025,6,25,156,2,78.00,15,22,37,193,119,"CONFIRMED","2025-06-22 05:53:07.000","2026-08-06T10:58:24",500039,10013,"APARTMENT","Entire home/apt","lyon","france",3,1,1,78,"MID_RANGE","2023-11-21 08:17:49.000","SIMON ROBERT","2023-09-19","FALSE","LOW","2023-10-09 05:50:43.000"
"BK2025000899","2025-08-22 08:51:01.000",2025,8,34,489,3,163.00,31,68,99,588,390,"CANCELLED","2025-08-23 02:20:42.000","2026-08-06T10:58:24",500004,10025,"HOUSE","Entire home/apt","marseille","france",10,5,2,163,"MID_RANGE","2023-06-16 08:50:47.000","MANON DAVID","2023-03-28","FALSE","LOW","2023-04-09 23:21:51.000"
"BK2025000904","2025-11-09 10:12:23.000",2025,11,45,171,3,57.00,20,24,44,215,127,"CONFIRMED","2025-11-10 03:11:00.000","2026-08-06T10:58:24",500225,10042,"LOFT","Shared room","paris","france",5,2,1,57,"BUDGET","2024-09-27 03:58:34.000","JADE DUBOIS","2024-04-16","TRUE","GOOD","2024-05-16 22:57:09.000"
"BK2025000913","2025-04-18 15:59:18.000",2025,4,16,258,3,86.00,18,36,54,312,204,"CONFIRMED","2025-04-18 19:29:47.000","2026-08-06T10:58:24",500269,10036,"STUDIO","Entire home/apt","nice","france",2,0,1,86,"MID_RANGE","2024-10-27 10:53:18.000","MAXIME VINCENT","2023-09-04","TRUE","ELITE","2023-10-02 02:56:15.000"
"BK2025000914","2025-11-04 21:07:49.000",2025,11,45,148,4,37.00,11,21,32,180,116,"CONFIRMED","2025-11-05 05:16:09.000","2026-08-06T10:58:24",500213,10059,"APARTMENT","Private room","marseille","france",2,1,1,37,"BUDGET","2022-11-01 06:58:55.000","CAMILLE PETIT","2022-08-25","FALSE","GOOD","2022-09-09 12:15:09.000"
"BK2025000930","2025-04-16 19:04:14.000",2025,4,16,714,7,102.00,17,100,117,831,597,"CANCELLED","2025-04-17 00:01:39.000","2026-08-06T10:58:24",500215,10005,"VILLA","Private room","bordeaux","france",10,5,3,102,"MID_RANGE","2023-02-06 00:51:59.000","NINA RICHARD","2022-01-10","FALSE","LOW","2022-02-02 14:34:07.000"
"BK2025000932","2025-07-03 00:17:18.000",2025,7,27,660,4,165.00,34,92,126,786,534,"CONFIRMED","2025-07-03 18:04:57.000","2026-08-06T10:58:24",500160,10092,"APARTMENT","Entire home/apt","paris","france",5,3,3,165,"MID_RANGE","2024-01-13 20:27:38.000","LINA THOMAS","2023-11-11","TRUE","ELITE","2023-11-20 18:27:19.000"
"BK2025000934","2025-02-18 13:54:47.000",2025,2,8,240,4,60.00,22,34,56,296,184,"CONFIRMED","2025-02-18 23:09:20.000","2026-08-06T10:58:24",500131,10006,"LOFT","Entire home/apt","marseille","france",1,1,1,60,"BUDGET","2024-10-25 17:25:20.000","CHLOE DUBOIS","2024-03-11","TRUE","ELITE","2024-03-30 11:36:12.000"
"BK2025000945","2025-08-13 07:41:08.000",2025,8,33,468,4,117.00,23,66,89,557,379,"CONFIRMED","2025-08-14 06:12:30.000","2026-08-06T10:58:24",500047,10035,"APARTMENT","Entire home/apt","paris","france",2,1,1,117,"MID_RANGE","2022-01-11 19:20:29.000","JADE MICHEL","2021-07-19","FALSE","GOOD","2021-08-07 18:06:04.000"
"BK2025000947","2025-06-17 20:28:41.000",2025,6,25,378,6,63.00,18,53,71,449,307,"CONFIRMED","2025-06-18 02:33:46.000","2026-08-06T10:58:24",500260,10057,"APARTMENT","Private room","nantes","france",7,3,2,63,"BUDGET","2021-07-13 23:53:23.000","RAPHAEL FOURNIER","2021-03-08","TRUE","ELITE","2021-03-27 10:05:52.000"
"BK2025000948","2025-05-18 04:25:17.000",2025,5,20,288,4,72.00,18,40,58,346,230,"CANCELLED","2025-05-19 04:18:13.000","2026-08-06T10:58:24",500208,10036,"APARTMENT","Private room","paris","france",3,1,1,72,"BUDGET","2024-08-21 23:39:56.000","MAXIME VINCENT","2023-09-04","TRUE","ELITE","2023-10-02 02:56:15.000"
"BK2025000949","2025-09-08 10:47:44.000",2025,9,37,2128,14,152.00,40,298,338,2466,1790,"CONFIRMED","2025-09-09 08:04:45.000","2026-08-06T10:58:24",500151,10053,"APARTMENT","Entire home/apt","paris","france",3,2,2,152,"MID_RANGE","2023-12-19 16:42:24.000","NOAH LEROY","2023-09-09","TRUE","ELITE","2023-09-19 12:44:18.000"
"BK2025000951","2025-08-16 09:23:47.000",2025,8,33,284,4,71.00,21,40,61,345,223,"CONFIRMED","2025-08-17 06:00:43.000","2026-08-06T10:58:24",500011,10049,"HOUSE","Private room","lyon","france",7,3,2,71,"BUDGET","2020-03-15 18:57:12.000","ROSE GARNIER","2019-04-18","FALSE","GOOD","2019-05-18 08:02:06.000"
"BK2025000954","2025-07-03 15:27:43.000",2025,7,27,126,2,63.00,22,18,40,166,86,"CONFIRMED","2025-07-04 14:12:24.000","2026-08-06T10:58:24",500260,10057,"APARTMENT","Private room","nantes","france",7,3,2,63,"BUDGET","2021-07-13 23:53:23.000","RAPHAEL FOURNIER","2021-03-08","TRUE","ELITE","2021-03-27 10:05:52.000"
"BK2025000955","2025-11-12 05:54:14.000",2025,11,46,945,7,135.00,36,132,168,1113,777,"CONFIRMED","2025-11-12 08:04:15.000","2026-08-06T10:58:24",500284,10003,"APARTMENT","Entire home/apt","paris","france",3,1,1,135,"MID_RANGE","2025-07-20 15:36:38.000","CAMILLE SIMON","2025-04-15","FALSE","GOOD","2025-05-03 08:51:55.000"
"BK2025000958","2025-05-25 23:12:13.000",2025,5,21,243,3,81.00,17,34,51,294,192,"CONFIRMED","2025-05-26 04:01:47.000","2026-08-06T10:58:24",500232,10070,"APARTMENT","Entire home/apt","nantes","france",4,2,2,81,"MID_RANGE","2023-08-30 05:27:30.000","ALICE GIRARD","2023-03-07","TRUE","GOOD","2023-03-19 10:13:29.000"
"BK2025000968","2025-07-01 08:47:19.000",2025,7,27,118,2,59.00,12,17,29,147,89,"CONFIRMED","2025-07-01 23:47:01.000","2026-08-06T10:58:24",500093,10008,"APARTMENT","Entire home/apt","lille","france",2,1,1,59,"BUDGET","2023-11-04 16:36:22.000","CHLOE SIMON","2023-02-01","FALSE","GOOD","2023-02-12 06:42:17.000"
"BK2025000972","2025-05-21 03:47:25.000",2025,5,21,897,3,299.00,77,126,203,1100,694,"CONFIRMED","2025-05-21 18:53:45.000","2026-08-06T10:58:24",500230,10020,"HOUSE","Entire home/apt","paris","france",9,4,3,299,"LUXURY","2021-02-07 21:28:45.000","ETHAN CHEVALIER","2020-05-17","FALSE","GOOD","2020-06-07 20:23:28.000"
"BK2025000986","2025-09-19 03:08:37.000",2025,9,38,43,1,43.00,7,6,13,56,30,"CONFIRMED","2025-09-19 08:31:06.000","2026-08-06T10:58:24",500097,10088,"APARTMENT","Private room","lyon","france",2,1,1,43,"BUDGET","2021-05-29 20:22:17.000","MALIK PETIT","2021-01-28","TRUE","GOOD","2021-02-14 09:44:08.000"
"BK2025000988","2025-12-05 19:38:58.000",2025,12,49,1330,7,190.00,32,186,218,1548,1112,"CONFIRMED","2025-12-06 12:49:07.000","2026-08-06T10:58:24",500172,10022,"APARTMENT","Hotel room","nice","france",7,3,3,190,"MID_RANGE","2018-07-19 20:10:57.000","EMMA GIRARD","2018-01-30","TRUE","ELITE","2018-01-31 07:04:57.000"
"BK2025000989","2025-10-20 03:40:33.000",2025,10,43,135,1,135.00,38,19,57,192,78,"CONFIRMED","2025-10-21 03:39:53.000","2026-08-06T10:58:24",500281,10094,"APARTMENT","Entire home/apt","marseille","france",5,3,3,135,"MID_RANGE","2024-11-29 02:32:50.000","LAURA VINCENT","2024-03-10","TRUE","GOOD","2024-03-23 14:44:38.000"
"BK2025000992","2025-04-26 03:42:18.000",2025,4,17,560,10,56.00,12,78,90,650,470,"CONFIRMED","2025-04-26 15:22:47.000","2026-08-06T10:58:24",500145,10046,"APARTMENT","Private room","lyon","france",3,2,2,56,"BUDGET","2021-06-21 08:17:50.000","LEA LEFEBVRE","2020-12-28","TRUE","GOOD","2021-01-09 01:54:30.000"
"BK2025000993","2025-01-22 04:41:02.000",2025,1,4,426,3,142.00,26,60,86,512,340,"CONFIRMED","2025-01-22 16:57:58.000","2026-08-06T10:58:24",500246,10062,"APARTMENT","Entire home/apt","nice","france",6,3,2,142,"MID_RANGE","2024-08-18 14:06:06.000","ENZO ROBIN","2024-02-23","FALSE","ELITE","2024-03-02 07:53:40.000"
"BK2025000994","2025-10-22 03:57:54.000",2025,10,43,861,7,123.00,23,121,144,1005,717,"CONFIRMED","2025-10-22 16:06:47.000","2026-08-06T10:58:24",500083,10082,"CONDOMINIUM","Entire home/apt","montpellier","france",6,3,3,123,"MID_RANGE","2025-04-16 04:56:27.000","MALIK DAVID","2024-03-26","TRUE","GOOD","2024-03-28 07:46:26.000"
"BK2025000998","2025-12-28 11:35:16.000",2025,12,52,707,7,101.00,35,99,134,841,573,"CONFIRMED","2025-12-28 17:48:37.000","2026-08-06T10:58:24",500278,10063,"LOFT","Entire home/apt","nantes","france",5,2,2,101,"MID_RANGE","2024-02-29 21:15:19.000","ANTOINE MOREL","2023-06-08","FALSE","LOW","2023-06-30 09:15:17.000"
"BK2026000002","2026-05-17 14:16:56.000",2026,5,20,135,1,135.00,26,19,45,180,90,"CONFIRMED","2026-05-17 17:33:35.000","2026-08-06T10:58:24",500281,10094,"APARTMENT","Entire home/apt","marseille","france",5,3,3,135,"MID_RANGE","2024-11-29 02:32:50.000","LAURA VINCENT","2024-03-10","TRUE","GOOD","2024-03-23 14:44:38.000"
"BK2026000005","2026-02-13 17:10:25.000",2026,2,7,412,4,103.00,29,58,87,499,325,"CANCELLED","2026-02-14 15:47:36.000","2026-08-06T10:58:24",500025,10059,"LOFT","Entire home/apt","lyon","france",5,2,2,103,"MID_RANGE","2023-01-07 03:16:48.000","CAMILLE PETIT","2022-08-25","FALSE","GOOD","2022-09-09 12:15:09.000"
"BK2026000007","2026-07-01 15:39:30.000",2026,7,27,573,3,191.00,35,80,115,688,458,"CONFIRMED","2026-07-02 14:15:25.000","2026-08-06T10:58:24",500128,10015,"APARTMENT","Entire home/apt","paris","france",7,3,2,191,"MID_RANGE","2026-05-27 03:18:12.000","CAMILLE BERTRAND","2025-08-24","FALSE","LOW","2025-09-02 13:10:29.000"
"BK2026000012","2026-01-23 18:36:06.000",2026,1,4,129,1,129.00,46,18,64,193,65,"CONFIRMED","2026-01-24 18:17:41.000","2026-08-06T10:58:24",500032,10077,"STUDIO","Entire home/apt","paris","france",1,0,1,129,"MID_RANGE","2025-08-25 11:47:32.000","MANON GARNIER","2025-06-02","FALSE","LOW","2025-06-29 13:52:31.000"
"BK2026000015","2026-03-11 22:39:22.000",2026,3,11,552,4,138.00,47,77,124,676,428,"CANCELLED","2026-03-12 12:51:05.000","2026-08-06T10:58:24",500189,10079,"APARTMENT","Entire home/apt","paris","france",3,1,1,138,"MID_RANGE","2024-01-28 04:04:35.000","HUGO ROUX","2023-03-20","TRUE","ELITE","2023-03-28 10:54:15.000"
"BK2026000020","2026-05-12 02:56:46.000",2026,5,20,1204,14,86.00,31,169,200,1404,1004,"CANCELLED","2026-05-12 06:39:08.000","2026-08-06T10:58:24",500112,10069,"APARTMENT","Private room","lyon","france",7,3,3,86,"MID_RANGE","2025-04-21 07:23:16.000","SIMON LEROY","2024-12-23","FALSE","ELITE","2025-01-13 00:05:41.000"
"BK2026000023","2026-03-22 02:07:15.000",2026,3,12,555,5,111.00,26,78,104,659,451,"CONFIRMED","2026-03-22 07:56:49.000","2026-08-06T10:58:24",500229,10056,"APARTMENT","Entire home/apt","nantes","france",6,3,2,111,"MID_RANGE","2023-06-30 00:48:18.000","INES RICHARD","2023-03-20","TRUE","ELITE","2023-03-26 16:30:50.000"
"BK2026000029","2026-06-04 17:48:19.000",2026,6,23,194,2,97.00,24,27,51,245,143,"CONFIRMED","2026-06-05 13:57:38.000","2026-08-06T10:58:24",500016,10056,"APARTMENT","Entire home/apt","paris","france",1,1,1,97,"MID_RANGE","2023-10-08 12:14:05.000","INES RICHARD","2023-03-20","TRUE","ELITE","2023-03-26 16:30:50.000"
"BK2026000038","2026-07-02 00:34:08.000",2026,7,27,462,7,66.00,20,65,85,547,377,"CONFIRMED","2026-07-02 18:48:06.000","2026-08-06T10:58:24",500040,10096,"STUDIO","Entire home/apt","toulouse","france",2,0,1,66,"BUDGET","2025-12-27 21:37:07.000","ENZO MOREAU","2025-01-04","FALSE","LOW","2025-01-21 07:41:09.000"
"BK2026000049","2026-01-02 04:10:16.000",2026,1,1,536,4,134.00,39,75,114,650,422,"CONFIRMED","2026-01-02 06:23:44.000","2026-08-06T10:58:24",500086,10084,"CONDOMINIUM","Entire home/apt","paris","france",2,1,1,134,"MID_RANGE","2025-08-22 22:36:51.000","ANTOINE ANDRE","2025-06-12","FALSE","ELITE","2025-06-23 13:47:35.000"
"BK2026000053","2026-04-17 02:26:28.000",2026,4,16,575,5,115.00,43,81,124,699,451,"CONFIRMED","2026-04-18 00:07:55.000","2026-08-06T10:58:24",500020,10073,"LOFT","Hotel room","lille","france",7,3,3,115,"MID_RANGE","2020-08-24 23:20:58.000","LINA MICHEL","2020-03-27","FALSE","LOW","2020-03-31 15:42:07.000"
"BK2026000061","2026-01-27 11:43:35.000",2026,1,5,327,3,109.00,33,46,79,406,248,"CONFIRMED","2026-01-27 19:06:40.000","2026-08-06T10:58:24",500003,10012,"APARTMENT","Hotel room","lyon","france",5,2,1,109,"MID_RANGE","2021-07-25 08:51:26.000","LEA LEROY","2020-10-07","FALSE","GOOD","2020-10-20 18:25:23.000"
"BK2026000064","2026-02-06 03:51:40.000",2026,2,6,2030,14,145.00,25,284,309,2339,1721,"CONFIRMED","2026-02-06 15:34:05.000","2026-08-06T10:58:24",500019,10062,"APARTMENT","Entire home/apt","paris","france",5,2,2,145,"MID_RANGE","2025-02-02 20:10:40.000","ENZO ROBIN","2024-02-23","FALSE","ELITE","2024-03-02 07:53:40.000"
"BK2026000065","2026-04-14 06:12:56.000",2026,4,16,432,6,72.00,12,60,72,504,360,"CONFIRMED","2026-04-15 06:06:31.000","2026-08-06T10:58:24",500208,10036,"APARTMENT","Private room","paris","france",3,1,1,72,"BUDGET","2024-08-21 23:39:56.000","MAXIME VINCENT","2023-09-04","TRUE","ELITE","2023-10-02 02:56:15.000"
"BK2026000066","2026-02-24 15:13:45.000",2026,2,9,426,2,213.00,83,60,143,569,283,"CONFIRMED","2026-02-25 09:14:01.000","2026-08-06T10:58:24",500299,10096,"APARTMENT","Entire home/apt","nice","france",7,3,2,213,"LUXURY","2025-11-27 03:21:28.000","ENZO MOREAU","2025-01-04","FALSE","LOW","2025-01-21 07:41:09.000"
"BK2026000073","2026-06-27 02:30:55.000",2026,6,26,118,1,118.00,43,17,60,178,58,"CANCELLED","2026-06-27 14:10:15.000","2026-08-06T10:58:24",500041,10093,"APARTMENT","Entire home/apt","paris","france",3,1,1,118,"MID_RANGE","2025-07-15 04:59:16.000","RAPHAEL LAURENT","2024-11-02","FALSE","LOW","2024-11-10 21:05:10.000"
"BK2026000074","2026-08-04 20:13:48.000",2026,8,32,696,4,174.00,69,97,166,862,530,"CANCELLED","2026-08-05 08:28:36.000","2026-08-06T10:58:24",500253,10092,"HOUSE","Entire home/apt","paris","france",6,3,3,174,"MID_RANGE","2024-02-14 01:18:31.000","LINA THOMAS","2023-11-11","TRUE","ELITE","2023-11-20 18:27:19.000"
"BK2026000075","2026-03-14 17:40:41.000",2026,3,11,255,3,85.00,33,36,69,324,186,"CONFIRMED","2026-03-15 06:36:24.000","2026-08-06T10:58:24",500296,10085,"APARTMENT","Private room","nice","france",7,3,2,85,"MID_RANGE","2026-02-10 16:06:50.000","LOUIS LAURENT","2025-11-18","FALSE","LOW","2025-11-21 23:12:20.000"
"BK2026000083","2026-08-04 07:25:18.000",2026,8,32,342,3,114.00,36,48,84,426,258,"CONFIRMED","2026-08-04 09:49:57.000","2026-08-06T10:58:24",500102,10084,"APARTMENT","Entire home/apt","nice","france",2,1,1,114,"MID_RANGE","2026-07-01 01:36:00.000","ANTOINE ANDRE","2025-06-12","FALSE","ELITE","2025-06-23 13:47:35.000"
"BK2026000084","2026-07-10 23:47:48.000",2026,7,28,210,2,105.00,37,29,66,276,144,"CONFIRMED","2026-07-11 01:52:58.000","2026-08-06T10:58:24",500147,10038,"APARTMENT","Entire home/apt","paris","france",2,1,1,105,"MID_RANGE","2026-03-14 03:37:53.000","NOAH MOREAU","2025-06-28","FALSE","LOW","2025-07-06 03:56:06.000"
"BK2026000086","2026-05-16 14:16:11.000",2026,5,20,236,2,118.00,18,33,51,287,185,"CONFIRMED","2026-05-17 14:00:58.000","2026-08-06T10:58:24",500186,10059,"LOFT","Entire home/apt","bordeaux","france",5,3,2,118,"MID_RANGE","2023-06-14 23:50:01.000","CAMILLE PETIT","2022-08-25","FALSE","GOOD","2022-09-09 12:15:09.000"
"BK2026000090","2026-07-12 02:46:06.000",2026,7,28,472,4,118.00,22,66,88,560,384,"CANCELLED","2026-07-12 21:24:35.000","2026-08-06T10:58:24",500240,10094,"APARTMENT","Private room","nice","france",7,3,3,118,"MID_RANGE","2025-04-22 08:46:49.000","LAURA VINCENT","2024-03-10","TRUE","GOOD","2024-03-23 14:44:38.000"
"BK2026000094","2026-07-12 20:03:13.000",2026,7,28,1141,7,163.00,42,160,202,1343,939,"CONFIRMED","2026-07-13 08:17:29.000","2026-08-06T10:58:24",500004,10025,"HOUSE","Entire home/apt","marseille","france",10,5,2,163,"MID_RANGE","2023-06-16 08:50:47.000","MANON DAVID","2023-03-28","FALSE","LOW","2023-04-09 23:21:51.000"
"BK2026000095","2026-02-17 01:14:49.000",2026,2,8,708,6,118.00,45,99,144,852,564,"CONFIRMED","2026-02-17 10:56:36.000","2026-08-06T10:58:24",500041,10093,"APARTMENT","Entire home/apt","paris","france",3,1,1,118,"MID_RANGE","2025-07-15 04:59:16.000","RAPHAEL LAURENT","2024-11-02","FALSE","LOW","2024-11-10 21:05:10.000"
"BK2026000101","2026-07-31 01:25:06.000",2026,7,31,456,4,114.00,45,64,109,565,347,"CONFIRMED","2026-07-31 11:35:46.000","2026-08-06T10:58:24",500102,10084,"APARTMENT","Entire home/apt","nice","france",2,1,1,114,"MID_RANGE","2026-07-01 01:36:00.000","ANTOINE ANDRE","2025-06-12","FALSE","ELITE","2025-06-23 13:47:35.000"
"BK2026000105","2026-06-09 02:53:10.000",2026,6,24,162,2,81.00,22,23,45,207,117,"CONFIRMED","2026-06-09 17:39:22.000","2026-08-06T10:58:24",500183,10083,"APARTMENT","Entire home/apt","strasbourg","france",3,2,1,81,"MID_RANGE","2026-05-20 04:18:20.000","RAPHAEL FOURNIER","2025-09-29","FALSE","LOW","2025-10-01 09:14:25.000"
"BK2026000111","2026-03-15 00:29:12.000",2026,3,11,340,4,85.00,15,48,63,403,277,"CONFIRMED","2026-03-15 22:00:45.000","2026-08-06T10:58:24",500092,10088,"APARTMENT","Private room","marseille","france",7,3,2,85,"MID_RANGE","2021-04-21 23:17:06.000","MALIK PETIT","2021-01-28","TRUE","GOOD","2021-02-14 09:44:08.000"
"BK2026000113","2026-02-26 05:35:28.000",2026,2,9,387,3,129.00,31,54,85,472,302,"CONFIRMED","2026-02-26 21:38:14.000","2026-08-06T10:58:24",500032,10077,"STUDIO","Entire home/apt","paris","france",1,0,1,129,"MID_RANGE","2025-08-25 11:47:32.000","MANON GARNIER","2025-06-02","FALSE","LOW","2025-06-29 13:52:31.000"
"BK2026000115","2026-06-18 21:05:47.000",2026,6,25,573,3,191.00,34,80,114,687,459,"CONFIRMED","2026-06-19 18:35:31.000","2026-08-06T10:58:24",500128,10015,"APARTMENT","Entire home/apt","paris","france",7,3,2,191,"MID_RANGE","2026-05-27 03:18:12.000","CAMILLE BERTRAND","2025-08-24","FALSE","LOW","2025-09-02 13:10:29.000"
"BK2026000118","2026-03-02 09:41:54.000",2026,3,10,1736,14,124.00,32,243,275,2011,1461,"CONFIRMED","2026-03-02 19:19:55.000","2026-08-06T10:58:24",500193,10075,"LOFT","Private room","paris","france",6,3,3,124,"MID_RANGE","2019-12-30 10:25:31.000","ARTHUR DAVID","2019-03-19","FALSE","ELITE","2019-03-31 22:12:04.000"
"BK2026000122","2026-03-07 11:48:09.000",2026,3,10,85,1,85.00,30,12,42,127,43,"CONFIRMED","2026-03-07 22:11:05.000","2026-08-06T10:58:24",500296,10085,"APARTMENT","Private room","nice","france",7,3,2,85,"MID_RANGE","2026-02-10 16:06:50.000","LOUIS LAURENT","2025-11-18","FALSE","LOW","2025-11-21 23:12:20.000"
"BK2026000126","2026-05-08 00:20:57.000",2026,5,19,417,3,139.00,24,58,82,499,335,"CONFIRMED","2026-05-08 04:51:32.000","2026-08-06T10:58:24",500244,10045,"APARTMENT","Entire home/apt","bordeaux","france",7,3,2,139,"MID_RANGE","2019-12-10 01:17:22.000","ZOE DAVID","2019-10-28","FALSE","LOW","2019-11-02 23:59:21.000"
"BK2026000127","2026-08-01 14:17:36.000",2026,8,31,228,2,114.00,35,32,67,295,161,"CONFIRMED","2026-08-01 21:21:53.000","2026-08-06T10:58:24",500102,10084,"APARTMENT","Entire home/apt","nice","france",2,1,1,114,"MID_RANGE","2026-07-01 01:36:00.000","ANTOINE ANDRE","2025-06-12","FALSE","ELITE","2025-06-23 13:47:35.000"
"BK2026000132","2026-02-06 21:41:34.000",2026,2,6,380,2,190.00,51,53,104,484,276,"CONFIRMED","2026-02-07 20:26:16.000","2026-08-06T10:58:24",500109,10093,"APARTMENT","Entire home/apt","paris","france",7,3,3,190,"MID_RANGE","2025-10-25 04:07:46.000","RAPHAEL LAURENT","2024-11-02","FALSE","LOW","2024-11-10 21:05:10.000"
"BK2026000139","2026-03-24 05:13:14.000",2026,3,13,627,3,209.00,48,88,136,763,491,"CONFIRMED","2026-03-24 22:21:27.000","2026-08-06T10:58:24",500117,10007,"APARTMENT","Entire home/apt","paris","france",5,3,2,209,"LUXURY","2025-08-22 21:37:05.000","NINA ROUX","2025-06-01","TRUE","GOOD","2025-06-03 07:55:06.000"
"BK2026000140","2026-01-24 16:37:36.000",2026,1,4,196,2,98.00,18,27,45,241,151,"CONFIRMED","2026-01-25 06:36:25.000","2026-08-06T10:58:24",500071,10061,"APARTMENT","Private room","nice","france",5,2,1,98,"MID_RANGE","2019-07-20 22:53:45.000","SOFIA GARNIER","2019-07-01","FALSE","ELITE","2019-07-11 14:39:52.000"
"BK2026000141","2026-03-19 17:24:39.000",2026,3,12,380,4,95.00,37,53,90,470,290,"CONFIRMED","2026-03-19 22:10:40.000","2026-08-06T10:58:24",500075,10065,"APARTMENT","Entire home/apt","nantes","france",3,2,2,95,"MID_RANGE","2023-01-18 12:04:35.000","ZOE BLANC","2022-08-27","TRUE","ELITE","2022-09-10 13:03:13.000"
"BK2026000146","2026-05-08 02:24:14.000",2026,5,19,1120,10,112.00,44,157,201,1321,919,"CANCELLED","2026-05-09 00:45:09.000","2026-08-06T10:58:24",500104,10036,"HOUSE","Entire home/apt","nantes","france",6,3,3,112,"MID_RANGE","2024-03-23 20:20:03.000","MAXIME VINCENT","2023-09-04","TRUE","ELITE","2023-10-02 02:56:15.000"
"BK2026000148","2026-03-31 16:02:56.000",2026,3,14,1095,5,219.00,35,153,188,1283,907,"CONFIRMED","2026-03-31 17:59:11.000","2026-08-06T10:58:24",500293,10076,"HOUSE","Entire home/apt","marseille","france",11,5,2,219,"LUXURY","2020-03-25 23:21:00.000","CLARA GARNIER","2019-02-22","FALSE","LOW","2019-03-19 18:50:02.000"
"BK2026000150","2026-04-11 05:05:54.000",2026,4,15,156,3,52.00,16,22,38,194,118,"CONFIRMED","2026-04-11 19:59:35.000","2026-08-06T10:58:24",500204,10038,"STUDIO","Private room","nice","france",1,0,1,52,"BUDGET","2025-11-06 19:36:44.000","NOAH MOREAU","2025-06-28","FALSE","LOW","2025-07-06 03:56:06.000"
"BK2026000153","2026-07-07 19:05:36.000",2026,7,28,240,2,120.00,31,34,65,305,175,"CONFIRMED","2026-07-08 18:56:08.000","2026-08-06T10:58:24",500084,10019,"HOUSE","Entire home/apt","lille","france",6,3,2,120,"MID_RANGE","2024-07-01 19:58:31.000","ROSE GARNIER","2023-12-22","FALSE","ELITE","2023-12-27 08:33:55.000"
"BK2026000158","2026-07-04 20:26:28.000",2026,7,27,609,7,87.00,14,85,99,708,510,"CONFIRMED","2026-07-04 21:36:22.000","2026-08-06T10:58:24",500143,10072,"APARTMENT","Private room","paris","france",3,2,1,87,"MID_RANGE","2023-01-11 23:50:36.000","LUCAS DAVID","2021-12-04","TRUE","GOOD","2021-12-28 20:02:48.000"
"BK2026000159","2026-05-08 17:47:04.000",2026,5,19,1060,10,106.00,17,148,165,1225,895,"CONFIRMED","2026-05-08 23:30:22.000","2026-08-06T10:58:24",500017,10064,"APARTMENT","Entire home/apt","strasbourg","france",4,2,2,106,"MID_RANGE","2024-09-23 22:27:43.000","ADAM ROBERT","2024-01-22","TRUE","GOOD","2024-01-29 12:44:09.000"
"BK2026000160","2026-01-08 07:34:51.000",2026,1,2,580,4,145.00,56,81,137,717,443,"CONFIRMED","2026-01-08 17:58:48.000","2026-08-06T10:58:24",500294,10063,"APARTMENT","Entire home/apt","paris","france",5,2,2,145,"MID_RANGE","2024-06-12 02:05:04.000","ANTOINE MOREL","2023-06-08","FALSE","LOW","2023-06-30 09:15:17.000"
"BK2026000164","2026-03-09 02:42:57.000",2026,3,11,588,7,84.00,31,82,113,701,475,"CONFIRMED","2026-03-09 08:43:04.000","2026-08-06T10:58:24",500267,10040,"LOFT","Entire home/apt","toulouse","france",4,2,2,84,"MID_RANGE","2024-02-21 06:11:26.000","ENZO DUBOIS","2023-06-25","TRUE","GOOD","2023-06-27 20:27:53.000"
"BK2026000169","2026-07-30 18:30:42.000",2026,7,31,159,3,53.00,18,22,40,199,119,"CONFIRMED","2026-07-31 01:07:25.000","2026-08-06T10:58:24",500212,10016,"APARTMENT","Private room","nantes","france",5,2,1,53,"BUDGET","2024-06-30 16:37:09.000","JULIE MOREAU","2023-08-13","FALSE","GOOD","2023-09-08 20:32:38.000"
"BK2026000172","2026-06-29 02:47:40.000",2026,6,27,2289,7,327.00,74,320,394,2683,1895,"CONFIRMED","2026-06-29 06:11:30.000","2026-08-06T10:58:24",500255,10009,"HOUSE","Entire home/apt","paris","france",10,4,3,327,"LUXURY","2024-01-12 19:24:12.000","LEA MOREL","2023-12-28","FALSE","GOOD","2024-01-05 20:44:35.000"
"BK2026000177","2026-05-23 20:58:42.000",2026,5,21,315,3,105.00,19,44,63,378,252,"CONFIRMED","2026-05-23 23:59:21.000","2026-08-06T10:58:24",500147,10038,"APARTMENT","Entire home/apt","paris","france",2,1,1,105,"MID_RANGE","2026-03-14 03:37:53.000","NOAH MOREAU","2025-06-28","FALSE","LOW","2025-07-06 03:56:06.000"
"BK2026000178","2026-04-02 04:15:38.000",2026,4,14,294,3,98.00,23,41,64,358,230,"CONFIRMED","2026-04-02 22:30:48.000","2026-08-06T10:58:24",500287,10038,"APARTMENT","Private room","paris","france",6,3,3,98,"MID_RANGE","2025-07-13 01:02:04.000","NOAH MOREAU","2025-06-28","FALSE","LOW","2025-07-06 03:56:06.000"
"BK2026000183","2026-08-05 23:59:59.000",2026,8,32,350,10,35.00,8,49,57,407,293,"CANCELLED","2026-08-05 23:59:59.000","2026-08-06T10:58:24",500133,10085,"APARTMENT","Private room","lille","france",1,1,1,35,"BUDGET","2026-08-05 23:59:59.000","LOUIS LAURENT","2025-11-18","FALSE","LOW","2025-11-21 23:12:20.000"
"BK2026000192","2026-03-03 04:50:32.000",2026,3,10,645,5,129.00,46,90,136,781,509,"CONFIRMED","2026-03-03 05:05:59.000","2026-08-06T10:58:24",500032,10077,"STUDIO","Entire home/apt","paris","france",1,0,1,129,"MID_RANGE","2025-08-25 11:47:32.000","MANON GARNIER","2025-06-02","FALSE","LOW","2025-06-29 13:52:31.000"
"BK2026000193","2026-07-28 23:14:04.000",2026,7,31,216,3,72.00,19,30,49,265,167,"CONFIRMED","2026-07-29 14:22:16.000","2026-08-06T10:58:24",500202,10076,"APARTMENT","Entire home/apt","toulouse","france",1,1,1,72,"BUDGET","2019-07-25 12:28:40.000","CLARA GARNIER","2019-02-22","FALSE","LOW","2019-03-19 18:50:02.000"
"BK2026000196","2026-04-07 22:00:40.000",2026,4,15,132,3,44.00,9,18,27,159,105,"CONFIRMED","2026-04-08 10:22:54.000","2026-08-06T10:58:24",500234,10035,"STUDIO","Private room","bordeaux","france",1,0,1,44,"BUDGET","2021-11-03 23:21:41.000","JADE MICHEL","2021-07-19","FALSE","GOOD","2021-08-07 18:06:04.000"
"BK2026000198","2026-05-14 17:09:26.000",2026,5,20,340,4,85.00,21,48,69,409,271,"CONFIRMED","2026-05-14 21:56:12.000","2026-08-06T10:58:24",500296,10085,"APARTMENT","Private room","nice","france",7,3,2,85,"MID_RANGE","2026-02-10 16:06:50.000","LOUIS LAURENT","2025-11-18","FALSE","LOW","2025-11-21 23:12:20.000"
"BK2026000199","2026-04-01 17:51:00.000",2026,4,14,444,4,111.00,34,62,96,540,348,"CONFIRMED","2026-04-02 15:31:34.000","2026-08-06T10:58:24",500270,10077,"APARTMENT","Entire home/apt","lyon","france",3,1,1,111,"MID_RANGE","2025-11-09 03:17:55.000","MANON GARNIER","2025-06-02","FALSE","LOW","2025-06-29 13:52:31.000"
"BK2026000204","2026-07-19 20:14:00.000",2026,7,29,232,2,116.00,40,32,72,304,160,"CONFIRMED","2026-07-20 13:09:02.000","2026-08-06T10:58:24",500078,10005,"APARTMENT","Entire home/apt","paris","france",2,1,1,116,"MID_RANGE","2022-11-08 05:50:09.000","NINA RICHARD","2022-01-10","FALSE","LOW","2022-02-02 14:34:07.000"
"BK2026000222","2026-05-03 22:20:30.000",2026,5,18,136,2,68.00,22,19,41,177,95,"CANCELLED","2026-05-04 13:26:26.000","2026-08-06T10:58:24",500091,10092,"APARTMENT","Private room","toulouse","france",5,3,2,68,"BUDGET","2024-10-13 20:55:48.000","LINA THOMAS","2023-11-11","TRUE","ELITE","2023-11-20 18:27:19.000"
"BK2026000232","2026-07-01 02:02:47.000",2026,7,27,340,4,85.00,19,48,67,407,273,"CONFIRMED","2026-07-02 00:11:00.000","2026-08-06T10:58:24",500092,10088,"APARTMENT","Private room","marseille","france",7,3,2,85,"MID_RANGE","2021-04-21 23:17:06.000","MALIK PETIT","2021-01-28","TRUE","GOOD","2021-02-14 09:44:08.000"
"BK2026000233","2026-06-18 15:03:08.000",2026,6,25,543,3,181.00,70,76,146,689,397,"CONFIRMED","2026-06-19 10:14:53.000","2026-08-06T10:58:24",500074,10038,"HOUSE","Entire home/apt","marseille","france",10,5,2,181,"MID_RANGE","2026-01-06 06:29:40.000","NOAH MOREAU","2025-06-28","FALSE","LOW","2025-07-06 03:56:06.000"
"BK2026000234","2026-07-31 13:48:37.000",2026,7,31,906,6,151.00,36,127,163,1069,743,"CONFIRMED","2026-07-31 19:56:10.000","2026-08-06T10:58:24",500256,10067,"APARTMENT","Entire home/apt","nantes","france",7,3,2,151,"MID_RANGE","2024-11-12 11:07:45.000","MALIK BERNARD","2024-01-14","FALSE","LOW","2024-01-29 07:17:27.000"
"BK2026000236","2026-07-03 23:15:04.000",2026,7,27,1110,5,222.00,36,155,191,1301,919,"CONFIRMED","2026-07-04 05:42:20.000","2026-08-06T10:58:24",500077,10083,"LOFT","Entire home/apt","paris","france",6,3,2,222,"LUXURY","2025-11-03 08:03:54.000","RAPHAEL FOURNIER","2025-09-29","FALSE","LOW","2025-10-01 09:14:25.000"
"BK2026000245","2026-03-28 18:53:14.000",2026,3,13,684,6,114.00,18,96,114,798,570,"CONFIRMED","2026-03-29 17:45:20.000","2026-08-06T10:58:24",500214,10015,"APARTMENT","Entire home/apt","paris","france",1,1,1,114,"MID_RANGE","2026-03-17 17:22:28.000","CAMILLE BERTRAND","2025-08-24","FALSE","LOW","2025-09-02 13:10:29.000"
"BK2026000246","2026-06-09 12:33:05.000",2026,6,24,486,6,81.00,26,68,94,580,392,"CONFIRMED","2026-06-09 16:55:23.000","2026-08-06T10:58:24",500232,10070,"APARTMENT","Entire home/apt","nantes","france",4,2,2,81,"MID_RANGE","2023-08-30 05:27:30.000","ALICE GIRARD","2023-03-07","TRUE","GOOD","2023-03-19 10:13:29.000"
"BK2026000247","2026-06-01 10:48:04.000",2026,6,23,460,5,92.00,18,64,82,542,378,"CONFIRMED","2026-06-02 01:17:53.000","2026-08-06T10:58:24",500123,10066,"APARTMENT","Entire home/apt","lyon","france",2,1,1,92,"MID_RANGE","2024-08-07 08:46:34.000","NINA BOYER","2024-07-20","FALSE","ELITE","2024-08-04 00:22:19.000"
"BK2026000252","2026-06-30 13:45:10.000",2026,6,27,278,2,139.00,47,39,86,364,192,"CONFIRMED","2026-06-30 22:17:53.000","2026-08-06T10:58:24",500245,10041,"APARTMENT","Entire home/apt","paris","france",3,2,1,139,"MID_RANGE","2018-03-23 18:49:26.000","EVA GARNIER","2018-01-15","TRUE","GOOD","2018-02-04 08:10:47.000"
"BK2026000257","2026-06-14 12:31:55.000",2026,6,24,148,2,74.00,12,21,33,181,115,"CONFIRMED","2026-06-15 02:09:16.000","2026-08-06T10:58:24",500228,10017,"STUDIO","Private room","paris","france",1,0,1,74,"BUDGET","2022-04-25 16:30:37.000","LOUIS MERCIER","2022-03-12","FALSE","LOW","2022-03-31 10:31:01.000"
"BK2026000260","2026-04-15 22:14:38.000",2026,4,16,1722,14,123.00,44,241,285,2007,1437,"CONFIRMED","2026-04-16 03:29:45.000","2026-08-06T10:58:24",500083,10082,"CONDOMINIUM","Entire home/apt","montpellier","france",6,3,3,123,"MID_RANGE","2025-04-16 04:56:27.000","MALIK DAVID","2024-03-26","TRUE","GOOD","2024-03-28 07:46:26.000"
"BK2026000264","2026-02-03 14:05:26.000",2026,2,6,387,3,129.00,42,54,96,483,291,"CONFIRMED","2026-02-03 18:49:01.000","2026-08-06T10:58:24",500076,10009,"LOFT","Entire home/apt","lyon","france",7,3,3,129,"MID_RANGE","2024-07-04 14:06:27.000","LEA MOREL","2023-12-28","FALSE","GOOD","2024-01-05 20:44:35.000"
"BK2026000266","2026-04-10 11:12:27.000",2026,4,15,1278,6,213.00,42,179,221,1499,1057,"CONFIRMED","2026-04-11 08:54:32.000","2026-08-06T10:58:24",500299,10096,"APARTMENT","Entire home/apt","nice","france",7,3,2,213,"LUXURY","2025-11-27 03:21:28.000","ENZO MOREAU","2025-01-04","FALSE","LOW","2025-01-21 07:41:09.000"
"BK2026000269","2026-06-22 06:22:05.000",2026,6,26,222,3,74.00,26,31,57,279,165,"CANCELLED","2026-06-23 06:19:31.000","2026-08-06T10:58:24",500228,10017,"STUDIO","Private room","paris","france",1,0,1,74,"BUDGET","2022-04-25 16:30:37.000","LOUIS MERCIER","2022-03-12","FALSE","LOW","2022-03-31 10:31:01.000"
"BK2026000271","2026-02-08 17:04:30.000",2026,2,6,369,3,123.00,24,52,76,445,293,"CONFIRMED","2026-02-08 23:16:23.000","2026-08-06T10:58:24",500046,10007,"LOFT","Entire home/apt","paris","france",2,1,1,123,"MID_RANGE","2026-02-07 03:23:32.000","NINA ROUX","2025-06-01","TRUE","GOOD","2025-06-03 07:55:06.000"
"BK2026000275","2026-02-23 18:17:56.000",2026,2,9,236,2,118.00,38,33,71,307,165,"CANCELLED","2026-02-24 05:50:42.000","2026-08-06T10:58:24",500186,10059,"LOFT","Entire home/apt","bordeaux","france",5,3,2,118,"MID_RANGE","2023-06-14 23:50:01.000","CAMILLE PETIT","2022-08-25","FALSE","GOOD","2022-09-09 12:15:09.000"
"BK2026000281","2026-01-26 02:36:08.000",2026,1,5,198,3,66.00,15,28,43,241,155,"CONFIRMED","2026-01-26 22:09:56.000","2026-08-06T10:58:24",500040,10096,"STUDIO","Entire home/apt","toulouse","france",2,0,1,66,"BUDGET","2025-12-27 21:37:07.000","ENZO MOREAU","2025-01-04","FALSE","LOW","2025-01-21 07:41:09.000"
"BK2026000286","2026-04-13 11:12:46.000",2026,4,16,609,7,87.00,30,85,115,724,494,"CONFIRMED","2026-04-13 15:05:23.000","2026-08-06T10:58:24",500143,10072,"APARTMENT","Private room","paris","france",3,2,1,87,"MID_RANGE","2023-01-11 23:50:36.000","LUCAS DAVID","2021-12-04","TRUE","GOOD","2021-12-28 20:02:48.000"
"BK2026000302","2026-02-25 22:48:48.000",2026,2,9,246,3,82.00,29,34,63,309,183,"CONFIRMED","2026-02-26 10:55:15.000","2026-08-06T10:58:24",500015,10098,"STUDIO","Entire home/apt","nice","france",2,0,1,82,"MID_RANGE","2019-07-14 21:39:55.000","JADE GAUTHIER","2019-05-25","TRUE","GOOD","2019-06-16 12:17:32.000"
"BK2026000309","2026-06-11 07:28:45.000",2026,6,24,50,2,25.00,9,7,16,66,34,"CONFIRMED","2026-06-12 00:20:04.000","2026-08-06T10:58:24",500035,10085,"APARTMENT","Shared room","marseille","france",2,1,1,25,"BUDGET","2026-01-16 14:58:18.000","LOUIS LAURENT","2025-11-18","FALSE","LOW","2025-11-21 23:12:20.000"
"BK2026000310","2026-05-07 10:55:25.000",2026,5,19,498,3,166.00,35,70,105,603,393,"CONFIRMED","2026-05-07 11:36:10.000","2026-08-06T10:58:24",500222,10017,"APARTMENT","Entire home/apt","paris","france",5,2,2,166,"MID_RANGE","2022-08-17 17:35:13.000","LOUIS MERCIER","2022-03-12","FALSE","LOW","2022-03-31 10:31:01.000"
"BK2026000311","2026-04-05 21:23:33.000",2026,4,14,146,2,73.00,29,20,49,195,97,"CONFIRMED","2026-04-06 06:23:13.000","2026-08-06T10:58:24",500265,10074,"APARTMENT","Entire home/apt","nantes","france",3,1,1,73,"BUDGET","2023-11-04 15:47:02.000","INES FOURNIER","2023-03-20","FALSE","GOOD","2023-04-08 23:45:07.000"
"BK2026000315","2026-02-21 14:44:01.000",2026,2,8,98,1,98.00,19,14,33,131,65,"CONFIRMED","2026-02-21 23:26:36.000","2026-08-06T10:58:24",500287,10038,"APARTMENT","Private room","paris","france",6,3,3,98,"MID_RANGE","2025-07-13 01:02:04.000","NOAH MOREAU","2025-06-28","FALSE","LOW","2025-07-06 03:56:06.000"
"BK2026000316","2026-08-03 22:42:19.000",2026,8,32,408,6,68.00,11,57,68,476,340,"CANCELLED","2026-08-04 18:02:14.000","2026-08-06T10:58:24",500091,10092,"APARTMENT","Private room","toulouse","france",5,3,2,68,"BUDGET","2024-10-13 20:55:48.000","LINA THOMAS","2023-11-11","TRUE","ELITE","2023-11-20 18:27:19.000"
"BK2026000325","2026-07-28 19:36:47.000",2026,7,31,861,7,123.00,42,121,163,1024,698,"CONFIRMED","2026-07-29 04:31:52.000","2026-08-06T10:58:24",500083,10082,"CONDOMINIUM","Entire home/apt","montpellier","france",6,3,3,123,"MID_RANGE","2025-04-16 04:56:27.000","MALIK DAVID","2024-03-26","TRUE","GOOD","2024-03-28 07:46:26.000"
"BK2026000328","2026-01-19 16:12:19.000",2026,1,4,258,2,129.00,32,36,68,326,190,"CONFIRMED","2026-01-20 10:17:26.000","2026-08-06T10:58:24",500095,10022,"LOFT","Entire home/apt","nice","france",5,3,2,129,"MID_RANGE","2018-12-26 01:21:38.000","EMMA GIRARD","2018-01-30","TRUE","ELITE","2018-01-31 07:04:57.000"
"BK2026000331","2026-01-20 12:07:09.000",2026,1,4,1430,10,143.00,54,200,254,1684,1176,"CONFIRMED","2026-01-20 14:36:21.000","2026-08-06T10:58:24",500194,10028,"APARTMENT","Entire home/apt","marseille","france",7,3,2,143,"MID_RANGE","2021-05-16 17:53:08.000","NATHAN SIMON","2020-08-26","TRUE","ELITE","2020-09-10 06:55:25.000"
"BK2026000337","2026-06-08 19:16:11.000",2026,6,24,240,4,60.00,10,34,44,284,196,"CANCELLED","2026-06-09 06:54:53.000","2026-08-06T10:58:24",500217,10060,"LOFT","Entire home/apt","lille","france",3,1,1,60,"BUDGET","2023-02-01 11:12:05.000","LOUIS FRANCOIS","2022-10-08","TRUE","ELITE","2022-10-22 01:35:15.000"
"BK2026000343","2026-06-24 10:25:38.000",2026,6,26,1680,14,120.00,46,235,281,1961,1399,"CONFIRMED","2026-06-25 09:01:09.000","2026-08-06T10:58:24",500084,10019,"HOUSE","Entire home/apt","lille","france",6,3,2,120,"MID_RANGE","2024-07-01 19:58:31.000","ROSE GARNIER","2023-12-22","FALSE","ELITE","2023-12-27 08:33:55.000"
"BK2026000346","2026-04-07 23:43:20.000",2026,4,15,174,3,58.00,13,24,37,211,137,"CANCELLED","2026-04-08 12:06:57.000","2026-08-06T10:58:24",500127,10086,"LOFT","Private room","nantes","france",5,3,3,58,"BUDGET","2020-09-05 02:36:24.000","ETHAN VINCENT","2020-02-24","TRUE","ELITE","2020-03-03 23:37:48.000"
"BK2026000355","2026-08-01 16:36:48.000",2026,8,31,191,1,191.00,32,27,59,250,132,"CONFIRMED","2026-08-02 09:04:14.000","2026-08-06T10:58:24",500128,10015,"APARTMENT","Entire home/apt","paris","france",7,3,2,191,"MID_RANGE","2026-05-27 03:18:12.000","CAMILLE BERTRAND","2025-08-24","FALSE","LOW","2025-09-02 13:10:29.000"
"BK2026000358","2026-07-07 10:09:25.000",2026,7,28,812,7,116.00,23,114,137,949,675,"CONFIRMED","2026-07-08 07:15:52.000","2026-08-06T10:58:24",500231,10050,"APARTMENT","Private room","paris","france",5,3,2,116,"MID_RANGE","2023-01-07 01:47:27.000","LINA LEFEBVRE","2021-11-16","FALSE","GOOD","2021-12-02 03:24:57.000"
"BK2026000368","2026-01-31 21:26:17.000",2026,1,5,194,2,97.00,22,27,49,243,145,"CONFIRMED","2026-02-01 19:08:04.000","2026-08-06T10:58:24",500174,10076,"APARTMENT","Hotel room","nice","france",3,2,2,97,"MID_RANGE","2019-05-01 22:43:48.000","CLARA GARNIER","2019-02-22","FALSE","LOW","2019-03-19 18:50:02.000"
"BK2026000369","2026-06-15 11:08:35.000",2026,6,25,134,2,67.00,14,19,33,167,101,"CONFIRMED","2026-06-16 08:38:43.000","2026-08-06T10:58:24",500185,10057,"APARTMENT","Entire home/apt","marseille","france",2,1,1,67,"BUDGET","2021-12-27 19:16:41.000","RAPHAEL FOURNIER","2021-03-08","TRUE","ELITE","2021-03-27 10:05:52.000"
"BK2026000379","2026-03-06 01:56:33.000",2026,3,10,369,3,123.00,49,52,101,470,268,"CONFIRMED","2026-03-06 14:44:35.000","2026-08-06T10:58:24",500006,10029,"VILLA","Entire home/apt","montpellier","france",6,2,1,123,"MID_RANGE","2023-04-11 23:51:12.000","NOAH GAUTHIER","2022-04-02","TRUE","ELITE","2022-04-10 14:18:27.000"
"BK2026000380","2026-01-27 07:30:54.000",2026,1,5,812,7,116.00,43,114,157,969,655,"CANCELLED","2026-01-27 20:27:37.000","2026-08-06T10:58:24",500078,10005,"APARTMENT","Entire home/apt","paris","france",2,1,1,116,"MID_RANGE","2022-11-08 05:50:09.000","NINA RICHARD","2022-01-10","FALSE","LOW","2022-02-02 14:34:07.000"
"BK2026000382","2026-03-02 05:01:41.000",2026,3,10,155,5,31.00,10,22,32,187,123,"CANCELLED","2026-03-02 11:58:00.000","2026-08-06T10:58:24",500106,10078,"APARTMENT","Shared room","strasbourg","france",3,2,2,31,"BUDGET","2023-02-11 09:11:02.000","ENZO LEGRAND","2022-01-23","FALSE","GOOD","2022-01-28 23:33:41.000"
"BK2026000387","2026-05-01 06:50:28.000",2026,5,18,580,4,145.00,31,81,112,692,468,"CONFIRMED","2026-05-01 18:19:34.000","2026-08-06T10:58:24",500294,10063,"APARTMENT","Entire home/apt","paris","france",5,2,2,145,"MID_RANGE","2024-06-12 02:05:04.000","ANTOINE MOREL","2023-06-08","FALSE","LOW","2023-06-30 09:15:17.000"
"BK2026000388","2026-07-03 03:59:53.000",2026,7,27,258,2,129.00,21,36,57,315,201,"CANCELLED","2026-07-03 10:27:57.000","2026-08-06T10:58:24",500076,10009,"LOFT","Entire home/apt","lyon","france",7,3,3,129,"MID_RANGE","2024-07-04 14:06:27.000","LEA MOREL","2023-12-28","FALSE","GOOD","2024-01-05 20:44:35.000"
"BK2026000389","2026-03-22 22:24:57.000",2026,3,12,220,4,55.00,14,31,45,265,175,"CONFIRMED","2026-03-23 18:52:25.000","2026-08-06T10:58:24",500190,10091,"HOUSE","Shared room","paris","france",4,2,2,55,"BUDGET","2024-09-30 09:47:22.000","SACHA GARCIA","2024-04-24","FALSE","LOW","2024-05-11 13:38:38.000"
"BK2026000390","2026-04-14 02:12:49.000",2026,4,16,104,2,52.00,9,15,24,128,80,"CONFIRMED","2026-04-15 00:45:44.000","2026-08-06T10:58:24",500251,10035,"APARTMENT","Private room","bordeaux","france",1,1,1,52,"BUDGET","2022-03-07 12:20:39.000","JADE MICHEL","2021-07-19","FALSE","GOOD","2021-08-07 18:06:04.000"
"BK2026000395","2026-07-06 09:11:19.000",2026,7,28,1075,5,215.00,65,151,216,1291,859,"CONFIRMED","2026-07-06 23:53:47.000","2026-08-06T10:58:24",500173,10013,"APARTMENT","Entire home/apt","paris","france",7,3,2,215,"LUXURY","2024-04-26 20:40:26.000","SIMON ROBERT","2023-09-19","FALSE","LOW","2023-10-09 05:50:43.000"
"BK2026000396","2026-04-18 10:55:33.000",2026,4,16,1110,5,222.00,56,155,211,1321,899,"CONFIRMED","2026-04-18 21:29:35.000","2026-08-06T10:58:24",500077,10083,"LOFT","Entire home/apt","paris","france",6,3,2,222,"LUXURY","2025-11-03 08:03:54.000","RAPHAEL FOURNIER","2025-09-29","FALSE","LOW","2025-10-01 09:14:25.000"
"BK2026000397","2026-07-27 15:49:16.000",2026,7,31,1365,7,195.00,64,191,255,1620,1110,"CONFIRMED","2026-07-28 09:30:23.000","2026-08-06T10:58:24",500227,10052,"HOUSE","Entire home/apt","lyon","france",8,4,2,195,"MID_RANGE","2022-06-11 07:08:11.000","LOUIS FOURNIER","2022-01-31","TRUE","ELITE","2022-03-01 10:39:20.000"
"BK2026000404","2026-05-08 17:56:08.000",2026,5,19,357,3,119.00,21,50,71,428,286,"CONFIRMED","2026-05-09 11:22:12.000","2026-08-06T10:58:24",500122,10059,"LOFT","Entire home/apt","nice","france",4,2,1,119,"MID_RANGE","2023-08-03 01:07:36.000","CAMILLE PETIT","2022-08-25","FALSE","GOOD","2022-09-09 12:15:09.000"
"BK2026000407","2026-01-21 20:05:36.000",2026,1,4,636,3,212.00,32,89,121,757,515,"CONFIRMED","2026-01-22 16:15:36.000","2026-08-06T10:58:24",500126,10029,"APARTMENT","Entire home/apt","paris","france",7,3,3,212,"LUXURY","2023-01-17 06:07:01.000","NOAH GAUTHIER","2022-04-02","TRUE","ELITE","2022-04-10 14:18:27.000"
"BK2026000413","2026-05-13 22:35:00.000",2026,5,20,462,7,66.00,17,65,82,544,380,"CONFIRMED","2026-05-14 17:57:24.000","2026-08-06T10:58:24",500040,10096,"STUDIO","Entire home/apt","toulouse","france",2,0,1,66,"BUDGET","2025-12-27 21:37:07.000","ENZO MOREAU","2025-01-04","FALSE","LOW","2025-01-21 07:41:09.000"
"BK2026000416","2026-02-03 23:56:44.000",2026,2,6,174,1,174.00,69,24,93,267,81,"CONFIRMED","2026-02-04 08:33:16.000","2026-08-06T10:58:24",500253,10092,"HOUSE","Entire home/apt","paris","france",6,3,3,174,"MID_RANGE","2024-02-14 01:18:31.000","LINA THOMAS","2023-11-11","TRUE","ELITE","2023-11-20 18:27:19.000"
"BK2026000419","2026-03-21 16:02:10.000",2026,3,12,368,2,184.00,53,52,105,473,263,"CONFIRMED","2026-03-22 12:45:51.000","2026-08-06T10:58:24",500012,10057,"VILLA","Entire home/apt","paris","france",7,3,2,184,"MID_RANGE","2022-05-01 18:27:31.000","RAPHAEL FOURNIER","2021-03-08","TRUE","ELITE","2021-03-27 10:05:52.000"
"BK2026000428","2026-03-27 00:19:15.000",2026,3,13,125,5,25.00,8,18,26,151,99,"CONFIRMED","2026-03-27 18:31:21.000","2026-08-06T10:58:24",500220,10068,"APARTMENT","Shared room","montpellier","france",3,1,1,25,"BUDGET","2022-10-03 05:12:54.000","YANIS LEROY","2022-05-12","TRUE","ELITE","2022-06-06 12:46:10.000"
"BK2026000429","2026-08-05 23:59:59.000",2026,8,32,300,4,75.00,27,42,69,369,231,"CANCELLED","2026-08-05 23:59:59.000","2026-08-06T10:58:24",500053,10083,"APARTMENT","Entire home/apt","nantes","france",1,1,1,75,"MID_RANGE","2026-08-05 23:59:59.000","RAPHAEL FOURNIER","2025-09-29","FALSE","LOW","2025-10-01 09:14:25.000"
"BK2026000435","2026-01-26 13:31:01.000",2026,1,5,270,3,90.00,18,38,56,326,214,"CONFIRMED","2026-01-27 12:55:14.000","2026-08-06T10:58:24",500002,10053,"HOUSE","Private room","lyon","france",9,4,3,90,"MID_RANGE","2024-04-12 05:46:47.000","NOAH LEROY","2023-09-09","TRUE","ELITE","2023-09-19 12:44:18.000"
"BK2026000437","2026-07-04 22:00:09.000",2026,7,27,426,2,213.00,47,60,107,533,319,"CONFIRMED","2026-07-05 21:11:30.000","2026-08-06T10:58:24",500300,10066,"HOUSE","Entire home/apt","bordeaux","france",9,4,2,213,"LUXURY","2025-03-24 10:58:08.000","NINA BOYER","2024-07-20","FALSE","ELITE","2024-08-04 00:22:19.000"
"BK2026000440","2026-02-08 12:42:14.000",2026,2,6,543,3,181.00,44,76,120,663,423,"CONFIRMED","2026-02-08 14:30:53.000","2026-08-06T10:58:24",500074,10038,"HOUSE","Entire home/apt","marseille","france",10,5,2,181,"MID_RANGE","2026-01-06 06:29:40.000","NOAH MOREAU","2025-06-28","FALSE","LOW","2025-07-06 03:56:06.000"
"BK2026000441","2026-03-14 13:41:07.000",2026,3,11,86,2,43.00,9,12,21,107,65,"CONFIRMED","2026-03-14 18:35:39.000","2026-08-06T10:58:24",500097,10088,"APARTMENT","Private room","lyon","france",2,1,1,43,"BUDGET","2021-05-29 20:22:17.000","MALIK PETIT","2021-01-28","TRUE","GOOD","2021-02-14 09:44:08.000"
"BK2026000442","2026-06-21 02:11:54.000",2026,6,25,426,2,213.00,57,60,117,543,309,"CONFIRMED","2026-06-21 07:44:18.000","2026-08-06T10:58:24",500300,10066,"HOUSE","Entire home/apt","bordeaux","france",9,4,2,213,"LUXURY","2025-03-24 10:58:08.000","NINA BOYER","2024-07-20","FALSE","ELITE","2024-08-04 00:22:19.000"
"BK2026000452","2026-05-20 17:31:48.000",2026,5,21,597,3,199.00,34,84,118,715,479,"CONFIRMED","2026-05-21 15:58:01.000","2026-08-06T10:58:24",500283,10016,"HOUSE","Entire home/apt","lyon","france",10,4,2,199,"MID_RANGE","2023-10-03 17:39:19.000","JULIE MOREAU","2023-08-13","FALSE","GOOD","2023-09-08 20:32:38.000"
"BK2026000455","2026-03-14 02:22:53.000",2026,3,11,92,2,46.00,18,13,31,123,61,"CONFIRMED","2026-03-14 14:36:18.000","2026-08-06T10:58:24",500291,10057,"APARTMENT","Private room","montpellier","france",4,2,1,46,"BUDGET","2021-10-18 00:23:45.000","RAPHAEL FOURNIER","2021-03-08","TRUE","ELITE","2021-03-27 10:05:52.000"
"BK2026000458","2026-05-02 23:27:06.000",2026,5,18,699,3,233.00,36,98,134,833,565,"CONFIRMED","2026-05-03 11:37:13.000","2026-08-06T10:58:24",500150,10020,"APARTMENT","Entire home/apt","paris","france",7,3,3,233,"LUXURY","2020-06-15 20:58:03.000","ETHAN CHEVALIER","2020-05-17","FALSE","GOOD","2020-06-07 20:23:28.000"
"BK2026000462","2026-01-14 00:15:30.000",2026,1,3,1610,7,230.00,61,225,286,1896,1324,"CONFIRMED","2026-01-14 12:55:22.000","2026-08-06T10:58:24",500021,10046,"APARTMENT","Entire home/apt","paris","france",7,3,2,230,"LUXURY","2021-11-26 21:56:49.000","LEA LEFEBVRE","2020-12-28","TRUE","GOOD","2021-01-09 01:54:30.000"
"BK2026000465","2026-07-30 22:50:04.000",2026,7,31,344,4,86.00,34,48,82,426,262,"CONFIRMED","2026-07-31 15:39:53.000","2026-08-06T10:58:24",500112,10069,"APARTMENT","Private room","lyon","france",7,3,3,86,"MID_RANGE","2025-04-21 07:23:16.000","SIMON LEROY","2024-12-23","FALSE","ELITE","2025-01-13 00:05:41.000"
"BK2026000468","2026-08-05 23:59:59.000",2026,8,32,480,3,160.00,35,67,102,582,378,"CONFIRMED","2026-08-05 23:59:59.000","2026-08-06T10:58:24",500043,10083,"HOUSE","Entire home/apt","bordeaux","france",8,4,2,160,"MID_RANGE","2026-08-05 23:59:59.000","RAPHAEL FOURNIER","2025-09-29","FALSE","LOW","2025-10-01 09:14:25.000"
"BK2026000477","2026-03-10 07:36:26.000",2026,3,11,330,2,165.00,56,46,102,432,228,"CONFIRMED","2026-03-10 09:57:27.000","2026-08-06T10:58:24",500199,10089,"APARTMENT","Entire home/apt","paris","france",5,3,2,165,"MID_RANGE","2018-08-02 09:28:05.000","LAURA DURAND","2018-02-20","FALSE","ELITE","2018-03-02 05:03:16.000"
"BK2026000492","2026-05-30 15:59:32.000",2026,5,22,474,6,79.00,17,66,83,557,391,"CONFIRMED","2026-05-31 12:45:15.000","2026-08-06T10:58:24",500030,10036,"APARTMENT","Private room","paris","france",3,2,1,79,"MID_RANGE","2024-08-02 03:00:05.000","MAXIME VINCENT","2023-09-04","TRUE","ELITE","2023-10-02 02:56:15.000"
"BK2026000494","2026-05-29 04:38:22.000",2026,5,22,96,3,32.00,9,13,22,118,74,"CANCELLED","2026-05-29 17:49:15.000","2026-08-06T10:58:24",500048,10077,"APARTMENT","Shared room","paris","france",2,1,1,32,"BUDGET","2025-07-03 05:39:58.000","MANON GARNIER","2025-06-02","FALSE","LOW","2025-06-29 13:52:31.000"
"BK2026000496","2026-03-07 00:00:21.000",2026,3,10,861,7,123.00,43,121,164,1025,697,"CONFIRMED","2026-03-07 23:26:05.000","2026-08-06T10:58:24",500046,10007,"LOFT","Entire home/apt","paris","france",2,1,1,123,"MID_RANGE","2026-02-07 03:23:32.000","NINA ROUX","2025-06-01","TRUE","GOOD","2025-06-03 07:55:06.000"
"BK2026000499","2026-01-28 10:11:33.000",2026,1,5,380,2,190.00,65,53,118,498,262,"CONFIRMED","2026-01-29 00:52:31.000","2026-08-06T10:58:24",500109,10093,"APARTMENT","Entire home/apt","paris","france",7,3,3,190,"MID_RANGE","2025-10-25 04:07:46.000","RAPHAEL LAURENT","2024-11-02","FALSE","LOW","2024-11-10 21:05:10.000"
"BK2026000506","2026-06-02 09:36:02.000",2026,6,23,204,2,102.00,28,29,57,261,147,"CONFIRMED","2026-06-02 21:04:01.000","2026-08-06T10:58:24",500024,10029,"LOFT","Hotel room","lille","france",6,3,2,102,"MID_RANGE","2022-04-17 22:52:34.000","NOAH GAUTHIER","2022-04-02","TRUE","ELITE","2022-04-10 14:18:27.000"
"BK2026000512","2026-03-24 11:47:14.000",2026,3,13,406,2,203.00,36,57,93,499,313,"CONFIRMED","2026-03-24 22:34:51.000","2026-08-06T10:58:24",500196,10055,"HOUSE","Entire home/apt","paris","france",8,4,3,203,"LUXURY","2023-01-28 21:56:00.000","ROSE MOREL","2022-07-22","FALSE","GOOD","2022-07-28 13:50:37.000"
"BK2026000542","2026-08-05 23:59:59.000",2026,8,32,70,2,35.00,6,10,16,86,54,"CONFIRMED","2026-08-05 23:59:59.000","2026-08-06T10:58:24",500133,10085,"APARTMENT","Private room","lille","france",1,1,1,35,"BUDGET","2026-08-05 23:59:59.000","LOUIS LAURENT","2025-11-18","FALSE","LOW","2025-11-21 23:12:20.000"
"BK2026000546","2026-05-21 01:46:14.000",2026,5,21,696,4,174.00,58,97,155,851,541,"CONFIRMED","2026-05-21 13:46:53.000","2026-08-06T10:58:24",500253,10092,"HOUSE","Entire home/apt","paris","france",6,3,3,174,"MID_RANGE","2024-02-14 01:18:31.000","LINA THOMAS","2023-11-11","TRUE","ELITE","2023-11-20 18:27:19.000"
"BK2026000560","2026-08-05 23:59:59.000",2026,8,32,300,4,75.00,14,42,56,356,244,"CONFIRMED","2026-08-05 23:59:59.000","2026-08-06T10:58:24",500053,10083,"APARTMENT","Entire home/apt","nantes","france",1,1,1,75,"MID_RANGE","2026-08-05 23:59:59.000","RAPHAEL FOURNIER","2025-09-29","FALSE","LOW","2025-10-01 09:14:25.000"
"BK2026000564","2026-05-27 01:55:32.000",2026,5,22,218,2,109.00,30,31,61,279,157,"CONFIRMED","2026-05-27 05:37:32.000","2026-08-06T10:58:24",500144,10062,"HOUSE","Private room","strasbourg","france",10,5,3,109,"MID_RANGE","2024-09-12 22:28:21.000","ENZO ROBIN","2024-02-23","FALSE","ELITE","2024-03-02 07:53:40.000"
"BK2026000566","2026-01-17 03:10:03.000",2026,1,3,80,2,40.00,12,11,23,103,57,"CONFIRMED","2026-01-17 22:08:59.000","2026-08-06T10:58:24",500108,10040,"LOFT","Private room","nantes","france",3,1,1,40,"BUDGET","2024-05-28 15:04:07.000","ENZO DUBOIS","2023-06-25","TRUE","GOOD","2023-06-27 20:27:53.000"
"BK2026000580","2026-05-18 18:32:49.000",2026,5,21,72,1,72.00,15,10,25,97,47,"CANCELLED","2026-05-18 22:19:22.000","2026-08-06T10:58:24",500202,10076,"APARTMENT","Entire home/apt","toulouse","france",1,1,1,72,"BUDGET","2019-07-25 12:28:40.000","CLARA GARNIER","2019-02-22","FALSE","LOW","2019-03-19 18:50:02.000"
"BK2026000582","2026-08-05 23:59:59.000",2026,8,32,160,1,160.00,63,22,85,245,75,"CANCELLED","2026-08-05 23:59:59.000","2026-08-06T10:58:24",500043,10083,"HOUSE","Entire home/apt","bordeaux","france",8,4,2,160,"MID_RANGE","2026-08-05 23:59:59.000","RAPHAEL FOURNIER","2025-09-29","FALSE","LOW","2025-10-01 09:14:25.000"
"BK2026000591","2026-03-09 12:58:17.000",2026,3,11,371,7,53.00,17,52,69,440,302,"CONFIRMED","2026-03-10 06:29:51.000","2026-08-06T10:58:24",500212,10016,"APARTMENT","Private room","nantes","france",5,2,1,53,"BUDGET","2024-06-30 16:37:09.000","JULIE MOREAU","2023-08-13","FALSE","GOOD","2023-09-08 20:32:38.000"
"BK2026000594","2026-05-09 23:35:10.000",2026,5,19,134,2,67.00,24,19,43,177,91,"CANCELLED","2026-05-10 06:49:02.000","2026-08-06T10:58:24",500185,10057,"APARTMENT","Entire home/apt","marseille","france",2,1,1,67,"BUDGET","2021-12-27 19:16:41.000","RAPHAEL FOURNIER","2021-03-08","TRUE","ELITE","2021-03-27 10:05:52.000"
"BK2026000598","2026-01-07 13:38:19.000",2026,1,2,327,3,109.00,34,46,80,407,247,"CONFIRMED","2026-01-07 17:42:15.000","2026-08-06T10:58:24",500154,10002,"APARTMENT","Private room","nice","france",6,3,2,109,"MID_RANGE","2024-09-12 23:51:58.000","NOAH LEFEBVRE","2024-08-15","FALSE","LOW","2024-08-22 16:38:01.000"
"BK2026000599","2026-06-04 03:59:53.000",2026,6,23,106,1,106.00,38,15,53,159,53,"CONFIRMED","2026-06-04 21:45:46.000","2026-08-06T10:58:24",500017,10064,"APARTMENT","Entire home/apt","strasbourg","france",4,2,2,106,"MID_RANGE","2024-09-23 22:27:43.000","ADAM ROBERT","2024-01-22","TRUE","GOOD","2024-01-29 12:44:09.000"
"BK2026000600","2026-08-05 23:59:59.000",2026,8,32,350,10,35.00,8,49,57,407,293,"CONFIRMED","2026-08-05 23:59:59.000","2026-08-06T10:58:24",500133,10085,"APARTMENT","Private room","lille","france",1,1,1,35,"BUDGET","2026-08-05 23:59:59.000","LOUIS LAURENT","2025-11-18","FALSE","LOW","2025-11-21 23:12:20.000"
"BK2026000608","2026-05-31 07:44:30.000",2026,5,22,826,7,118.00,42,116,158,984,668,"CONFIRMED","2026-06-01 00:18:16.000","2026-08-06T10:58:24",500041,10093,"APARTMENT","Entire home/apt","paris","france",3,1,1,118,"MID_RANGE","2025-07-15 04:59:16.000","RAPHAEL LAURENT","2024-11-02","FALSE","LOW","2024-11-10 21:05:10.000"
"BK2026000611","2026-07-21 16:05:35.000",2026,7,30,2534,14,181.00,63,355,418,2952,2116,"CONFIRMED","2026-07-22 06:25:45.000","2026-08-06T10:58:24",500074,10038,"HOUSE","Entire home/apt","marseille","france",10,5,2,181,"MID_RANGE","2026-01-06 06:29:40.000","NOAH MOREAU","2025-06-28","FALSE","LOW","2025-07-06 03:56:06.000"
"BK2026000613","2026-02-01 11:15:47.000",2026,2,5,780,4,195.00,47,109,156,936,624,"CONFIRMED","2026-02-02 07:14:30.000","2026-08-06T10:58:24",500227,10052,"HOUSE","Entire home/apt","lyon","france",8,4,2,195,"MID_RANGE","2022-06-11 07:08:11.000","LOUIS FOURNIER","2022-01-31","TRUE","ELITE","2022-03-01 10:39:20.000"
"BK2026000617","2026-02-23 08:40:55.000",2026,2,9,184,2,92.00,16,26,42,226,142,"CANCELLED","2026-02-23 21:53:20.000","2026-08-06T10:58:24",500274,10054,"APARTMENT","Entire home/apt","nantes","france",4,2,1,92,"MID_RANGE","2021-02-05 18:34:50.000","SACHA FOURNIER","2020-02-25","TRUE","ELITE","2020-03-17 23:57:11.000"
"BK2026000619","2026-06-10 21:12:27.000",2026,6,24,210,3,70.00,11,29,40,250,170,"CONFIRMED","2026-06-10 23:12:18.000","2026-08-06T10:58:24",500080,10096,"CONDOMINIUM","Entire home/apt","marseille","france",2,1,1,70,"BUDGET","2025-10-13 16:32:14.000","ENZO MOREAU","2025-01-04","FALSE","LOW","2025-01-21 07:41:09.000"
"BK2026000622","2026-08-05 23:59:59.000",2026,8,32,245,7,35.00,8,34,42,287,203,"CONFIRMED","2026-08-05 23:59:59.000","2026-08-06T10:58:24",500133,10085,"APARTMENT","Private room","lille","france",1,1,1,35,"BUDGET","2026-08-05 23:59:59.000","LOUIS LAURENT","2025-11-18","FALSE","LOW","2025-11-21 23:12:20.000"
"BK2026000624","2026-07-06 01:18:37.000",2026,7,28,456,4,114.00,26,64,90,546,366,"CANCELLED","2026-07-06 01:28:34.000","2026-08-06T10:58:24",500102,10084,"APARTMENT","Entire home/apt","nice","france",2,1,1,114,"MID_RANGE","2026-07-01 01:36:00.000","ANTOINE ANDRE","2025-06-12","FALSE","ELITE","2025-06-23 13:47:35.000"
"BK2026000626","2026-04-03 21:36:02.000",2026,4,14,220,2,110.00,23,31,54,274,166,"CANCELLED","2026-04-04 20:10:51.000","2026-08-06T10:58:24",500065,10022,"APARTMENT","Entire home/apt","toulouse","france",5,3,3,110,"MID_RANGE","2019-02-21 06:55:25.000","EMMA GIRARD","2018-01-30","TRUE","ELITE","2018-01-31 07:04:57.000"
"BK2026000627","2026-06-26 10:50:13.000",2026,6,26,268,2,134.00,27,38,65,333,203,"CONFIRMED","2026-06-26 22:42:36.000","2026-08-06T10:58:24",500086,10084,"CONDOMINIUM","Entire home/apt","paris","france",2,1,1,134,"MID_RANGE","2025-08-22 22:36:51.000","ANTOINE ANDRE","2025-06-12","FALSE","ELITE","2025-06-23 13:47:35.000"
"BK2026000630","2026-01-08 09:22:49.000",2026,1,2,840,7,120.00,39,118,157,997,683,"CONFIRMED","2026-01-09 08:02:48.000","2026-08-06T10:58:24",500084,10019,"HOUSE","Entire home/apt","lille","france",6,3,2,120,"MID_RANGE","2024-07-01 19:58:31.000","ROSE GARNIER","2023-12-22","FALSE","ELITE","2023-12-27 08:33:55.000"
"BK2026000641","2026-08-05 23:59:59.000",2026,8,32,2240,14,160.00,59,314,373,2613,1867,"CONFIRMED","2026-08-05 23:59:59.000","2026-08-06T10:58:24",500043,10083,"HOUSE","Entire home/apt","bordeaux","france",8,4,2,160,"MID_RANGE","2026-08-05 23:59:59.000","RAPHAEL FOURNIER","2025-09-29","FALSE","LOW","2025-10-01 09:14:25.000"
"BK2026000647","2026-07-24 17:53:32.000",2026,7,30,596,4,149.00,33,83,116,712,480,"CONFIRMED","2026-07-25 07:25:57.000","2026-08-06T10:58:24",500103,10047,"APARTMENT","Entire home/apt","paris","france",5,2,2,149,"MID_RANGE","2023-11-21 15:30:47.000","VICTOR GIRARD","2023-03-01","TRUE","GOOD","2023-03-08 00:42:12.000"
"BK2026000654","2026-02-28 06:53:12.000",2026,2,9,555,5,111.00,43,78,121,676,434,"CONFIRMED","2026-03-01 01:50:53.000","2026-08-06T10:58:24",500270,10077,"APARTMENT","Entire home/apt","lyon","france",3,1,1,111,"MID_RANGE","2025-11-09 03:17:55.000","MANON GARNIER","2025-06-02","FALSE","LOW","2025-06-29 13:52:31.000"
"BK2026000655","2026-05-31 11:51:05.000",2026,5,22,282,3,94.00,19,39,58,340,224,"CONFIRMED","2026-05-31 13:08:31.000","2026-08-06T10:58:24",500216,10010,"APARTMENT","Entire home/apt","bordeaux","france",1,1,1,94,"MID_RANGE","2018-10-05 22:30:13.000","CHLOE MICHEL","2018-08-18","TRUE","GOOD","2018-09-12 10:25:17.000"
"BK2026000681","2026-07-16 21:54:48.000",2026,7,29,2156,14,154.00,56,302,358,2514,1798,"CONFIRMED","2026-07-17 09:25:49.000","2026-08-06T10:58:24",500266,10100,"HOUSE","Entire home/apt","montpellier","france",8,3,2,154,"MID_RANGE","2018-05-17 01:53:39.000","ENZO DUBOIS","2018-04-16","TRUE","ELITE","2018-05-12 18:37:01.000"
"BK2026000682","2026-04-14 05:51:28.000",2026,4,16,636,3,212.00,71,89,160,796,476,"CONFIRMED","2026-04-15 01:57:45.000","2026-08-06T10:58:24",500126,10029,"APARTMENT","Entire home/apt","paris","france",7,3,3,212,"LUXURY","2023-01-17 06:07:01.000","NOAH GAUTHIER","2022-04-02","TRUE","ELITE","2022-04-10 14:18:27.000"
"BK2026000683","2026-04-21 13:03:12.000",2026,4,17,1450,10,145.00,34,203,237,1687,1213,"CONFIRMED","2026-04-21 21:22:24.000","2026-08-06T10:58:24",500279,10069,"APARTMENT","Entire home/apt","paris","france",5,2,1,145,"MID_RANGE","2025-01-15 20:51:56.000","SIMON LEROY","2024-12-23","FALSE","ELITE","2025-01-13 00:05:41.000"
"BK2026000688","2026-07-12 12:57:17.000",2026,7,28,1810,10,181.00,40,253,293,2103,1517,"CONFIRMED","2026-07-12 20:49:00.000","2026-08-06T10:58:24",500074,10038,"HOUSE","Entire home/apt","marseille","france",10,5,2,181,"MID_RANGE","2026-01-06 06:29:40.000","NOAH MOREAU","2025-06-28","FALSE","LOW","2025-07-06 03:56:06.000"
"BK2026000690","2026-06-17 17:09:53.000",2026,6,25,324,6,54.00,11,45,56,380,268,"CONFIRMED","2026-06-18 02:28:58.000","2026-08-06T10:58:24",500166,10056,"STUDIO","Hotel room","nantes","france",1,0,1,54,"BUDGET","2024-03-15 23:01:10.000","INES RICHARD","2023-03-20","TRUE","ELITE","2023-03-26 16:30:50.000"
"BK2026000695","2026-08-03 17:01:38.000",2026,8,32,340,2,170.00,38,48,86,426,254,"CONFIRMED","2026-08-03 18:09:25.000","2026-08-06T10:58:24",500139,10023,"APARTMENT","Entire home/apt","nice","france",5,2,2,170,"MID_RANGE","2019-04-21 13:40:00.000","SARAH LEGRAND","2018-10-18","TRUE","GOOD","2018-11-08 15:13:34.000"
"BK2026000696","2026-03-05 03:45:53.000",2026,3,10,213,1,213.00,43,30,73,286,140,"CONFIRMED","2026-03-05 08:00:50.000","2026-08-06T10:58:24",500300,10066,"HOUSE","Entire home/apt","bordeaux","france",9,4,2,213,"LUXURY","2025-03-24 10:58:08.000","NINA BOYER","2024-07-20","FALSE","ELITE","2024-08-04 00:22:19.000"
"BK2026000697","2026-03-17 12:52:00.000",2026,3,12,980,14,70.00,11,137,148,1128,832,"CONFIRMED","2026-03-17 15:56:00.000","2026-08-06T10:58:24",500080,10096,"CONDOMINIUM","Entire home/apt","marseille","france",2,1,1,70,"BUDGET","2025-10-13 16:32:14.000","ENZO MOREAU","2025-01-04","FALSE","LOW","2025-01-21 07:41:09.000"
"BK2026000698","2026-02-21 17:22:07.000",2026,2,8,118,2,59.00,10,17,27,145,91,"CONFIRMED","2026-02-22 05:26:06.000","2026-08-06T10:58:24",500079,10097,"APARTMENT","Private room","nice","france",3,1,1,59,"BUDGET","2019-05-16 13:49:01.000","MARIE CHEVALIER","2018-10-20","TRUE","GOOD","2018-11-08 23:52:36.000"
"BK2026000708","2026-01-17 19:18:18.000",2026,1,3,348,6,58.00,23,49,72,420,276,"CONFIRMED","2026-01-17 23:16:14.000","2026-08-06T10:58:24",500055,10009,"HOUSE","Private room","marseille","france",5,2,1,58,"BUDGET","2024-08-23 21:47:58.000","LEA MOREL","2023-12-28","FALSE","GOOD","2024-01-05 20:44:35.000"
"BK2026000717","2026-05-23 06:31:40.000",2026,5,21,85,1,85.00,22,12,34,119,51,"CONFIRMED","2026-05-23 10:45:15.000","2026-08-06T10:58:24",500057,10074,"APARTMENT","Entire home/apt","nice","france",1,1,1,85,"MID_RANGE","2023-10-01 21:50:39.000","INES FOURNIER","2023-03-20","FALSE","GOOD","2023-04-08 23:45:07.000"
"BK2026000718","2026-06-01 11:13:24.000",2026,6,23,68,1,68.00,26,10,36,104,32,"CANCELLED","2026-06-01 22:17:50.000","2026-08-06T10:58:24",500169,10091,"STUDIO","Private room","paris","france",1,0,1,68,"BUDGET","2024-07-22 09:57:53.000","SACHA GARCIA","2024-04-24","FALSE","LOW","2024-05-11 13:38:38.000"
"BK2026000719","2026-04-13 23:56:50.000",2026,4,16,60,1,60.00,10,8,18,78,42,"CONFIRMED","2026-04-14 13:27:09.000","2026-08-06T10:58:24",500042,10045,"APARTMENT","Private room","lille","france",5,3,3,60,"BUDGET","2020-11-29 19:39:04.000","ZOE DAVID","2019-10-28","FALSE","LOW","2019-11-02 23:59:21.000"
"BK2026000721","2026-03-12 05:46:31.000",2026,3,11,366,6,61.00,20,51,71,437,295,"CONFIRMED","2026-03-12 22:54:38.000","2026-08-06T10:58:24",500010,10042,"CONDOMINIUM","Entire home/apt","lille","france",3,2,2,61,"BUDGET","2025-06-02 14:43:07.000","JADE DUBOIS","2024-04-16","TRUE","GOOD","2024-05-16 22:57:09.000"
"BK2026000725","2026-07-10 16:44:26.000",2026,7,28,52,1,52.00,11,7,18,70,34,"CONFIRMED","2026-07-11 15:32:18.000","2026-08-06T10:58:24",500204,10038,"STUDIO","Private room","nice","france",1,0,1,52,"BUDGET","2025-11-06 19:36:44.000","NOAH MOREAU","2025-06-28","FALSE","LOW","2025-07-06 03:56:06.000"
"BK2026000726","2026-06-17 19:03:39.000",2026,6,25,810,10,81.00,28,113,141,951,669,"CONFIRMED","2026-06-18 12:00:56.000","2026-08-06T10:58:24",500183,10083,"APARTMENT","Entire home/apt","strasbourg","france",3,2,1,81,"MID_RANGE","2026-05-20 04:18:20.000","RAPHAEL FOURNIER","2025-09-29","FALSE","LOW","2025-10-01 09:14:25.000"
"BK2026000727","2026-04-17 01:46:32.000",2026,4,16,123,1,123.00,46,17,63,186,60,"CONFIRMED","2026-04-17 09:51:45.000","2026-08-06T10:58:24",500164,10019,"APARTMENT","Entire home/apt","paris","france",3,2,2,123,"MID_RANGE","2024-05-02 08:14:26.000","ROSE GARNIER","2023-12-22","FALSE","ELITE","2023-12-27 08:33:55.000"
"BK2026000736","2026-03-18 05:49:21.000",2026,3,12,95,1,95.00,14,13,27,122,68,"CONFIRMED","2026-03-18 21:30:15.000","2026-08-06T10:58:24",500165,10077,"APARTMENT","Entire home/apt","bordeaux","france",2,1,1,95,"MID_RANGE","2026-01-10 00:20:52.000","MANON GARNIER","2025-06-02","FALSE","LOW","2025-06-29 13:52:31.000"
"BK2026000738","2026-08-05 23:59:59.000",2026,8,32,70,2,35.00,11,10,21,91,49,"CONFIRMED","2026-08-05 23:59:59.000","2026-08-06T10:58:24",500133,10085,"APARTMENT","Private room","lille","france",1,1,1,35,"BUDGET","2026-08-05 23:59:59.000","LOUIS LAURENT","2025-11-18","FALSE","LOW","2025-11-21 23:12:20.000"
"BK2026000744","2026-07-17 15:29:39.000",2026,7,29,237,3,79.00,23,33,56,293,181,"CONFIRMED","2026-07-18 04:18:20.000","2026-08-06T10:58:24",500261,10098,"APARTMENT","Entire home/apt","marseille","france",1,1,1,79,"MID_RANGE","2020-01-08 17:07:26.000","JADE GAUTHIER","2019-05-25","TRUE","GOOD","2019-06-16 12:17:32.000"
"BK2026000748","2026-03-28 04:00:27.000",2026,3,13,490,5,98.00,30,69,99,589,391,"CONFIRMED","2026-03-28 11:37:19.000","2026-08-06T10:58:24",500287,10038,"APARTMENT","Private room","paris","france",6,3,3,98,"MID_RANGE","2025-07-13 01:02:04.000","NOAH MOREAU","2025-06-28","FALSE","LOW","2025-07-06 03:56:06.000"
"BK2026000757","2026-06-16 13:23:28.000",2026,6,25,861,7,123.00,41,121,162,1023,699,"CANCELLED","2026-06-17 02:56:45.000","2026-08-06T10:58:24",500164,10019,"APARTMENT","Entire home/apt","paris","france",3,2,2,123,"MID_RANGE","2024-05-02 08:14:26.000","ROSE GARNIER","2023-12-22","FALSE","ELITE","2023-12-27 08:33:55.000"
"BK2026000758","2026-01-05 17:21:51.000",2026,1,2,93,3,31.00,6,13,19,112,74,"CONFIRMED","2026-01-06 01:18:01.000","2026-08-06T10:58:24",500295,10074,"APARTMENT","Shared room","toulouse","france",5,2,1,31,"BUDGET","2024-04-15 07:15:29.000","INES FOURNIER","2023-03-20","FALSE","GOOD","2023-04-08 23:45:07.000"
"BK2026000767","2026-05-10 14:53:56.000",2026,5,19,124,2,62.00,16,17,33,157,91,"CONFIRMED","2026-05-11 11:31:11.000","2026-08-06T10:58:24",500252,10008,"STUDIO","Entire home/apt","lille","france",2,0,1,62,"BUDGET","2023-03-24 19:40:11.000","CHLOE SIMON","2023-02-01","FALSE","GOOD","2023-02-12 06:42:17.000"
"BK2026000771","2026-04-10 10:52:40.000",2026,4,15,316,2,158.00,35,44,79,395,237,"CONFIRMED","2026-04-10 12:28:29.000","2026-08-06T10:58:24",500248,10063,"APARTMENT","Entire home/apt","paris","france",5,2,2,158,"MID_RANGE","2023-07-13 15:25:57.000","ANTOINE MOREL","2023-06-08","FALSE","LOW","2023-06-30 09:15:17.000"
"BK2026000779","2026-03-27 13:12:29.000",2026,3,13,651,7,93.00,28,91,119,770,532,"CONFIRMED","2026-03-27 20:06:07.000","2026-08-06T10:58:24",500259,10003,"STUDIO","Entire home/apt","lyon","france",2,0,1,93,"MID_RANGE","2025-08-27 13:11:42.000","CAMILLE SIMON","2025-04-15","FALSE","GOOD","2025-05-03 08:51:55.000"
"BK2026000780","2026-03-27 06:55:10.000",2026,3,13,990,6,165.00,37,139,176,1166,814,"CONFIRMED","2026-03-27 15:36:46.000","2026-08-06T10:58:24",500160,10092,"APARTMENT","Entire home/apt","paris","france",5,3,3,165,"MID_RANGE","2024-01-13 20:27:38.000","LINA THOMAS","2023-11-11","TRUE","ELITE","2023-11-20 18:27:19.000"
"BK2026000784","2026-01-18 04:47:14.000",2026,1,3,472,4,118.00,20,66,86,558,386,"CONFIRMED","2026-01-18 21:34:07.000","2026-08-06T10:58:24",500288,10015,"HOUSE","Entire home/apt","lille","france",6,2,1,118,"MID_RANGE","2025-10-23 21:51:43.000","CAMILLE BERTRAND","2025-08-24","FALSE","LOW","2025-09-02 13:10:29.000"
"BK2026000785","2026-01-22 07:27:34.000",2026,1,4,184,4,46.00,12,26,38,222,146,"CONFIRMED","2026-01-22 08:48:18.000","2026-08-06T10:58:24",500291,10057,"APARTMENT","Private room","montpellier","france",4,2,1,46,"BUDGET","2021-10-18 00:23:45.000","RAPHAEL FOURNIER","2021-03-08","TRUE","ELITE","2021-03-27 10:05:52.000"
"BK2026000788","2026-04-03 02:25:07.000",2026,4,14,132,2,66.00,22,18,40,172,92,"CONFIRMED","2026-04-03 05:28:03.000","2026-08-06T10:58:24",500040,10096,"STUDIO","Entire home/apt","toulouse","france",2,0,1,66,"BUDGET","2025-12-27 21:37:07.000","ENZO MOREAU","2025-01-04","FALSE","LOW","2025-01-21 07:41:09.000"
"BK2026000793","2026-01-01 02:40:22.000",2026,1,1,330,2,165.00,44,46,90,420,240,"CONFIRMED","2026-01-01 21:50:26.000","2026-08-06T10:58:24",500160,10092,"APARTMENT","Entire home/apt","paris","france",5,3,3,165,"MID_RANGE","2024-01-13 20:27:38.000","LINA THOMAS","2023-11-11","TRUE","ELITE","2023-11-20 18:27:19.000"
"BK2026000796","2026-08-05 23:59:59.000",2026,8,32,300,4,75.00,14,42,56,356,244,"CONFIRMED","2026-08-05 23:59:59.000","2026-08-06T10:58:24",500053,10083,"APARTMENT","Entire home/apt","nantes","france",1,1,1,75,"MID_RANGE","2026-08-05 23:59:59.000","RAPHAEL FOURNIER","2025-09-29","FALSE","LOW","2025-10-01 09:14:25.000"
"BK2026000801","2026-04-27 23:58:11.000",2026,4,18,905,5,181.00,38,127,165,1070,740,"CONFIRMED","2026-04-28 20:20:22.000","2026-08-06T10:58:24",500074,10038,"HOUSE","Entire home/apt","marseille","france",10,5,2,181,"MID_RANGE","2026-01-06 06:29:40.000","NOAH MOREAU","2025-06-28","FALSE","LOW","2025-07-06 03:56:06.000"
"BK2026000834","2026-08-05 23:59:59.000",2026,8,32,245,7,35.00,10,34,44,289,201,"CONFIRMED","2026-08-05 23:59:59.000","2026-08-06T10:58:24",500133,10085,"APARTMENT","Private room","lille","france",1,1,1,35,"BUDGET","2026-08-05 23:59:59.000","LOUIS LAURENT","2025-11-18","FALSE","LOW","2025-11-21 23:12:20.000"
"BK2026000840","2026-06-02 00:55:22.000",2026,6,23,258,3,86.00,14,36,50,308,208,"CONFIRMED","2026-06-02 13:28:08.000","2026-08-06T10:58:24",500269,10036,"STUDIO","Entire home/apt","nice","france",2,0,1,86,"MID_RANGE","2024-10-27 10:53:18.000","MAXIME VINCENT","2023-09-04","TRUE","ELITE","2023-10-02 02:56:15.000"
"BK2026000841","2026-01-04 01:46:35.000",2026,1,1,354,3,118.00,18,50,68,422,286,"CANCELLED","2026-01-05 01:28:22.000","2026-08-06T10:58:24",500041,10093,"APARTMENT","Entire home/apt","paris","france",3,1,1,118,"MID_RANGE","2025-07-15 04:59:16.000","RAPHAEL LAURENT","2024-11-02","FALSE","LOW","2024-11-10 21:05:10.000"
"BK2026000842","2026-02-21 08:49:28.000",2026,2,8,472,4,118.00,47,66,113,585,359,"CONFIRMED","2026-02-22 07:40:31.000","2026-08-06T10:58:24",500041,10093,"APARTMENT","Entire home/apt","paris","france",3,1,1,118,"MID_RANGE","2025-07-15 04:59:16.000","RAPHAEL LAURENT","2024-11-02","FALSE","LOW","2024-11-10 21:05:10.000"
"BK2026000843","2026-04-28 13:47:14.000",2026,4,18,670,10,67.00,15,94,109,779,561,"CONFIRMED","2026-04-28 22:19:56.000","2026-08-06T10:58:24",500192,10049,"HOUSE","Private room","marseille","france",5,2,2,67,"BUDGET","2019-11-22 22:33:26.000","ROSE GARNIER","2019-04-18","FALSE","GOOD","2019-05-18 08:02:06.000"
"BK2026000848","2026-07-19 00:02:41.000",2026,7,29,67,1,67.00,24,9,33,100,34,"CANCELLED","2026-07-19 17:24:46.000","2026-08-06T10:58:24",500088,10092,"APARTMENT","Private room","marseille","france",5,2,2,67,"BUDGET","2024-08-28 11:46:16.000","LINA THOMAS","2023-11-11","TRUE","ELITE","2023-11-20 18:27:19.000"
"BK2026000864","2026-06-21 11:18:03.000",2026,6,25,162,2,81.00,14,23,37,199,125,"CONFIRMED","2026-06-22 02:15:48.000","2026-08-06T10:58:24",500073,10080,"APARTMENT","Private room","marseille","france",7,3,2,81,"MID_RANGE","2023-11-30 03:27:33.000","ANTOINE BERNARD","2023-01-21","TRUE","ELITE","2023-02-08 19:42:24.000"
"BK2026000870","2026-02-12 23:07:51.000",2026,2,7,448,4,112.00,27,63,90,538,358,"CONFIRMED","2026-02-13 09:22:10.000","2026-08-06T10:58:24",500249,10038,"APARTMENT","Entire home/apt","montpellier","france",4,2,2,112,"MID_RANGE","2025-11-18 06:37:40.000","NOAH MOREAU","2025-06-28","FALSE","LOW","2025-07-06 03:56:06.000"
"BK2026000873","2026-04-20 15:11:33.000",2026,4,17,135,1,135.00,47,19,66,201,69,"CONFIRMED","2026-04-20 22:28:24.000","2026-08-06T10:58:24",500284,10003,"APARTMENT","Entire home/apt","paris","france",3,1,1,135,"MID_RANGE","2025-07-20 15:36:38.000","CAMILLE SIMON","2025-04-15","FALSE","GOOD","2025-05-03 08:51:55.000"
"BK2026000884","2026-06-02 19:32:28.000",2026,6,23,198,3,66.00,22,28,50,248,148,"CONFIRMED","2026-06-03 09:51:55.000","2026-08-06T10:58:24",500135,10036,"STUDIO","Private room","paris","france",1,0,1,66,"BUDGET","2023-10-10 10:09:19.000","MAXIME VINCENT","2023-09-04","TRUE","ELITE","2023-10-02 02:56:15.000"
"BK2026000886","2026-07-27 12:55:20.000",2026,7,31,305,5,61.00,13,43,56,361,249,"CONFIRMED","2026-07-27 23:23:10.000","2026-08-06T10:58:24",500010,10042,"CONDOMINIUM","Entire home/apt","lille","france",3,2,2,61,"BUDGET","2025-06-02 14:43:07.000","JADE DUBOIS","2024-04-16","TRUE","GOOD","2024-05-16 22:57:09.000"
"BK2026000891","2026-04-23 06:27:03.000",2026,4,17,327,3,109.00,25,46,71,398,256,"CONFIRMED","2026-04-24 00:00:55.000","2026-08-06T10:58:24",500154,10002,"APARTMENT","Private room","nice","france",6,3,2,109,"MID_RANGE","2024-09-12 23:51:58.000","NOAH LEFEBVRE","2024-08-15","FALSE","LOW","2024-08-22 16:38:01.000"
"BK2026000898","2026-02-01 06:45:47.000",2026,2,5,1194,6,199.00,67,167,234,1428,960,"CANCELLED","2026-02-01 19:22:05.000","2026-08-06T10:58:24",500094,10033,"CONDOMINIUM","Entire home/apt","paris","france",6,3,2,199,"MID_RANGE","2019-08-20 20:16:14.000","ZOE ROBIN","2019-05-07","FALSE","GOOD","2019-05-26 01:39:05.000"
"BK2026000900","2026-01-18 10:30:09.000",2026,1,3,1043,7,149.00,49,146,195,1238,848,"CONFIRMED","2026-01-18 14:43:28.000","2026-08-06T10:58:24",500103,10047,"APARTMENT","Entire home/apt","paris","france",5,2,2,149,"MID_RANGE","2023-11-21 15:30:47.000","VICTOR GIRARD","2023-03-01","TRUE","GOOD","2023-03-08 00:42:12.000"
"BK2026000902","2026-07-21 04:54:33.000",2026,7,30,198,2,99.00,19,28,47,245,151,"CANCELLED","2026-07-21 11:43:55.000","2026-08-06T10:58:24",500162,10012,"APARTMENT","Entire home/apt","lyon","france",4,2,1,99,"MID_RANGE","2021-05-06 21:12:20.000","LEA LEROY","2020-10-07","FALSE","GOOD","2020-10-20 18:25:23.000"
"BK2026000906","2026-07-07 11:43:59.000",2026,7,28,234,2,117.00,21,33,54,288,180,"CONFIRMED","2026-07-08 00:35:25.000","2026-08-06T10:58:24",500047,10035,"APARTMENT","Entire home/apt","paris","france",2,1,1,117,"MID_RANGE","2022-01-11 19:20:29.000","JADE MICHEL","2021-07-19","FALSE","GOOD","2021-08-07 18:06:04.000"
"BK2026000909","2026-06-08 20:16:20.000",2026,6,24,174,3,58.00,9,24,33,207,141,"CONFIRMED","2026-06-09 19:58:38.000","2026-08-06T10:58:24",500066,10030,"APARTMENT","Private room","bordeaux","france",3,2,2,58,"BUDGET","2020-08-14 16:07:36.000","JADE THOMAS","2019-09-27","TRUE","GOOD","2019-10-27 01:37:47.000"
"BK2026000910","2026-08-05 09:03:37.000",2026,8,32,282,3,94.00,18,39,57,339,225,"CONFIRMED","2026-08-05 23:59:59.000","2026-08-06T10:58:24",500191,10017,"LOFT","Private room","paris","france",6,3,3,94,"MID_RANGE","2023-02-17 19:11:27.000","LOUIS MERCIER","2022-03-12","FALSE","LOW","2022-03-31 10:31:01.000"
"BK2026000917","2026-05-18 10:43:23.000",2026,5,21,1806,14,129.00,41,253,294,2100,1512,"CONFIRMED","2026-05-18 15:03:50.000","2026-08-06T10:58:24",500095,10022,"LOFT","Entire home/apt","nice","france",5,3,2,129,"MID_RANGE","2018-12-26 01:21:38.000","EMMA GIRARD","2018-01-30","TRUE","ELITE","2018-01-31 07:04:57.000"
"BK2026000919","2026-06-17 08:23:30.000",2026,6,25,362,2,181.00,45,51,96,458,266,"CONFIRMED","2026-06-18 00:17:52.000","2026-08-06T10:58:24",500074,10038,"HOUSE","Entire home/apt","marseille","france",10,5,2,181,"MID_RANGE","2026-01-06 06:29:40.000","NOAH MOREAU","2025-06-28","FALSE","LOW","2025-07-06 03:56:06.000"
"BK2026000925","2026-01-03 22:23:12.000",2026,1,1,812,7,116.00,28,114,142,954,670,"CONFIRMED","2026-01-04 09:33:18.000","2026-08-06T10:58:24",500078,10005,"APARTMENT","Entire home/apt","paris","france",2,1,1,116,"MID_RANGE","2022-11-08 05:50:09.000","NINA RICHARD","2022-01-10","FALSE","LOW","2022-02-02 14:34:07.000"
"BK2026000926","2026-05-24 22:54:06.000",2026,5,21,118,2,59.00,23,17,40,158,78,"CONFIRMED","2026-05-25 05:11:09.000","2026-08-06T10:58:24",500085,10005,"HOUSE","Shared room","bordeaux","france",9,4,2,59,"BUDGET","2022-11-01 01:59:27.000","NINA RICHARD","2022-01-10","FALSE","LOW","2022-02-02 14:34:07.000"
"BK2026000931","2026-05-07 07:35:17.000",2026,5,19,261,3,87.00,28,37,65,326,196,"CONFIRMED","2026-05-08 03:42:50.000","2026-08-06T10:58:24",500064,10005,"STUDIO","Entire home/apt","nice","france",2,0,1,87,"MID_RANGE","2023-01-23 10:26:04.000","NINA RICHARD","2022-01-10","FALSE","LOW","2022-02-02 14:34:07.000"
"BK2026000935","2026-08-05 23:59:59.000",2026,8,32,525,7,75.00,16,74,90,615,435,"CONFIRMED","2026-08-05 23:59:59.000","2026-08-06T10:58:24",500053,10083,"APARTMENT","Entire home/apt","nantes","france",1,1,1,75,"MID_RANGE","2026-08-05 23:59:59.000","RAPHAEL FOURNIER","2025-09-29","FALSE","LOW","2025-10-01 09:14:25.000"
"BK2026000936","2026-05-17 06:55:54.000",2026,5,20,237,3,79.00,26,33,59,296,178,"CONFIRMED","2026-05-18 03:28:15.000","2026-08-06T10:58:24",500030,10036,"APARTMENT","Private room","paris","france",3,2,1,79,"MID_RANGE","2024-08-02 03:00:05.000","MAXIME VINCENT","2023-09-04","TRUE","ELITE","2023-10-02 02:56:15.000"
"BK2026000941","2026-05-18 17:48:49.000",2026,5,21,332,2,166.00,51,46,97,429,235,"CONFIRMED","2026-05-19 07:39:50.000","2026-08-06T10:58:24",500222,10017,"APARTMENT","Entire home/apt","paris","france",5,2,2,166,"MID_RANGE","2022-08-17 17:35:13.000","LOUIS MERCIER","2022-03-12","FALSE","LOW","2022-03-31 10:31:01.000"
"BK2026000944","2026-05-03 15:03:06.000",2026,5,18,738,6,123.00,44,103,147,885,591,"CONFIRMED","2026-05-03 19:01:52.000","2026-08-06T10:58:24",500046,10007,"LOFT","Entire home/apt","paris","france",2,1,1,123,"MID_RANGE","2026-02-07 03:23:32.000","NINA ROUX","2025-06-01","TRUE","GOOD","2025-06-03 07:55:06.000"
"BK2026000946","2026-07-31 11:37:49.000",2026,7,31,1290,6,215.00,84,181,265,1555,1025,"CONFIRMED","2026-07-31 18:15:08.000","2026-08-06T10:58:24",500173,10013,"APARTMENT","Entire home/apt","paris","france",7,3,2,215,"LUXURY","2024-04-26 20:40:26.000","SIMON ROBERT","2023-09-19","FALSE","LOW","2023-10-09 05:50:43.000"
"BK2026000953","2026-06-23 01:58:02.000",2026,6,26,462,7,66.00,21,65,86,548,376,"CONFIRMED","2026-06-23 05:56:52.000","2026-08-06T10:58:24",500040,10096,"STUDIO","Entire home/apt","toulouse","france",2,0,1,66,"BUDGET","2025-12-27 21:37:07.000","ENZO MOREAU","2025-01-04","FALSE","LOW","2025-01-21 07:41:09.000"
"BK2026000956","2026-02-27 18:43:07.000",2026,2,9,686,7,98.00,26,96,122,808,564,"CONFIRMED","2026-02-28 16:05:11.000","2026-08-06T10:58:24",500287,10038,"APARTMENT","Private room","paris","france",6,3,3,98,"MID_RANGE","2025-07-13 01:02:04.000","NOAH MOREAU","2025-06-28","FALSE","LOW","2025-07-06 03:56:06.000"
"BK2026000959","2026-03-07 21:51:23.000",2026,3,10,495,5,99.00,24,69,93,588,402,"CONFIRMED","2026-03-08 16:55:56.000","2026-08-06T10:58:24",500162,10012,"APARTMENT","Entire home/apt","lyon","france",4,2,1,99,"MID_RANGE","2021-05-06 21:12:20.000","LEA LEROY","2020-10-07","FALSE","GOOD","2020-10-20 18:25:23.000"
"BK2026000960","2026-07-17 22:23:21.000",2026,7,29,106,2,53.00,16,15,31,137,75,"CONFIRMED","2026-07-18 03:25:02.000","2026-08-06T10:58:24",500212,10016,"APARTMENT","Private room","nantes","france",5,2,1,53,"BUDGET","2024-06-30 16:37:09.000","JULIE MOREAU","2023-08-13","FALSE","GOOD","2023-09-08 20:32:38.000"
"BK2026000964","2026-06-06 13:30:55.000",2026,6,23,258,2,129.00,19,36,55,313,203,"CANCELLED","2026-06-06 13:51:19.000","2026-08-06T10:58:24",500032,10077,"STUDIO","Entire home/apt","paris","france",1,0,1,129,"MID_RANGE","2025-08-25 11:47:32.000","MANON GARNIER","2025-06-02","FALSE","LOW","2025-06-29 13:52:31.000"
"BK2026000969","2026-01-01 16:40:32.000",2026,1,1,540,4,135.00,32,76,108,648,432,"CONFIRMED","2026-01-02 07:53:22.000","2026-08-06T10:58:24",500281,10094,"APARTMENT","Entire home/apt","marseille","france",5,3,3,135,"MID_RANGE","2024-11-29 02:32:50.000","LAURA VINCENT","2024-03-10","TRUE","GOOD","2024-03-23 14:44:38.000"
"BK2026000971","2026-05-24 18:57:36.000",2026,5,21,380,4,95.00,24,53,77,457,303,"CONFIRMED","2026-05-25 04:17:44.000","2026-08-06T10:58:24",500165,10077,"APARTMENT","Entire home/apt","bordeaux","france",2,1,1,95,"MID_RANGE","2026-01-10 00:20:52.000","MANON GARNIER","2025-06-02","FALSE","LOW","2025-06-29 13:52:31.000"
"BK2026000973","2026-06-28 17:16:02.000",2026,6,26,472,4,118.00,41,66,107,579,365,"CONFIRMED","2026-06-29 10:09:04.000","2026-08-06T10:58:24",500288,10015,"HOUSE","Entire home/apt","lille","france",6,2,1,118,"MID_RANGE","2025-10-23 21:51:43.000","CAMILLE BERTRAND","2025-08-24","FALSE","LOW","2025-09-02 13:10:29.000"
"BK2026000983","2026-04-01 12:55:02.000",2026,4,14,364,7,52.00,11,51,62,426,302,"CONFIRMED","2026-04-01 19:00:37.000","2026-08-06T10:58:24",500204,10038,"STUDIO","Private room","nice","france",1,0,1,52,"BUDGET","2025-11-06 19:36:44.000","NOAH MOREAU","2025-06-28","FALSE","LOW","2025-07-06 03:56:06.000"
"BK2026000985","2026-03-19 04:37:41.000",2026,3,12,75,3,25.00,5,11,16,91,59,"CONFIRMED","2026-03-20 02:37:13.000","2026-08-06T10:58:24",500035,10085,"APARTMENT","Shared room","marseille","france",2,1,1,25,"BUDGET","2026-01-16 14:58:18.000","LOUIS LAURENT","2025-11-18","FALSE","LOW","2025-11-21 23:12:20.000"
"BK2026000987","2026-06-02 11:34:12.000",2026,6,23,447,3,149.00,58,63,121,568,326,"CONFIRMED","2026-06-02 17:14:24.000","2026-08-06T10:58:24",500103,10047,"APARTMENT","Entire home/apt","paris","france",5,2,2,149,"MID_RANGE","2023-11-21 15:30:47.000","VICTOR GIRARD","2023-03-01","TRUE","GOOD","2023-03-08 00:42:12.000"
